Categorii de unitati sanitare, Forme de proprietate, Judete, Localitati , Ani, UM: Numar, Valoare
Spitale, Proprietate publica, Bacau, 20297 MUNICIPIUL BACAU, Anul 2024, Numar, 2
Spitale, Proprietate publica, Bacau, 20876 MUNICIPIUL MOINESTI, Anul 2024, Numar, 1
Spitale, Proprietate publica, Bacau, 20563 MUNICIPIUL ONESTI, Anul 2024, Numar, 1
Spitale, Proprietate publica, Bacau, 20778 ORAS BUHUSI, Anul 2024, Numar, 1
Spitale, Proprietate publica, Bacau, 20821 ORAS COMANESTI, Anul 2024, Numar, 1
Spitale, Proprietate publica, Bacau, 20965 ORAS TARGU OCNA, Anul 2024, Numar, 1
Spitale, Proprietate privata, Bacau, 20297 MUNICIPIUL BACAU, Anul 2024, Numar, 7
Spitale, Proprietate privata, Bacau, 20876 MUNICIPIUL MOINESTI, Anul 2024, Numar, 1
Spitale, Proprietate privata, Bacau, 21007 AGAS, Anul 2024, Numar, 1
Spitale, Proprietate privata, Bacau, 24524 PODU TURCULUI, Anul 2024, Numar, 1
Unitati sanitare (inclusiv unitati asimilate spitalelor) numai cu internare de zi, Proprietate privata, Bacau, 20297 MUNICIPIUL BACAU, Anul 2024, Numar, 12
Unitati sanitare (inclusiv unitati asimilate spitalelor) numai cu internare de zi, Proprietate privata, Bacau, 20821 ORAS COMANESTI, Anul 2024, Numar, 2
Unitati sanitare (inclusiv unitati asimilate spitalelor) numai cu internare de zi, Proprietate privata, Bacau, 20965 ORAS TARGU OCNA, Anul 2024, Numar, 1
Ambulatorii de specialitate, Proprietate publica, Bacau, 20297 MUNICIPIUL BACAU, Anul 2024, Numar, 1
Ambulatorii de specialitate, Proprietate publica, Bacau, 20876 MUNICIPIUL MOINESTI, Anul 2024, Numar, 0
Ambulatorii de specialitate, Proprietate publica, Bacau, 20563 MUNICIPIUL ONESTI, Anul 2024, Numar, 0
Ambulatorii de specialitate, Proprietate publica, Bacau, 20778 ORAS BUHUSI, Anul 2024, Numar, 0
Ambulatorii de specialitate, Proprietate publica, Bacau, 20821 ORAS COMANESTI, Anul 2024, Numar, 0
Ambulatorii de specialitate, Proprietate publica, Bacau, 22166 ORAS DARMANESTI, Anul 2024, Numar, 0
Ambulatorii de specialitate, Proprietate publica, Bacau, 20910 ORAS SLANIC-MOLDOVA, Anul 2024, Numar, 0
Ambulatorii de specialitate, Proprietate publica, Bacau, 20965 ORAS TARGU OCNA, Anul 2024, Numar, 0
Ambulatorii de specialitate, Proprietate publica, Bacau, 21007 AGAS, Anul 2024, Numar, 0
Ambulatorii de specialitate, Proprietate publica, Bacau, 21098 ARDEOANI, Anul 2024, Numar, 0
Ambulatorii de specialitate, Proprietate publica, Bacau, 21123 ASAU, Anul 2024, Numar, 0
Ambulatorii de specialitate, Proprietate publica, Bacau, 21196 BALCANI, Anul 2024, Numar, 0
Ambulatorii de specialitate, Proprietate publica, Bacau, 21454 BARSANESTI, Anul 2024, Numar, 0
Ambulatorii de specialitate, Proprietate publica, Bacau, 21249 BERESTI-BISTRITA, Anul 2024, Numar, 0
Ambulatorii de specialitate, Proprietate publica, Bacau, 21338 BERESTI-TAZLAU, Anul 2024, Numar, 0
Ambulatorii de specialitate, Proprietate publica, Bacau, 21418 BERZUNTI, Anul 2024, Numar, 0
Ambulatorii de specialitate, Proprietate publica, Bacau, 21506 BLAGESTI, Anul 2024, Numar, 0
Ambulatorii de specialitate, Proprietate publica, Bacau, 21560 BOGDANESTI, Anul 2024, Numar, 0
Ambulatorii de specialitate, Proprietate publica, Bacau, 21597 BRUSTUROASA, Anul 2024, Numar, 0
Ambulatorii de specialitate, Proprietate publica, Bacau, 26338 BUCIUMI, Anul 2024, Numar, 0
Ambulatorii de specialitate, Proprietate publica, Bacau, 21668 BUHOCI, Anul 2024, Numar, 0
Ambulatorii de specialitate, Proprietate publica, Bacau, 21757 CAIUTI, Anul 2024, Numar, 0
Ambulatorii de specialitate, Proprietate publica, Bacau, 21720 CASIN, Anul 2024, Numar, 0
Ambulatorii de specialitate, Proprietate publica, Bacau, 21855 CLEJA, Anul 2024, Numar, 0
Ambulatorii de specialitate, Proprietate publica, Bacau, 21891 COLONESTI, Anul 2024, Numar, 0
Ambulatorii de specialitate, Proprietate publica, Bacau, 21971 CORBASCA, Anul 2024, Numar, 0
Ambulatorii de specialitate, Proprietate publica, Bacau, 22059 COTOFANESTI, Anul 2024, Numar, 0
Ambulatorii de specialitate, Proprietate publica, Bacau, 22111 DAMIENESTI, Anul 2024, Numar, 0
Ambulatorii de specialitate, Proprietate publica, Bacau, 22237 DEALU MORII, Anul 2024, Numar, 0
Ambulatorii de specialitate, Proprietate publica, Bacau, 22380 DOFTEANA, Anul 2024, Numar, 0
Ambulatorii de specialitate, Proprietate publica, Bacau, 22460 FARAOANI, Anul 2024, Numar, 0
Ambulatorii de specialitate, Proprietate publica, Bacau, 22488 FILIPENI, Anul 2024, Numar, 0
Ambulatorii de specialitate, Proprietate publica, Bacau, 22576 FILIPESTI, Anul 2024, Numar, 0
Ambulatorii de specialitate, Proprietate publica, Bacau, 22665 GAICEANA, Anul 2024, Numar, 0
Ambulatorii de specialitate, Proprietate publica, Bacau, 22781 GARLENI, Anul 2024, Numar, 0
Ambulatorii de specialitate, Proprietate publica, Bacau, 22718 GHIMES-FAGET, Anul 2024, Numar, 0
Ambulatorii de specialitate, Proprietate publica, Bacau, 26346 GIOSENI, Anul 2024, Numar, 0
Ambulatorii de specialitate, Proprietate publica, Bacau, 22834 GLAVANESTI, Anul 2024, Numar, 0
Ambulatorii de specialitate, Proprietate publica, Bacau, 20607 GURA VAII, Anul 2024, Numar, 0
Ambulatorii de specialitate, Proprietate publica, Bacau, 22898 HELEGIU, Anul 2024, Numar, 0
Ambulatorii de specialitate, Proprietate publica, Bacau, 20313 HEMEIUS, Anul 2024, Numar, 0
Ambulatorii de specialitate, Proprietate publica, Bacau, 22941 HORGESTI, Anul 2024, Numar, 0
Ambulatorii de specialitate, Proprietate publica, Bacau, 23047 HURUIESTI, Anul 2024, Numar, 0
Ambulatorii de specialitate, Proprietate publica, Bacau, 26379 ITESTI, Anul 2024, Numar, 0
Ambulatorii de specialitate, Proprietate publica, Bacau, 23127 IZVORU BERHECIULUI, Anul 2024, Numar, 0
Ambulatorii de specialitate, Proprietate publica, Bacau, 20359 LETEA VECHE, Anul 2024, Numar, 0
Ambulatorii de specialitate, Proprietate publica, Bacau, 23207 LIPOVA, Anul 2024, Numar, 0
Ambulatorii de specialitate, Proprietate publica, Bacau, 23289 LIVEZI, Anul 2024, Numar, 0
Ambulatorii de specialitate, Proprietate publica, Bacau, 23350 LUIZI-CALUGARA, Anul 2024, Numar, 0
Ambulatorii de specialitate, Proprietate publica, Bacau, 23387 MAGIRESTI, Anul 2024, Numar, 0
Ambulatorii de specialitate, Proprietate publica, Bacau, 20411 MAGURA, Anul 2024, Numar, 0
Ambulatorii de specialitate, Proprietate publica, Bacau, 23449 MANASTIREA CASIN, Anul 2024, Numar, 0
Ambulatorii de specialitate, Proprietate publica, Bacau, 20466 MARGINENI, Anul 2024, Numar, 0
Ambulatorii de specialitate, Proprietate publica, Bacau, 23494 MOTOSENI, Anul 2024, Numar, 0
Ambulatorii de specialitate, Proprietate publica, Bacau, 23644 NEGRI, Anul 2024, Numar, 0
Ambulatorii de specialitate, Proprietate publica, Bacau, 23715 NICOLAE BALCESCU, Anul 2024, Numar, 0
Ambulatorii de specialitate, Proprietate publica, Bacau, 26353 ODOBESTI, Anul 2024, Numar, 0
Ambulatorii de specialitate, Proprietate publica, Bacau, 23797 OITUZ, Anul 2024, Numar, 0
Ambulatorii de specialitate, Proprietate publica, Bacau, 23868 ONCESTI, Anul 2024, Numar, 0
Ambulatorii de specialitate, Proprietate publica, Bacau, 23948 ORBENI, Anul 2024, Numar, 0
Ambulatorii de specialitate, Proprietate publica, Bacau, 23975 PALANCA, Anul 2024, Numar, 0
Ambulatorii de specialitate, Proprietate publica, Bacau, 24187 PANCESTI, Anul 2024, Numar, 0
Ambulatorii de specialitate, Proprietate publica, Bacau, 24034 PARAVA, Anul 2024, Numar, 0
Ambulatorii de specialitate, Proprietate publica, Bacau, 24276 PARGARESTI, Anul 2024, Numar, 0
Ambulatorii de specialitate, Proprietate publica, Bacau, 24089 PARINCEA, Anul 2024, Numar, 0
Ambulatorii de specialitate, Proprietate publica, Bacau, 24338 PARJOL, Anul 2024, Numar, 0
Ambulatorii de specialitate, Proprietate publica, Bacau, 24427 PLOPANA, Anul 2024, Numar, 0
Ambulatorii de specialitate, Proprietate publica, Bacau, 24524 PODU TURCULUI, Anul 2024, Numar, 0
Ambulatorii de specialitate, Proprietate publica, Bacau, 24631 PODURI, Anul 2024, Numar, 0
Ambulatorii de specialitate, Proprietate publica, Bacau, 26361 PRAJESTI, Anul 2024, Numar, 0
Ambulatorii de specialitate, Proprietate publica, Bacau, 24766 RACACIUNI, Anul 2024, Numar, 0
Ambulatorii de specialitate, Proprietate publica, Bacau, 24837 RACHITOASA, Anul 2024, Numar, 0
Ambulatorii de specialitate, Proprietate publica, Bacau, 24711 RACOVA, Anul 2024, Numar, 0
Ambulatorii de specialitate, Proprietate publica, Bacau, 24999 ROSIORI, Anul 2024, Numar, 0
Ambulatorii de specialitate, Proprietate publica, Bacau, 25148 SANDULENI, Anul 2024, Numar, 0
Ambulatorii de specialitate, Proprietate publica, Bacau, 26320 SARATA, Anul 2024, Numar, 0
Ambulatorii de specialitate, Proprietate publica, Bacau, 25068 SASCUT, Anul 2024, Numar, 0
Ambulatorii de specialitate, Proprietate publica, Bacau, 25228 SAUCESTI, Anul 2024, Numar, 0
Ambulatorii de specialitate, Proprietate publica, Bacau, 25291 SCORTENI, Anul 2024, Numar, 0
Ambulatorii de specialitate, Proprietate publica, Bacau, 25362 SECUIENI, Anul 2024, Numar, 0
Ambulatorii de specialitate, Proprietate publica, Bacau, 25488 SOLONT, Anul 2024, Numar, 0
Ambulatorii de specialitate, Proprietate publica, Bacau, 25521 STANISESTI, Anul 2024, Numar, 0
Ambulatorii de specialitate, Proprietate publica, Bacau, 20670 STEFAN CEL MARE, Anul 2024, Numar, 0
Ambulatorii de specialitate, Proprietate publica, Bacau, 25629 STRUGARI, Anul 2024, Numar, 0
Ambulatorii de specialitate, Proprietate publica, Bacau, 25692 TAMASI, Anul 2024, Numar, 0
Ambulatorii de specialitate, Proprietate publica, Bacau, 25825 TARGU TROTUS, Anul 2024, Numar, 0
Ambulatorii de specialitate, Proprietate publica, Bacau, 25745 TATARASTI, Anul 2024, Numar, 0
Ambulatorii de specialitate, Proprietate publica, Bacau, 25861 TRAIAN, Anul 2024, Numar, 0
Ambulatorii de specialitate, Proprietate publica, Bacau, 25932 UNGURENI, Anul 2024, Numar, 0
Ambulatorii de specialitate, Proprietate publica, Bacau, 26029 URECHESTI, Anul 2024, Numar, 0
Ambulatorii de specialitate, Proprietate publica, Bacau, 26083 VALEA SEACA, Anul 2024, Numar, 0
Ambulatorii de specialitate, Proprietate publica, Bacau, 26118 VULTURENI, Anul 2024, Numar, 0
Ambulatorii de specialitate, Proprietate publica, Bacau, 26289 ZEMES, Anul 2024, Numar, 0
Ambulatorii de specialitate, Proprietate privata, Bacau, 20297 MUNICIPIUL BACAU, Anul 2024, Numar, 10
Ambulatorii de specialitate, Proprietate privata, Bacau, 20876 MUNICIPIUL MOINESTI, Anul 2024, Numar, 0
Ambulatorii de specialitate, Proprietate privata, Bacau, 20563 MUNICIPIUL ONESTI, Anul 2024, Numar, 0
Ambulatorii de specialitate, Proprietate privata, Bacau, 20778 ORAS BUHUSI, Anul 2024, Numar, 0
Ambulatorii de specialitate, Proprietate privata, Bacau, 20821 ORAS COMANESTI, Anul 2024, Numar, 0
Ambulatorii de specialitate, Proprietate privata, Bacau, 22166 ORAS DARMANESTI, Anul 2024, Numar, 0
Ambulatorii de specialitate, Proprietate privata, Bacau, 20910 ORAS SLANIC-MOLDOVA, Anul 2024, Numar, 0
Ambulatorii de specialitate, Proprietate privata, Bacau, 20965 ORAS TARGU OCNA, Anul 2024, Numar, 0
Ambulatorii de specialitate, Proprietate privata, Bacau, 21007 AGAS, Anul 2024, Numar, 1
Ambulatorii de specialitate, Proprietate privata, Bacau, 21098 ARDEOANI, Anul 2024, Numar, 0
Ambulatorii de specialitate, Proprietate privata, Bacau, 21123 ASAU, Anul 2024, Numar, 0
Ambulatorii de specialitate, Proprietate privata, Bacau, 21196 BALCANI, Anul 2024, Numar, 0
Ambulatorii de specialitate, Proprietate privata, Bacau, 21454 BARSANESTI, Anul 2024, Numar, 0
Ambulatorii de specialitate, Proprietate privata, Bacau, 21249 BERESTI-BISTRITA, Anul 2024, Numar, 0
Ambulatorii de specialitate, Proprietate privata, Bacau, 21338 BERESTI-TAZLAU, Anul 2024, Numar, 0
Ambulatorii de specialitate, Proprietate privata, Bacau, 21418 BERZUNTI, Anul 2024, Numar, 0
Ambulatorii de specialitate, Proprietate privata, Bacau, 21506 BLAGESTI, Anul 2024, Numar, 0
Ambulatorii de specialitate, Proprietate privata, Bacau, 21560 BOGDANESTI, Anul 2024, Numar, 0
Ambulatorii de specialitate, Proprietate privata, Bacau, 21597 BRUSTUROASA, Anul 2024, Numar, 0
Ambulatorii de specialitate, Proprietate privata, Bacau, 26338 BUCIUMI, Anul 2024, Numar, 0
Ambulatorii de specialitate, Proprietate privata, Bacau, 21668 BUHOCI, Anul 2024, Numar, 0
Ambulatorii de specialitate, Proprietate privata, Bacau, 21757 CAIUTI, Anul 2024, Numar, 0
Ambulatorii de specialitate, Proprietate privata, Bacau, 21720 CASIN, Anul 2024, Numar, 0
Ambulatorii de specialitate, Proprietate privata, Bacau, 21855 CLEJA, Anul 2024, Numar, 0
Ambulatorii de specialitate, Proprietate privata, Bacau, 21891 COLONESTI, Anul 2024, Numar, 0
Ambulatorii de specialitate, Proprietate privata, Bacau, 21971 CORBASCA, Anul 2024, Numar, 0
Ambulatorii de specialitate, Proprietate privata, Bacau, 22059 COTOFANESTI, Anul 2024, Numar, 0
Ambulatorii de specialitate, Proprietate privata, Bacau, 22111 DAMIENESTI, Anul 2024, Numar, 0
Ambulatorii de specialitate, Proprietate privata, Bacau, 22237 DEALU MORII, Anul 2024, Numar, 0
Ambulatorii de specialitate, Proprietate privata, Bacau, 22380 DOFTEANA, Anul 2024, Numar, 0
Ambulatorii de specialitate, Proprietate privata, Bacau, 22460 FARAOANI, Anul 2024, Numar, 0
Ambulatorii de specialitate, Proprietate privata, Bacau, 22488 FILIPENI, Anul 2024, Numar, 0
Ambulatorii de specialitate, Proprietate privata, Bacau, 22576 FILIPESTI, Anul 2024, Numar, 0
Ambulatorii de specialitate, Proprietate privata, Bacau, 22665 GAICEANA, Anul 2024, Numar, 0
Ambulatorii de specialitate, Proprietate privata, Bacau, 22781 GARLENI, Anul 2024, Numar, 0
Ambulatorii de specialitate, Proprietate privata, Bacau, 22718 GHIMES-FAGET, Anul 2024, Numar, 0
Ambulatorii de specialitate, Proprietate privata, Bacau, 26346 GIOSENI, Anul 2024, Numar, 0
Ambulatorii de specialitate, Proprietate privata, Bacau, 22834 GLAVANESTI, Anul 2024, Numar, 0
Ambulatorii de specialitate, Proprietate privata, Bacau, 20607 GURA VAII, Anul 2024, Numar, 0
Ambulatorii de specialitate, Proprietate privata, Bacau, 22898 HELEGIU, Anul 2024, Numar, 0
Ambulatorii de specialitate, Proprietate privata, Bacau, 20313 HEMEIUS, Anul 2024, Numar, 0
Ambulatorii de specialitate, Proprietate privata, Bacau, 22941 HORGESTI, Anul 2024, Numar, 0
Ambulatorii de specialitate, Proprietate privata, Bacau, 23047 HURUIESTI, Anul 2024, Numar, 0
Ambulatorii de specialitate, Proprietate privata, Bacau, 26379 ITESTI, Anul 2024, Numar, 0
Ambulatorii de specialitate, Proprietate privata, Bacau, 23127 IZVORU BERHECIULUI, Anul 2024, Numar, 0
Ambulatorii de specialitate, Proprietate privata, Bacau, 20359 LETEA VECHE, Anul 2024, Numar, 0
Ambulatorii de specialitate, Proprietate privata, Bacau, 23207 LIPOVA, Anul 2024, Numar, 0
Ambulatorii de specialitate, Proprietate privata, Bacau, 23289 LIVEZI, Anul 2024, Numar, 0
Ambulatorii de specialitate, Proprietate privata, Bacau, 23350 LUIZI-CALUGARA, Anul 2024, Numar, 0
Ambulatorii de specialitate, Proprietate privata, Bacau, 23387 MAGIRESTI, Anul 2024, Numar, 0
Ambulatorii de specialitate, Proprietate privata, Bacau, 20411 MAGURA, Anul 2024, Numar, 0
Ambulatorii de specialitate, Proprietate privata, Bacau, 23449 MANASTIREA CASIN, Anul 2024, Numar, 0
Ambulatorii de specialitate, Proprietate privata, Bacau, 20466 MARGINENI, Anul 2024, Numar, 0
Ambulatorii de specialitate, Proprietate privata, Bacau, 23494 MOTOSENI, Anul 2024, Numar, 0
Ambulatorii de specialitate, Proprietate privata, Bacau, 23644 NEGRI, Anul 2024, Numar, 0
Ambulatorii de specialitate, Proprietate privata, Bacau, 23715 NICOLAE BALCESCU, Anul 2024, Numar, 0
Ambulatorii de specialitate, Proprietate privata, Bacau, 26353 ODOBESTI, Anul 2024, Numar, 0
Ambulatorii de specialitate, Proprietate privata, Bacau, 23797 OITUZ, Anul 2024, Numar, 0
Ambulatorii de specialitate, Proprietate privata, Bacau, 23868 ONCESTI, Anul 2024, Numar, 0
Ambulatorii de specialitate, Proprietate privata, Bacau, 23948 ORBENI, Anul 2024, Numar, 0
Ambulatorii de specialitate, Proprietate privata, Bacau, 23975 PALANCA, Anul 2024, Numar, 0
Ambulatorii de specialitate, Proprietate privata, Bacau, 24187 PANCESTI, Anul 2024, Numar, 0
Ambulatorii de specialitate, Proprietate privata, Bacau, 24034 PARAVA, Anul 2024, Numar, 0
Ambulatorii de specialitate, Proprietate privata, Bacau, 24276 PARGARESTI, Anul 2024, Numar, 0
Ambulatorii de specialitate, Proprietate privata, Bacau, 24089 PARINCEA, Anul 2024, Numar, 0
Ambulatorii de specialitate, Proprietate privata, Bacau, 24338 PARJOL, Anul 2024, Numar, 0
Ambulatorii de specialitate, Proprietate privata, Bacau, 24427 PLOPANA, Anul 2024, Numar, 0
Ambulatorii de specialitate, Proprietate privata, Bacau, 24524 PODU TURCULUI, Anul 2024, Numar, 1
Ambulatorii de specialitate, Proprietate privata, Bacau, 24631 PODURI, Anul 2024, Numar, 0
Ambulatorii de specialitate, Proprietate privata, Bacau, 26361 PRAJESTI, Anul 2024, Numar, 0
Ambulatorii de specialitate, Proprietate privata, Bacau, 24766 RACACIUNI, Anul 2024, Numar, 0
Ambulatorii de specialitate, Proprietate privata, Bacau, 24837 RACHITOASA, Anul 2024, Numar, 0
Ambulatorii de specialitate, Proprietate privata, Bacau, 24711 RACOVA, Anul 2024, Numar, 0
Ambulatorii de specialitate, Proprietate privata, Bacau, 24999 ROSIORI, Anul 2024, Numar, 0
Ambulatorii de specialitate, Proprietate privata, Bacau, 25148 SANDULENI, Anul 2024, Numar, 0
Ambulatorii de specialitate, Proprietate privata, Bacau, 26320 SARATA, Anul 2024, Numar, 0
Ambulatorii de specialitate, Proprietate privata, Bacau, 25068 SASCUT, Anul 2024, Numar, 0
Ambulatorii de specialitate, Proprietate privata, Bacau, 25228 SAUCESTI, Anul 2024, Numar, 0
Ambulatorii de specialitate, Proprietate privata, Bacau, 25291 SCORTENI, Anul 2024, Numar, 0
Ambulatorii de specialitate, Proprietate privata, Bacau, 25362 SECUIENI, Anul 2024, Numar, 0
Ambulatorii de specialitate, Proprietate privata, Bacau, 25488 SOLONT, Anul 2024, Numar, 0
Ambulatorii de specialitate, Proprietate privata, Bacau, 25521 STANISESTI, Anul 2024, Numar, 0
Ambulatorii de specialitate, Proprietate privata, Bacau, 20670 STEFAN CEL MARE, Anul 2024, Numar, 0
Ambulatorii de specialitate, Proprietate privata, Bacau, 25629 STRUGARI, Anul 2024, Numar, 0
Ambulatorii de specialitate, Proprietate privata, Bacau, 25692 TAMASI, Anul 2024, Numar, 0
Ambulatorii de specialitate, Proprietate privata, Bacau, 25825 TARGU TROTUS, Anul 2024, Numar, 0
Ambulatorii de specialitate, Proprietate privata, Bacau, 25745 TATARASTI, Anul 2024, Numar, 0
Ambulatorii de specialitate, Proprietate privata, Bacau, 25861 TRAIAN, Anul 2024, Numar, 0
Ambulatorii de specialitate, Proprietate privata, Bacau, 25932 UNGURENI, Anul 2024, Numar, 0
Ambulatorii de specialitate, Proprietate privata, Bacau, 26029 URECHESTI, Anul 2024, Numar, 0
Ambulatorii de specialitate, Proprietate privata, Bacau, 26083 VALEA SEACA, Anul 2024, Numar, 0
Ambulatorii de specialitate, Proprietate privata, Bacau, 26118 VULTURENI, Anul 2024, Numar, 0
Ambulatorii de specialitate, Proprietate privata, Bacau, 26289 ZEMES, Anul 2024, Numar, 0
Ambulatorii integrate spitalului, Proprietate publica, Bacau, 20297 MUNICIPIUL BACAU, Anul 2024, Numar, 2
Ambulatorii integrate spitalului, Proprietate publica, Bacau, 20876 MUNICIPIUL MOINESTI, Anul 2024, Numar, 1
Ambulatorii integrate spitalului, Proprietate publica, Bacau, 20563 MUNICIPIUL ONESTI, Anul 2024, Numar, 1
Ambulatorii integrate spitalului, Proprietate publica, Bacau, 20778 ORAS BUHUSI, Anul 2024, Numar, 1
Ambulatorii integrate spitalului, Proprietate publica, Bacau, 20821 ORAS COMANESTI, Anul 2024, Numar, 1
Ambulatorii integrate spitalului, Proprietate publica, Bacau, 22166 ORAS DARMANESTI, Anul 2024, Numar, 0
Ambulatorii integrate spitalului, Proprietate publica, Bacau, 20910 ORAS SLANIC-MOLDOVA, Anul 2024, Numar, 1
Ambulatorii integrate spitalului, Proprietate publica, Bacau, 20965 ORAS TARGU OCNA, Anul 2024, Numar, 1
Ambulatorii integrate spitalului, Proprietate publica, Bacau, 21007 AGAS, Anul 2024, Numar, 0
Ambulatorii integrate spitalului, Proprietate publica, Bacau, 21098 ARDEOANI, Anul 2024, Numar, 0
Ambulatorii integrate spitalului, Proprietate publica, Bacau, 21123 ASAU, Anul 2024, Numar, 0
Ambulatorii integrate spitalului, Proprietate publica, Bacau, 21196 BALCANI, Anul 2024, Numar, 0
Ambulatorii integrate spitalului, Proprietate publica, Bacau, 21454 BARSANESTI, Anul 2024, Numar, 0
Ambulatorii integrate spitalului, Proprietate publica, Bacau, 21249 BERESTI-BISTRITA, Anul 2024, Numar, 0
Ambulatorii integrate spitalului, Proprietate publica, Bacau, 21338 BERESTI-TAZLAU, Anul 2024, Numar, 0
Ambulatorii integrate spitalului, Proprietate publica, Bacau, 21418 BERZUNTI, Anul 2024, Numar, 0
Ambulatorii integrate spitalului, Proprietate publica, Bacau, 21506 BLAGESTI, Anul 2024, Numar, 0
Ambulatorii integrate spitalului, Proprietate publica, Bacau, 21560 BOGDANESTI, Anul 2024, Numar, 0
Ambulatorii integrate spitalului, Proprietate publica, Bacau, 21597 BRUSTUROASA, Anul 2024, Numar, 0
Ambulatorii integrate spitalului, Proprietate publica, Bacau, 26338 BUCIUMI, Anul 2024, Numar, 0
Ambulatorii integrate spitalului, Proprietate publica, Bacau, 21668 BUHOCI, Anul 2024, Numar, 0
Ambulatorii integrate spitalului, Proprietate publica, Bacau, 21757 CAIUTI, Anul 2024, Numar, 0
Ambulatorii integrate spitalului, Proprietate publica, Bacau, 21720 CASIN, Anul 2024, Numar, 0
Ambulatorii integrate spitalului, Proprietate publica, Bacau, 21855 CLEJA, Anul 2024, Numar, 0
Ambulatorii integrate spitalului, Proprietate publica, Bacau, 21891 COLONESTI, Anul 2024, Numar, 0
Ambulatorii integrate spitalului, Proprietate publica, Bacau, 21971 CORBASCA, Anul 2024, Numar, 0
Ambulatorii integrate spitalului, Proprietate publica, Bacau, 22059 COTOFANESTI, Anul 2024, Numar, 0
Ambulatorii integrate spitalului, Proprietate publica, Bacau, 22111 DAMIENESTI, Anul 2024, Numar, 0
Ambulatorii integrate spitalului, Proprietate publica, Bacau, 22237 DEALU MORII, Anul 2024, Numar, 0
Ambulatorii integrate spitalului, Proprietate publica, Bacau, 22380 DOFTEANA, Anul 2024, Numar, 0
Ambulatorii integrate spitalului, Proprietate publica, Bacau, 22460 FARAOANI, Anul 2024, Numar, 0
Ambulatorii integrate spitalului, Proprietate publica, Bacau, 22488 FILIPENI, Anul 2024, Numar, 0
Ambulatorii integrate spitalului, Proprietate publica, Bacau, 22576 FILIPESTI, Anul 2024, Numar, 0
Ambulatorii integrate spitalului, Proprietate publica, Bacau, 22665 GAICEANA, Anul 2024, Numar, 0
Ambulatorii integrate spitalului, Proprietate publica, Bacau, 22781 GARLENI, Anul 2024, Numar, 0
Ambulatorii integrate spitalului, Proprietate publica, Bacau, 22718 GHIMES-FAGET, Anul 2024, Numar, 0
Ambulatorii integrate spitalului, Proprietate publica, Bacau, 26346 GIOSENI, Anul 2024, Numar, 0
Ambulatorii integrate spitalului, Proprietate publica, Bacau, 22834 GLAVANESTI, Anul 2024, Numar, 0
Ambulatorii integrate spitalului, Proprietate publica, Bacau, 20607 GURA VAII, Anul 2024, Numar, 0
Ambulatorii integrate spitalului, Proprietate publica, Bacau, 22898 HELEGIU, Anul 2024, Numar, 0
Ambulatorii integrate spitalului, Proprietate publica, Bacau, 20313 HEMEIUS, Anul 2024, Numar, 0
Ambulatorii integrate spitalului, Proprietate publica, Bacau, 22941 HORGESTI, Anul 2024, Numar, 0
Ambulatorii integrate spitalului, Proprietate publica, Bacau, 23047 HURUIESTI, Anul 2024, Numar, 0
Ambulatorii integrate spitalului, Proprietate publica, Bacau, 26379 ITESTI, Anul 2024, Numar, 0
Ambulatorii integrate spitalului, Proprietate publica, Bacau, 23127 IZVORU BERHECIULUI, Anul 2024, Numar, 0
Ambulatorii integrate spitalului, Proprietate publica, Bacau, 20359 LETEA VECHE, Anul 2024, Numar, 0
Ambulatorii integrate spitalului, Proprietate publica, Bacau, 23207 LIPOVA, Anul 2024, Numar, 0
Ambulatorii integrate spitalului, Proprietate publica, Bacau, 23289 LIVEZI, Anul 2024, Numar, 0
Ambulatorii integrate spitalului, Proprietate publica, Bacau, 23350 LUIZI-CALUGARA, Anul 2024, Numar, 0
Ambulatorii integrate spitalului, Proprietate publica, Bacau, 23387 MAGIRESTI, Anul 2024, Numar, 0
Ambulatorii integrate spitalului, Proprietate publica, Bacau, 20411 MAGURA, Anul 2024, Numar, 0
Ambulatorii integrate spitalului, Proprietate publica, Bacau, 23449 MANASTIREA CASIN, Anul 2024, Numar, 0
Ambulatorii integrate spitalului, Proprietate publica, Bacau, 20466 MARGINENI, Anul 2024, Numar, 0
Ambulatorii integrate spitalului, Proprietate publica, Bacau, 23494 MOTOSENI, Anul 2024, Numar, 0
Ambulatorii integrate spitalului, Proprietate publica, Bacau, 23644 NEGRI, Anul 2024, Numar, 0
Ambulatorii integrate spitalului, Proprietate publica, Bacau, 23715 NICOLAE BALCESCU, Anul 2024, Numar, 0
Ambulatorii integrate spitalului, Proprietate publica, Bacau, 26353 ODOBESTI, Anul 2024, Numar, 0
Ambulatorii integrate spitalului, Proprietate publica, Bacau, 23797 OITUZ, Anul 2024, Numar, 0
Ambulatorii integrate spitalului, Proprietate publica, Bacau, 23868 ONCESTI, Anul 2024, Numar, 0
Ambulatorii integrate spitalului, Proprietate publica, Bacau, 23948 ORBENI, Anul 2024, Numar, 0
Ambulatorii integrate spitalului, Proprietate publica, Bacau, 23975 PALANCA, Anul 2024, Numar, 0
Ambulatorii integrate spitalului, Proprietate publica, Bacau, 24187 PANCESTI, Anul 2024, Numar, 0
Ambulatorii integrate spitalului, Proprietate publica, Bacau, 24034 PARAVA, Anul 2024, Numar, 0
Ambulatorii integrate spitalului, Proprietate publica, Bacau, 24276 PARGARESTI, Anul 2024, Numar, 0
Ambulatorii integrate spitalului, Proprietate publica, Bacau, 24089 PARINCEA, Anul 2024, Numar, 0
Ambulatorii integrate spitalului, Proprietate publica, Bacau, 24338 PARJOL, Anul 2024, Numar, 0
Ambulatorii integrate spitalului, Proprietate publica, Bacau, 24427 PLOPANA, Anul 2024, Numar, 0
Ambulatorii integrate spitalului, Proprietate publica, Bacau, 24524 PODU TURCULUI, Anul 2024, Numar, 0
Ambulatorii integrate spitalului, Proprietate publica, Bacau, 24631 PODURI, Anul 2024, Numar, 0
Ambulatorii integrate spitalului, Proprietate publica, Bacau, 26361 PRAJESTI, Anul 2024, Numar, 0
Ambulatorii integrate spitalului, Proprietate publica, Bacau, 24766 RACACIUNI, Anul 2024, Numar, 0
Ambulatorii integrate spitalului, Proprietate publica, Bacau, 24837 RACHITOASA, Anul 2024, Numar, 0
Ambulatorii integrate spitalului, Proprietate publica, Bacau, 24711 RACOVA, Anul 2024, Numar, 0
Ambulatorii integrate spitalului, Proprietate publica, Bacau, 24999 ROSIORI, Anul 2024, Numar, 0
Ambulatorii integrate spitalului, Proprietate publica, Bacau, 25148 SANDULENI, Anul 2024, Numar, 0
Ambulatorii integrate spitalului, Proprietate publica, Bacau, 26320 SARATA, Anul 2024, Numar, 0
Ambulatorii integrate spitalului, Proprietate publica, Bacau, 25068 SASCUT, Anul 2024, Numar, 0
Ambulatorii integrate spitalului, Proprietate publica, Bacau, 25228 SAUCESTI, Anul 2024, Numar, 0
Ambulatorii integrate spitalului, Proprietate publica, Bacau, 25291 SCORTENI, Anul 2024, Numar, 0
Ambulatorii integrate spitalului, Proprietate publica, Bacau, 25362 SECUIENI, Anul 2024, Numar, 0
Ambulatorii integrate spitalului, Proprietate publica, Bacau, 25488 SOLONT, Anul 2024, Numar, 0
Ambulatorii integrate spitalului, Proprietate publica, Bacau, 25521 STANISESTI, Anul 2024, Numar, 0
Ambulatorii integrate spitalului, Proprietate publica, Bacau, 20670 STEFAN CEL MARE, Anul 2024, Numar, 0
Ambulatorii integrate spitalului, Proprietate publica, Bacau, 25629 STRUGARI, Anul 2024, Numar, 0
Ambulatorii integrate spitalului, Proprietate publica, Bacau, 25692 TAMASI, Anul 2024, Numar, 0
Ambulatorii integrate spitalului, Proprietate publica, Bacau, 25825 TARGU TROTUS, Anul 2024, Numar, 0
Ambulatorii integrate spitalului, Proprietate publica, Bacau, 25745 TATARASTI, Anul 2024, Numar, 0
Ambulatorii integrate spitalului, Proprietate publica, Bacau, 25861 TRAIAN, Anul 2024, Numar, 0
Ambulatorii integrate spitalului, Proprietate publica, Bacau, 25932 UNGURENI, Anul 2024, Numar, 0
Ambulatorii integrate spitalului, Proprietate publica, Bacau, 26029 URECHESTI, Anul 2024, Numar, 0
Ambulatorii integrate spitalului, Proprietate publica, Bacau, 26083 VALEA SEACA, Anul 2024, Numar, 0
Ambulatorii integrate spitalului, Proprietate publica, Bacau, 26118 VULTURENI, Anul 2024, Numar, 0
Ambulatorii integrate spitalului, Proprietate publica, Bacau, 26289 ZEMES, Anul 2024, Numar, 0
Ambulatorii integrate spitalului, Proprietate privata, Bacau, 20297 MUNICIPIUL BACAU, Anul 2024, Numar, 0
Ambulatorii integrate spitalului, Proprietate privata, Bacau, 20876 MUNICIPIUL MOINESTI, Anul 2024, Numar, 0
Ambulatorii integrate spitalului, Proprietate privata, Bacau, 20563 MUNICIPIUL ONESTI, Anul 2024, Numar, 0
Ambulatorii integrate spitalului, Proprietate privata, Bacau, 20778 ORAS BUHUSI, Anul 2024, Numar, 0
Ambulatorii integrate spitalului, Proprietate privata, Bacau, 20821 ORAS COMANESTI, Anul 2024, Numar, 0
Ambulatorii integrate spitalului, Proprietate privata, Bacau, 22166 ORAS DARMANESTI, Anul 2024, Numar, 0
Ambulatorii integrate spitalului, Proprietate privata, Bacau, 20910 ORAS SLANIC-MOLDOVA, Anul 2024, Numar, 0
Ambulatorii integrate spitalului, Proprietate privata, Bacau, 20965 ORAS TARGU OCNA, Anul 2024, Numar, 0
Ambulatorii integrate spitalului, Proprietate privata, Bacau, 21007 AGAS, Anul 2024, Numar, 0
Ambulatorii integrate spitalului, Proprietate privata, Bacau, 21098 ARDEOANI, Anul 2024, Numar, 0
Ambulatorii integrate spitalului, Proprietate privata, Bacau, 21123 ASAU, Anul 2024, Numar, 0
Ambulatorii integrate spitalului, Proprietate privata, Bacau, 21196 BALCANI, Anul 2024, Numar, 0
Ambulatorii integrate spitalului, Proprietate privata, Bacau, 21454 BARSANESTI, Anul 2024, Numar, 0
Ambulatorii integrate spitalului, Proprietate privata, Bacau, 21249 BERESTI-BISTRITA, Anul 2024, Numar, 0
Ambulatorii integrate spitalului, Proprietate privata, Bacau, 21338 BERESTI-TAZLAU, Anul 2024, Numar, 0
Ambulatorii integrate spitalului, Proprietate privata, Bacau, 21418 BERZUNTI, Anul 2024, Numar, 0
Ambulatorii integrate spitalului, Proprietate privata, Bacau, 21506 BLAGESTI, Anul 2024, Numar, 0
Ambulatorii integrate spitalului, Proprietate privata, Bacau, 21560 BOGDANESTI, Anul 2024, Numar, 0
Ambulatorii integrate spitalului, Proprietate privata, Bacau, 21597 BRUSTUROASA, Anul 2024, Numar, 0
Ambulatorii integrate spitalului, Proprietate privata, Bacau, 26338 BUCIUMI, Anul 2024, Numar, 0
Ambulatorii integrate spitalului, Proprietate privata, Bacau, 21668 BUHOCI, Anul 2024, Numar, 0
Ambulatorii integrate spitalului, Proprietate privata, Bacau, 21757 CAIUTI, Anul 2024, Numar, 0
Ambulatorii integrate spitalului, Proprietate privata, Bacau, 21720 CASIN, Anul 2024, Numar, 0
Ambulatorii integrate spitalului, Proprietate privata, Bacau, 21855 CLEJA, Anul 2024, Numar, 0
Ambulatorii integrate spitalului, Proprietate privata, Bacau, 21891 COLONESTI, Anul 2024, Numar, 0
Ambulatorii integrate spitalului, Proprietate privata, Bacau, 21971 CORBASCA, Anul 2024, Numar, 0
Ambulatorii integrate spitalului, Proprietate privata, Bacau, 22059 COTOFANESTI, Anul 2024, Numar, 0
Ambulatorii integrate spitalului, Proprietate privata, Bacau, 22111 DAMIENESTI, Anul 2024, Numar, 0
Ambulatorii integrate spitalului, Proprietate privata, Bacau, 22237 DEALU MORII, Anul 2024, Numar, 0
Ambulatorii integrate spitalului, Proprietate privata, Bacau, 22380 DOFTEANA, Anul 2024, Numar, 0
Ambulatorii integrate spitalului, Proprietate privata, Bacau, 22460 FARAOANI, Anul 2024, Numar, 0
Ambulatorii integrate spitalului, Proprietate privata, Bacau, 22488 FILIPENI, Anul 2024, Numar, 0
Ambulatorii integrate spitalului, Proprietate privata, Bacau, 22576 FILIPESTI, Anul 2024, Numar, 0
Ambulatorii integrate spitalului, Proprietate privata, Bacau, 22665 GAICEANA, Anul 2024, Numar, 0
Ambulatorii integrate spitalului, Proprietate privata, Bacau, 22781 GARLENI, Anul 2024, Numar, 0
Ambulatorii integrate spitalului, Proprietate privata, Bacau, 22718 GHIMES-FAGET, Anul 2024, Numar, 0
Ambulatorii integrate spitalului, Proprietate privata, Bacau, 26346 GIOSENI, Anul 2024, Numar, 0
Ambulatorii integrate spitalului, Proprietate privata, Bacau, 22834 GLAVANESTI, Anul 2024, Numar, 0
Ambulatorii integrate spitalului, Proprietate privata, Bacau, 20607 GURA VAII, Anul 2024, Numar, 0
Ambulatorii integrate spitalului, Proprietate privata, Bacau, 22898 HELEGIU, Anul 2024, Numar, 0
Ambulatorii integrate spitalului, Proprietate privata, Bacau, 20313 HEMEIUS, Anul 2024, Numar, 0
Ambulatorii integrate spitalului, Proprietate privata, Bacau, 22941 HORGESTI, Anul 2024, Numar, 0
Ambulatorii integrate spitalului, Proprietate privata, Bacau, 23047 HURUIESTI, Anul 2024, Numar, 0
Ambulatorii integrate spitalului, Proprietate privata, Bacau, 26379 ITESTI, Anul 2024, Numar, 0
Ambulatorii integrate spitalului, Proprietate privata, Bacau, 23127 IZVORU BERHECIULUI, Anul 2024, Numar, 0
Ambulatorii integrate spitalului, Proprietate privata, Bacau, 20359 LETEA VECHE, Anul 2024, Numar, 0
Ambulatorii integrate spitalului, Proprietate privata, Bacau, 23207 LIPOVA, Anul 2024, Numar, 0
Ambulatorii integrate spitalului, Proprietate privata, Bacau, 23289 LIVEZI, Anul 2024, Numar, 0
Ambulatorii integrate spitalului, Proprietate privata, Bacau, 23350 LUIZI-CALUGARA, Anul 2024, Numar, 0
Ambulatorii integrate spitalului, Proprietate privata, Bacau, 23387 MAGIRESTI, Anul 2024, Numar, 0
Ambulatorii integrate spitalului, Proprietate privata, Bacau, 20411 MAGURA, Anul 2024, Numar, 0
Ambulatorii integrate spitalului, Proprietate privata, Bacau, 23449 MANASTIREA CASIN, Anul 2024, Numar, 0
Ambulatorii integrate spitalului, Proprietate privata, Bacau, 20466 MARGINENI, Anul 2024, Numar, 0
Ambulatorii integrate spitalului, Proprietate privata, Bacau, 23494 MOTOSENI, Anul 2024, Numar, 0
Ambulatorii integrate spitalului, Proprietate privata, Bacau, 23644 NEGRI, Anul 2024, Numar, 0
Ambulatorii integrate spitalului, Proprietate privata, Bacau, 23715 NICOLAE BALCESCU, Anul 2024, Numar, 0
Ambulatorii integrate spitalului, Proprietate privata, Bacau, 26353 ODOBESTI, Anul 2024, Numar, 0
Ambulatorii integrate spitalului, Proprietate privata, Bacau, 23797 OITUZ, Anul 2024, Numar, 0
Ambulatorii integrate spitalului, Proprietate privata, Bacau, 23868 ONCESTI, Anul 2024, Numar, 0
Ambulatorii integrate spitalului, Proprietate privata, Bacau, 23948 ORBENI, Anul 2024, Numar, 0
Ambulatorii integrate spitalului, Proprietate privata, Bacau, 23975 PALANCA, Anul 2024, Numar, 0
Ambulatorii integrate spitalului, Proprietate privata, Bacau, 24187 PANCESTI, Anul 2024, Numar, 0
Ambulatorii integrate spitalului, Proprietate privata, Bacau, 24034 PARAVA, Anul 2024, Numar, 0
Ambulatorii integrate spitalului, Proprietate privata, Bacau, 24276 PARGARESTI, Anul 2024, Numar, 0
Ambulatorii integrate spitalului, Proprietate privata, Bacau, 24089 PARINCEA, Anul 2024, Numar, 0
Ambulatorii integrate spitalului, Proprietate privata, Bacau, 24338 PARJOL, Anul 2024, Numar, 0
Ambulatorii integrate spitalului, Proprietate privata, Bacau, 24427 PLOPANA, Anul 2024, Numar, 0
Ambulatorii integrate spitalului, Proprietate privata, Bacau, 24524 PODU TURCULUI, Anul 2024, Numar, 0
Ambulatorii integrate spitalului, Proprietate privata, Bacau, 24631 PODURI, Anul 2024, Numar, 0
Ambulatorii integrate spitalului, Proprietate privata, Bacau, 26361 PRAJESTI, Anul 2024, Numar, 0
Ambulatorii integrate spitalului, Proprietate privata, Bacau, 24766 RACACIUNI, Anul 2024, Numar, 0
Ambulatorii integrate spitalului, Proprietate privata, Bacau, 24837 RACHITOASA, Anul 2024, Numar, 0
Ambulatorii integrate spitalului, Proprietate privata, Bacau, 24711 RACOVA, Anul 2024, Numar, 0
Ambulatorii integrate spitalului, Proprietate privata, Bacau, 24999 ROSIORI, Anul 2024, Numar, 0
Ambulatorii integrate spitalului, Proprietate privata, Bacau, 25148 SANDULENI, Anul 2024, Numar, 0
Ambulatorii integrate spitalului, Proprietate privata, Bacau, 26320 SARATA, Anul 2024, Numar, 0
Ambulatorii integrate spitalului, Proprietate privata, Bacau, 25068 SASCUT, Anul 2024, Numar, 0
Ambulatorii integrate spitalului, Proprietate privata, Bacau, 25228 SAUCESTI, Anul 2024, Numar, 0
Ambulatorii integrate spitalului, Proprietate privata, Bacau, 25291 SCORTENI, Anul 2024, Numar, 0
Ambulatorii integrate spitalului, Proprietate privata, Bacau, 25362 SECUIENI, Anul 2024, Numar, 0
Ambulatorii integrate spitalului, Proprietate privata, Bacau, 25488 SOLONT, Anul 2024, Numar, 0
Ambulatorii integrate spitalului, Proprietate privata, Bacau, 25521 STANISESTI, Anul 2024, Numar, 0
Ambulatorii integrate spitalului, Proprietate privata, Bacau, 20670 STEFAN CEL MARE, Anul 2024, Numar, 0
Ambulatorii integrate spitalului, Proprietate privata, Bacau, 25629 STRUGARI, Anul 2024, Numar, 0
Ambulatorii integrate spitalului, Proprietate privata, Bacau, 25692 TAMASI, Anul 2024, Numar, 0
Ambulatorii integrate spitalului, Proprietate privata, Bacau, 25825 TARGU TROTUS, Anul 2024, Numar, 0
Ambulatorii integrate spitalului, Proprietate privata, Bacau, 25745 TATARASTI, Anul 2024, Numar, 0
Ambulatorii integrate spitalului, Proprietate privata, Bacau, 25861 TRAIAN, Anul 2024, Numar, 0
Ambulatorii integrate spitalului, Proprietate privata, Bacau, 25932 UNGURENI, Anul 2024, Numar, 0
Ambulatorii integrate spitalului, Proprietate privata, Bacau, 26029 URECHESTI, Anul 2024, Numar, 0
Ambulatorii integrate spitalului, Proprietate privata, Bacau, 26083 VALEA SEACA, Anul 2024, Numar, 0
Ambulatorii integrate spitalului, Proprietate privata, Bacau, 26118 VULTURENI, Anul 2024, Numar, 0
Ambulatorii integrate spitalului, Proprietate privata, Bacau, 26289 ZEMES, Anul 2024, Numar, 0
Policlinici, Proprietate publica, Bacau, 20297 MUNICIPIUL BACAU, Anul 2024, Numar, 0
Policlinici, Proprietate publica, Bacau, 20876 MUNICIPIUL MOINESTI, Anul 2024, Numar, 0
Policlinici, Proprietate publica, Bacau, 20563 MUNICIPIUL ONESTI, Anul 2024, Numar, 0
Policlinici, Proprietate publica, Bacau, 20778 ORAS BUHUSI, Anul 2024, Numar, 0
Policlinici, Proprietate publica, Bacau, 20821 ORAS COMANESTI, Anul 2024, Numar, 0
Policlinici, Proprietate publica, Bacau, 22166 ORAS DARMANESTI, Anul 2024, Numar, 0
Policlinici, Proprietate publica, Bacau, 20910 ORAS SLANIC-MOLDOVA, Anul 2024, Numar, 0
Policlinici, Proprietate publica, Bacau, 20965 ORAS TARGU OCNA, Anul 2024, Numar, 0
Policlinici, Proprietate publica, Bacau, 21007 AGAS, Anul 2024, Numar, 0
Policlinici, Proprietate publica, Bacau, 21098 ARDEOANI, Anul 2024, Numar, 0
Policlinici, Proprietate publica, Bacau, 21123 ASAU, Anul 2024, Numar, 0
Policlinici, Proprietate publica, Bacau, 21196 BALCANI, Anul 2024, Numar, 0
Policlinici, Proprietate publica, Bacau, 21454 BARSANESTI, Anul 2024, Numar, 0
Policlinici, Proprietate publica, Bacau, 21249 BERESTI-BISTRITA, Anul 2024, Numar, 0
Policlinici, Proprietate publica, Bacau, 21338 BERESTI-TAZLAU, Anul 2024, Numar, 0
Policlinici, Proprietate publica, Bacau, 21418 BERZUNTI, Anul 2024, Numar, 0
Policlinici, Proprietate publica, Bacau, 21506 BLAGESTI, Anul 2024, Numar, 0
Policlinici, Proprietate publica, Bacau, 21560 BOGDANESTI, Anul 2024, Numar, 0
Policlinici, Proprietate publica, Bacau, 21597 BRUSTUROASA, Anul 2024, Numar, 0
Policlinici, Proprietate publica, Bacau, 26338 BUCIUMI, Anul 2024, Numar, 0
Policlinici, Proprietate publica, Bacau, 21668 BUHOCI, Anul 2024, Numar, 0
Policlinici, Proprietate publica, Bacau, 21757 CAIUTI, Anul 2024, Numar, 0
Policlinici, Proprietate publica, Bacau, 21720 CASIN, Anul 2024, Numar, 0
Policlinici, Proprietate publica, Bacau, 21855 CLEJA, Anul 2024, Numar, 0
Policlinici, Proprietate publica, Bacau, 21891 COLONESTI, Anul 2024, Numar, 0
Policlinici, Proprietate publica, Bacau, 21971 CORBASCA, Anul 2024, Numar, 0
Policlinici, Proprietate publica, Bacau, 22059 COTOFANESTI, Anul 2024, Numar, 0
Policlinici, Proprietate publica, Bacau, 22111 DAMIENESTI, Anul 2024, Numar, 0
Policlinici, Proprietate publica, Bacau, 22237 DEALU MORII, Anul 2024, Numar, 0
Policlinici, Proprietate publica, Bacau, 22380 DOFTEANA, Anul 2024, Numar, 0
Policlinici, Proprietate publica, Bacau, 22460 FARAOANI, Anul 2024, Numar, 0
Policlinici, Proprietate publica, Bacau, 22488 FILIPENI, Anul 2024, Numar, 0
Policlinici, Proprietate publica, Bacau, 22576 FILIPESTI, Anul 2024, Numar, 0
Policlinici, Proprietate publica, Bacau, 22665 GAICEANA, Anul 2024, Numar, 0
Policlinici, Proprietate publica, Bacau, 22781 GARLENI, Anul 2024, Numar, 0
Policlinici, Proprietate publica, Bacau, 22718 GHIMES-FAGET, Anul 2024, Numar, 0
Policlinici, Proprietate publica, Bacau, 26346 GIOSENI, Anul 2024, Numar, 0
Policlinici, Proprietate publica, Bacau, 22834 GLAVANESTI, Anul 2024, Numar, 0
Policlinici, Proprietate publica, Bacau, 20607 GURA VAII, Anul 2024, Numar, 0
Policlinici, Proprietate publica, Bacau, 22898 HELEGIU, Anul 2024, Numar, 0
Policlinici, Proprietate publica, Bacau, 20313 HEMEIUS, Anul 2024, Numar, 0
Policlinici, Proprietate publica, Bacau, 22941 HORGESTI, Anul 2024, Numar, 0
Policlinici, Proprietate publica, Bacau, 23047 HURUIESTI, Anul 2024, Numar, 0
Policlinici, Proprietate publica, Bacau, 26379 ITESTI, Anul 2024, Numar, 0
Policlinici, Proprietate publica, Bacau, 23127 IZVORU BERHECIULUI, Anul 2024, Numar, 0
Policlinici, Proprietate publica, Bacau, 20359 LETEA VECHE, Anul 2024, Numar, 0
Policlinici, Proprietate publica, Bacau, 23207 LIPOVA, Anul 2024, Numar, 0
Policlinici, Proprietate publica, Bacau, 23289 LIVEZI, Anul 2024, Numar, 0
Policlinici, Proprietate publica, Bacau, 23350 LUIZI-CALUGARA, Anul 2024, Numar, 0
Policlinici, Proprietate publica, Bacau, 23387 MAGIRESTI, Anul 2024, Numar, 0
Policlinici, Proprietate publica, Bacau, 20411 MAGURA, Anul 2024, Numar, 0
Policlinici, Proprietate publica, Bacau, 23449 MANASTIREA CASIN, Anul 2024, Numar, 0
Policlinici, Proprietate publica, Bacau, 20466 MARGINENI, Anul 2024, Numar, 0
Policlinici, Proprietate publica, Bacau, 23494 MOTOSENI, Anul 2024, Numar, 0
Policlinici, Proprietate publica, Bacau, 23644 NEGRI, Anul 2024, Numar, 0
Policlinici, Proprietate publica, Bacau, 23715 NICOLAE BALCESCU, Anul 2024, Numar, 0
Policlinici, Proprietate publica, Bacau, 26353 ODOBESTI, Anul 2024, Numar, 0
Policlinici, Proprietate publica, Bacau, 23797 OITUZ, Anul 2024, Numar, 0
Policlinici, Proprietate publica, Bacau, 23868 ONCESTI, Anul 2024, Numar, 0
Policlinici, Proprietate publica, Bacau, 23948 ORBENI, Anul 2024, Numar, 0
Policlinici, Proprietate publica, Bacau, 23975 PALANCA, Anul 2024, Numar, 0
Policlinici, Proprietate publica, Bacau, 24187 PANCESTI, Anul 2024, Numar, 0
Policlinici, Proprietate publica, Bacau, 24034 PARAVA, Anul 2024, Numar, 0
Policlinici, Proprietate publica, Bacau, 24276 PARGARESTI, Anul 2024, Numar, 0
Policlinici, Proprietate publica, Bacau, 24089 PARINCEA, Anul 2024, Numar, 0
Policlinici, Proprietate publica, Bacau, 24338 PARJOL, Anul 2024, Numar, 0
Policlinici, Proprietate publica, Bacau, 24427 PLOPANA, Anul 2024, Numar, 0
Policlinici, Proprietate publica, Bacau, 24524 PODU TURCULUI, Anul 2024, Numar, 0
Policlinici, Proprietate publica, Bacau, 24631 PODURI, Anul 2024, Numar, 0
Policlinici, Proprietate publica, Bacau, 26361 PRAJESTI, Anul 2024, Numar, 0
Policlinici, Proprietate publica, Bacau, 24766 RACACIUNI, Anul 2024, Numar, 0
Policlinici, Proprietate publica, Bacau, 24837 RACHITOASA, Anul 2024, Numar, 0
Policlinici, Proprietate publica, Bacau, 24711 RACOVA, Anul 2024, Numar, 0
Policlinici, Proprietate publica, Bacau, 24999 ROSIORI, Anul 2024, Numar, 0
Policlinici, Proprietate publica, Bacau, 25148 SANDULENI, Anul 2024, Numar, 0
Policlinici, Proprietate publica, Bacau, 26320 SARATA, Anul 2024, Numar, 0
Policlinici, Proprietate publica, Bacau, 25068 SASCUT, Anul 2024, Numar, 0
Policlinici, Proprietate publica, Bacau, 25228 SAUCESTI, Anul 2024, Numar, 0
Policlinici, Proprietate publica, Bacau, 25291 SCORTENI, Anul 2024, Numar, 0
Policlinici, Proprietate publica, Bacau, 25362 SECUIENI, Anul 2024, Numar, 0
Policlinici, Proprietate publica, Bacau, 25488 SOLONT, Anul 2024, Numar, 0
Policlinici, Proprietate publica, Bacau, 25521 STANISESTI, Anul 2024, Numar, 0
Policlinici, Proprietate publica, Bacau, 20670 STEFAN CEL MARE, Anul 2024, Numar, 0
Policlinici, Proprietate publica, Bacau, 25629 STRUGARI, Anul 2024, Numar, 0
Policlinici, Proprietate publica, Bacau, 25692 TAMASI, Anul 2024, Numar, 0
Policlinici, Proprietate publica, Bacau, 25825 TARGU TROTUS, Anul 2024, Numar, 0
Policlinici, Proprietate publica, Bacau, 25745 TATARASTI, Anul 2024, Numar, 0
Policlinici, Proprietate publica, Bacau, 25861 TRAIAN, Anul 2024, Numar, 0
Policlinici, Proprietate publica, Bacau, 25932 UNGURENI, Anul 2024, Numar, 0
Policlinici, Proprietate publica, Bacau, 26029 URECHESTI, Anul 2024, Numar, 0
Policlinici, Proprietate publica, Bacau, 26083 VALEA SEACA, Anul 2024, Numar, 0
Policlinici, Proprietate publica, Bacau, 26118 VULTURENI, Anul 2024, Numar, 0
Policlinici, Proprietate publica, Bacau, 26289 ZEMES, Anul 2024, Numar, 0
Policlinici, Proprietate privata, Bacau, 20297 MUNICIPIUL BACAU, Anul 2024, Numar, 0
Policlinici, Proprietate privata, Bacau, 20876 MUNICIPIUL MOINESTI, Anul 2024, Numar, 0
Policlinici, Proprietate privata, Bacau, 20563 MUNICIPIUL ONESTI, Anul 2024, Numar, 0
Policlinici, Proprietate privata, Bacau, 20778 ORAS BUHUSI, Anul 2024, Numar, 0
Policlinici, Proprietate privata, Bacau, 20821 ORAS COMANESTI, Anul 2024, Numar, 0
Policlinici, Proprietate privata, Bacau, 22166 ORAS DARMANESTI, Anul 2024, Numar, 0
Policlinici, Proprietate privata, Bacau, 20910 ORAS SLANIC-MOLDOVA, Anul 2024, Numar, 0
Policlinici, Proprietate privata, Bacau, 20965 ORAS TARGU OCNA, Anul 2024, Numar, 0
Policlinici, Proprietate privata, Bacau, 21007 AGAS, Anul 2024, Numar, 0
Policlinici, Proprietate privata, Bacau, 21098 ARDEOANI, Anul 2024, Numar, 0
Policlinici, Proprietate privata, Bacau, 21123 ASAU, Anul 2024, Numar, 0
Policlinici, Proprietate privata, Bacau, 21196 BALCANI, Anul 2024, Numar, 0
Policlinici, Proprietate privata, Bacau, 21249 BERESTI-BISTRITA, Anul 2024, Numar, 0
Policlinici, Proprietate privata, Bacau, 21338 BERESTI-TAZLAU, Anul 2024, Numar, 0
Policlinici, Proprietate privata, Bacau, 21418 BERZUNTI, Anul 2024, Numar, 0
Policlinici, Proprietate privata, Bacau, 21506 BLAGESTI, Anul 2024, Numar, 0
Policlinici, Proprietate privata, Bacau, 21560 BOGDANESTI, Anul 2024, Numar, 0
Policlinici, Proprietate privata, Bacau, 21597 BRUSTUROASA, Anul 2024, Numar, 0
Policlinici, Proprietate privata, Bacau, 26338 BUCIUMI, Anul 2024, Numar, 0
Policlinici, Proprietate privata, Bacau, 21668 BUHOCI, Anul 2024, Numar, 0
Policlinici, Proprietate privata, Bacau, 21757 CAIUTI, Anul 2024, Numar, 0
Policlinici, Proprietate privata, Bacau, 21720 CASIN, Anul 2024, Numar, 0
Policlinici, Proprietate privata, Bacau, 21855 CLEJA, Anul 2024, Numar, 0
Policlinici, Proprietate privata, Bacau, 21891 COLONESTI, Anul 2024, Numar, 0
Policlinici, Proprietate privata, Bacau, 21971 CORBASCA, Anul 2024, Numar, 0
Policlinici, Proprietate privata, Bacau, 22059 COTOFANESTI, Anul 2024, Numar, 0
Policlinici, Proprietate privata, Bacau, 22111 DAMIENESTI, Anul 2024, Numar, 0
Policlinici, Proprietate privata, Bacau, 22237 DEALU MORII, Anul 2024, Numar, 0
Policlinici, Proprietate privata, Bacau, 22380 DOFTEANA, Anul 2024, Numar, 0
Policlinici, Proprietate privata, Bacau, 22460 FARAOANI, Anul 2024, Numar, 0
Policlinici, Proprietate privata, Bacau, 22488 FILIPENI, Anul 2024, Numar, 0
Policlinici, Proprietate privata, Bacau, 22576 FILIPESTI, Anul 2024, Numar, 0
Policlinici, Proprietate privata, Bacau, 22665 GAICEANA, Anul 2024, Numar, 0
Policlinici, Proprietate privata, Bacau, 22781 GARLENI, Anul 2024, Numar, 0
Policlinici, Proprietate privata, Bacau, 22718 GHIMES-FAGET, Anul 2024, Numar, 0
Policlinici, Proprietate privata, Bacau, 26346 GIOSENI, Anul 2024, Numar, 0
Policlinici, Proprietate privata, Bacau, 22834 GLAVANESTI, Anul 2024, Numar, 0
Policlinici, Proprietate privata, Bacau, 20607 GURA VAII, Anul 2024, Numar, 0
Policlinici, Proprietate privata, Bacau, 22898 HELEGIU, Anul 2024, Numar, 0
Policlinici, Proprietate privata, Bacau, 20313 HEMEIUS, Anul 2024, Numar, 0
Policlinici, Proprietate privata, Bacau, 22941 HORGESTI, Anul 2024, Numar, 0
Policlinici, Proprietate privata, Bacau, 23047 HURUIESTI, Anul 2024, Numar, 0
Policlinici, Proprietate privata, Bacau, 26379 ITESTI, Anul 2024, Numar, 0
Policlinici, Proprietate privata, Bacau, 23127 IZVORU BERHECIULUI, Anul 2024, Numar, 0
Policlinici, Proprietate privata, Bacau, 20359 LETEA VECHE, Anul 2024, Numar, 0
Policlinici, Proprietate privata, Bacau, 23207 LIPOVA, Anul 2024, Numar, 0
Policlinici, Proprietate privata, Bacau, 23289 LIVEZI, Anul 2024, Numar, 0
Policlinici, Proprietate privata, Bacau, 23350 LUIZI-CALUGARA, Anul 2024, Numar, 0
Policlinici, Proprietate privata, Bacau, 23387 MAGIRESTI, Anul 2024, Numar, 0
Policlinici, Proprietate privata, Bacau, 20411 MAGURA, Anul 2024, Numar, 0
Policlinici, Proprietate privata, Bacau, 23449 MANASTIREA CASIN, Anul 2024, Numar, 0
Policlinici, Proprietate privata, Bacau, 20466 MARGINENI, Anul 2024, Numar, 0
Policlinici, Proprietate privata, Bacau, 23494 MOTOSENI, Anul 2024, Numar, 0
Policlinici, Proprietate privata, Bacau, 23644 NEGRI, Anul 2024, Numar, 0
Policlinici, Proprietate privata, Bacau, 23715 NICOLAE BALCESCU, Anul 2024, Numar, 0
Policlinici, Proprietate privata, Bacau, 26353 ODOBESTI, Anul 2024, Numar, 0
Policlinici, Proprietate privata, Bacau, 23797 OITUZ, Anul 2024, Numar, 0
Policlinici, Proprietate privata, Bacau, 23868 ONCESTI, Anul 2024, Numar, 0
Policlinici, Proprietate privata, Bacau, 23948 ORBENI, Anul 2024, Numar, 0
Policlinici, Proprietate privata, Bacau, 23975 PALANCA, Anul 2024, Numar, 0
Policlinici, Proprietate privata, Bacau, 24187 PANCESTI, Anul 2024, Numar, 0
Policlinici, Proprietate privata, Bacau, 24034 PARAVA, Anul 2024, Numar, 0
Policlinici, Proprietate privata, Bacau, 24276 PARGARESTI, Anul 2024, Numar, 0
Policlinici, Proprietate privata, Bacau, 24089 PARINCEA, Anul 2024, Numar, 0
Policlinici, Proprietate privata, Bacau, 24338 PARJOL, Anul 2024, Numar, 0
Policlinici, Proprietate privata, Bacau, 24427 PLOPANA, Anul 2024, Numar, 0
Policlinici, Proprietate privata, Bacau, 24524 PODU TURCULUI, Anul 2024, Numar, 0
Policlinici, Proprietate privata, Bacau, 24631 PODURI, Anul 2024, Numar, 0
Policlinici, Proprietate privata, Bacau, 26361 PRAJESTI, Anul 2024, Numar, 0
Policlinici, Proprietate privata, Bacau, 24766 RACACIUNI, Anul 2024, Numar, 0
Policlinici, Proprietate privata, Bacau, 24837 RACHITOASA, Anul 2024, Numar, 0
Policlinici, Proprietate privata, Bacau, 24711 RACOVA, Anul 2024, Numar, 0
Policlinici, Proprietate privata, Bacau, 24999 ROSIORI, Anul 2024, Numar, 0
Policlinici, Proprietate privata, Bacau, 25148 SANDULENI, Anul 2024, Numar, 0
Policlinici, Proprietate privata, Bacau, 26320 SARATA, Anul 2024, Numar, 0
Policlinici, Proprietate privata, Bacau, 25068 SASCUT, Anul 2024, Numar, 0
Policlinici, Proprietate privata, Bacau, 25228 SAUCESTI, Anul 2024, Numar, 0
Policlinici, Proprietate privata, Bacau, 25291 SCORTENI, Anul 2024, Numar, 0
Policlinici, Proprietate privata, Bacau, 25362 SECUIENI, Anul 2024, Numar, 0
Policlinici, Proprietate privata, Bacau, 25488 SOLONT, Anul 2024, Numar, 0
Policlinici, Proprietate privata, Bacau, 25521 STANISESTI, Anul 2024, Numar, 0
Policlinici, Proprietate privata, Bacau, 20670 STEFAN CEL MARE, Anul 2024, Numar, 0
Policlinici, Proprietate privata, Bacau, 25629 STRUGARI, Anul 2024, Numar, 0
Policlinici, Proprietate privata, Bacau, 25692 TAMASI, Anul 2024, Numar, 0
Policlinici, Proprietate privata, Bacau, 25825 TARGU TROTUS, Anul 2024, Numar, 0
Policlinici, Proprietate privata, Bacau, 25745 TATARASTI, Anul 2024, Numar, 0
Policlinici, Proprietate privata, Bacau, 25861 TRAIAN, Anul 2024, Numar, 0
Policlinici, Proprietate privata, Bacau, 25932 UNGURENI, Anul 2024, Numar, 0
Policlinici, Proprietate privata, Bacau, 26029 URECHESTI, Anul 2024, Numar, 0
Policlinici, Proprietate privata, Bacau, 26083 VALEA SEACA, Anul 2024, Numar, 0
Policlinici, Proprietate privata, Bacau, 26118 VULTURENI, Anul 2024, Numar, 0
Policlinici, Proprietate privata, Bacau, 26289 ZEMES, Anul 2024, Numar, 0
Dispensare medicale, Proprietate publica, Bacau, 20297 MUNICIPIUL BACAU, Anul 2024, Numar, 2
Dispensare medicale, Proprietate publica, Bacau, 20876 MUNICIPIUL MOINESTI, Anul 2024, Numar, 1
Dispensare medicale, Proprietate publica, Bacau, 20563 MUNICIPIUL ONESTI, Anul 2024, Numar, 1
Dispensare medicale, Proprietate publica, Bacau, 20778 ORAS BUHUSI, Anul 2024, Numar, 1
Dispensare medicale, Proprietate publica, Bacau, 20821 ORAS COMANESTI, Anul 2024, Numar, 0
Dispensare medicale, Proprietate publica, Bacau, 22166 ORAS DARMANESTI, Anul 2024, Numar, 0
Dispensare medicale, Proprietate publica, Bacau, 20910 ORAS SLANIC-MOLDOVA, Anul 2024, Numar, 0
Dispensare medicale, Proprietate publica, Bacau, 20965 ORAS TARGU OCNA, Anul 2024, Numar, 1
Dispensare medicale, Proprietate publica, Bacau, 21007 AGAS, Anul 2024, Numar, 0
Dispensare medicale, Proprietate publica, Bacau, 21098 ARDEOANI, Anul 2024, Numar, 0
Dispensare medicale, Proprietate publica, Bacau, 21123 ASAU, Anul 2024, Numar, 0
Dispensare medicale, Proprietate publica, Bacau, 21196 BALCANI, Anul 2024, Numar, 0
Dispensare medicale, Proprietate publica, Bacau, 21454 BARSANESTI, Anul 2024, Numar, 0
Dispensare medicale, Proprietate publica, Bacau, 21249 BERESTI-BISTRITA, Anul 2024, Numar, 0
Dispensare medicale, Proprietate publica, Bacau, 21338 BERESTI-TAZLAU, Anul 2024, Numar, 0
Dispensare medicale, Proprietate publica, Bacau, 21418 BERZUNTI, Anul 2024, Numar, 0
Dispensare medicale, Proprietate publica, Bacau, 21506 BLAGESTI, Anul 2024, Numar, 0
Dispensare medicale, Proprietate publica, Bacau, 21560 BOGDANESTI, Anul 2024, Numar, 0
Dispensare medicale, Proprietate publica, Bacau, 21597 BRUSTUROASA, Anul 2024, Numar, 0
Dispensare medicale, Proprietate publica, Bacau, 26338 BUCIUMI, Anul 2024, Numar, 0
Dispensare medicale, Proprietate publica, Bacau, 21668 BUHOCI, Anul 2024, Numar, 0
Dispensare medicale, Proprietate publica, Bacau, 21757 CAIUTI, Anul 2024, Numar, 0
Dispensare medicale, Proprietate publica, Bacau, 21720 CASIN, Anul 2024, Numar, 0
Dispensare medicale, Proprietate publica, Bacau, 21855 CLEJA, Anul 2024, Numar, 0
Dispensare medicale, Proprietate publica, Bacau, 21891 COLONESTI, Anul 2024, Numar, 0
Dispensare medicale, Proprietate publica, Bacau, 21971 CORBASCA, Anul 2024, Numar, 0
Dispensare medicale, Proprietate publica, Bacau, 22059 COTOFANESTI, Anul 2024, Numar, 0
Dispensare medicale, Proprietate publica, Bacau, 22111 DAMIENESTI, Anul 2024, Numar, 0
Dispensare medicale, Proprietate publica, Bacau, 22237 DEALU MORII, Anul 2024, Numar, 0
Dispensare medicale, Proprietate publica, Bacau, 22380 DOFTEANA, Anul 2024, Numar, 0
Dispensare medicale, Proprietate publica, Bacau, 22460 FARAOANI, Anul 2024, Numar, 0
Dispensare medicale, Proprietate publica, Bacau, 22488 FILIPENI, Anul 2024, Numar, 0
Dispensare medicale, Proprietate publica, Bacau, 22576 FILIPESTI, Anul 2024, Numar, 0
Dispensare medicale, Proprietate publica, Bacau, 22665 GAICEANA, Anul 2024, Numar, 0
Dispensare medicale, Proprietate publica, Bacau, 22781 GARLENI, Anul 2024, Numar, 0
Dispensare medicale, Proprietate publica, Bacau, 22718 GHIMES-FAGET, Anul 2024, Numar, 0
Dispensare medicale, Proprietate publica, Bacau, 26346 GIOSENI, Anul 2024, Numar, 0
Dispensare medicale, Proprietate publica, Bacau, 22834 GLAVANESTI, Anul 2024, Numar, 0
Dispensare medicale, Proprietate publica, Bacau, 20607 GURA VAII, Anul 2024, Numar, 0
Dispensare medicale, Proprietate publica, Bacau, 22898 HELEGIU, Anul 2024, Numar, 0
Dispensare medicale, Proprietate publica, Bacau, 20313 HEMEIUS, Anul 2024, Numar, 0
Dispensare medicale, Proprietate publica, Bacau, 22941 HORGESTI, Anul 2024, Numar, 0
Dispensare medicale, Proprietate publica, Bacau, 23047 HURUIESTI, Anul 2024, Numar, 0
Dispensare medicale, Proprietate publica, Bacau, 26379 ITESTI, Anul 2024, Numar, 0
Dispensare medicale, Proprietate publica, Bacau, 23127 IZVORU BERHECIULUI, Anul 2024, Numar, 0
Dispensare medicale, Proprietate publica, Bacau, 20359 LETEA VECHE, Anul 2024, Numar, 0
Dispensare medicale, Proprietate publica, Bacau, 23207 LIPOVA, Anul 2024, Numar, 0
Dispensare medicale, Proprietate publica, Bacau, 23289 LIVEZI, Anul 2024, Numar, 0
Dispensare medicale, Proprietate publica, Bacau, 23350 LUIZI-CALUGARA, Anul 2024, Numar, 0
Dispensare medicale, Proprietate publica, Bacau, 23387 MAGIRESTI, Anul 2024, Numar, 0
Dispensare medicale, Proprietate publica, Bacau, 20411 MAGURA, Anul 2024, Numar, 0
Dispensare medicale, Proprietate publica, Bacau, 23449 MANASTIREA CASIN, Anul 2024, Numar, 0
Dispensare medicale, Proprietate publica, Bacau, 20466 MARGINENI, Anul 2024, Numar, 0
Dispensare medicale, Proprietate publica, Bacau, 23494 MOTOSENI, Anul 2024, Numar, 0
Dispensare medicale, Proprietate publica, Bacau, 23644 NEGRI, Anul 2024, Numar, 0
Dispensare medicale, Proprietate publica, Bacau, 23715 NICOLAE BALCESCU, Anul 2024, Numar, 0
Dispensare medicale, Proprietate publica, Bacau, 26353 ODOBESTI, Anul 2024, Numar, 0
Dispensare medicale, Proprietate publica, Bacau, 23797 OITUZ, Anul 2024, Numar, 0
Dispensare medicale, Proprietate publica, Bacau, 23868 ONCESTI, Anul 2024, Numar, 0
Dispensare medicale, Proprietate publica, Bacau, 23948 ORBENI, Anul 2024, Numar, 0
Dispensare medicale, Proprietate publica, Bacau, 23975 PALANCA, Anul 2024, Numar, 0
Dispensare medicale, Proprietate publica, Bacau, 24187 PANCESTI, Anul 2024, Numar, 0
Dispensare medicale, Proprietate publica, Bacau, 24034 PARAVA, Anul 2024, Numar, 0
Dispensare medicale, Proprietate publica, Bacau, 24276 PARGARESTI, Anul 2024, Numar, 0
Dispensare medicale, Proprietate publica, Bacau, 24089 PARINCEA, Anul 2024, Numar, 0
Dispensare medicale, Proprietate publica, Bacau, 24338 PARJOL, Anul 2024, Numar, 0
Dispensare medicale, Proprietate publica, Bacau, 24427 PLOPANA, Anul 2024, Numar, 0
Dispensare medicale, Proprietate publica, Bacau, 24524 PODU TURCULUI, Anul 2024, Numar, 0
Dispensare medicale, Proprietate publica, Bacau, 24631 PODURI, Anul 2024, Numar, 0
Dispensare medicale, Proprietate publica, Bacau, 26361 PRAJESTI, Anul 2024, Numar, 0
Dispensare medicale, Proprietate publica, Bacau, 24766 RACACIUNI, Anul 2024, Numar, 0
Dispensare medicale, Proprietate publica, Bacau, 24837 RACHITOASA, Anul 2024, Numar, 0
Dispensare medicale, Proprietate publica, Bacau, 24711 RACOVA, Anul 2024, Numar, 0
Dispensare medicale, Proprietate publica, Bacau, 24999 ROSIORI, Anul 2024, Numar, 0
Dispensare medicale, Proprietate publica, Bacau, 25148 SANDULENI, Anul 2024, Numar, 0
Dispensare medicale, Proprietate publica, Bacau, 26320 SARATA, Anul 2024, Numar, 0
Dispensare medicale, Proprietate publica, Bacau, 25068 SASCUT, Anul 2024, Numar, 0
Dispensare medicale, Proprietate publica, Bacau, 25228 SAUCESTI, Anul 2024, Numar, 0
Dispensare medicale, Proprietate publica, Bacau, 25291 SCORTENI, Anul 2024, Numar, 0
Dispensare medicale, Proprietate publica, Bacau, 25362 SECUIENI, Anul 2024, Numar, 0
Dispensare medicale, Proprietate publica, Bacau, 25488 SOLONT, Anul 2024, Numar, 0
Dispensare medicale, Proprietate publica, Bacau, 25521 STANISESTI, Anul 2024, Numar, 0
Dispensare medicale, Proprietate publica, Bacau, 20670 STEFAN CEL MARE, Anul 2024, Numar, 0
Dispensare medicale, Proprietate publica, Bacau, 25629 STRUGARI, Anul 2024, Numar, 0
Dispensare medicale, Proprietate publica, Bacau, 25692 TAMASI, Anul 2024, Numar, 0
Dispensare medicale, Proprietate publica, Bacau, 25825 TARGU TROTUS, Anul 2024, Numar, 0
Dispensare medicale, Proprietate publica, Bacau, 25745 TATARASTI, Anul 2024, Numar, 0
Dispensare medicale, Proprietate publica, Bacau, 25861 TRAIAN, Anul 2024, Numar, 0
Dispensare medicale, Proprietate publica, Bacau, 25932 UNGURENI, Anul 2024, Numar, 0
Dispensare medicale, Proprietate publica, Bacau, 26029 URECHESTI, Anul 2024, Numar, 0
Dispensare medicale, Proprietate publica, Bacau, 26083 VALEA SEACA, Anul 2024, Numar, 0
Dispensare medicale, Proprietate publica, Bacau, 26118 VULTURENI, Anul 2024, Numar, 0
Dispensare medicale, Proprietate publica, Bacau, 26289 ZEMES, Anul 2024, Numar, 0
Dispensare medicale, Proprietate privata, Bacau, 20297 MUNICIPIUL BACAU, Anul 2024, Numar, 0
Dispensare medicale, Proprietate privata, Bacau, 20876 MUNICIPIUL MOINESTI, Anul 2024, Numar, 0
Dispensare medicale, Proprietate privata, Bacau, 20563 MUNICIPIUL ONESTI, Anul 2024, Numar, 0
Dispensare medicale, Proprietate privata, Bacau, 20778 ORAS BUHUSI, Anul 2024, Numar, 0
Dispensare medicale, Proprietate privata, Bacau, 20821 ORAS COMANESTI, Anul 2024, Numar, 0
Dispensare medicale, Proprietate privata, Bacau, 22166 ORAS DARMANESTI, Anul 2024, Numar, 0
Dispensare medicale, Proprietate privata, Bacau, 20910 ORAS SLANIC-MOLDOVA, Anul 2024, Numar, 0
Dispensare medicale, Proprietate privata, Bacau, 20965 ORAS TARGU OCNA, Anul 2024, Numar, 0
Dispensare medicale, Proprietate privata, Bacau, 21007 AGAS, Anul 2024, Numar, 0
Dispensare medicale, Proprietate privata, Bacau, 21098 ARDEOANI, Anul 2024, Numar, 0
Dispensare medicale, Proprietate privata, Bacau, 21123 ASAU, Anul 2024, Numar, 0
Dispensare medicale, Proprietate privata, Bacau, 21196 BALCANI, Anul 2024, Numar, 0
Dispensare medicale, Proprietate privata, Bacau, 21454 BARSANESTI, Anul 2024, Numar, 0
Dispensare medicale, Proprietate privata, Bacau, 21249 BERESTI-BISTRITA, Anul 2024, Numar, 0
Dispensare medicale, Proprietate privata, Bacau, 21338 BERESTI-TAZLAU, Anul 2024, Numar, 0
Dispensare medicale, Proprietate privata, Bacau, 21418 BERZUNTI, Anul 2024, Numar, 0
Dispensare medicale, Proprietate privata, Bacau, 21506 BLAGESTI, Anul 2024, Numar, 0
Dispensare medicale, Proprietate privata, Bacau, 21560 BOGDANESTI, Anul 2024, Numar, 0
Dispensare medicale, Proprietate privata, Bacau, 21597 BRUSTUROASA, Anul 2024, Numar, 0
Dispensare medicale, Proprietate privata, Bacau, 26338 BUCIUMI, Anul 2024, Numar, 0
Dispensare medicale, Proprietate privata, Bacau, 21668 BUHOCI, Anul 2024, Numar, 0
Dispensare medicale, Proprietate privata, Bacau, 21757 CAIUTI, Anul 2024, Numar, 0
Dispensare medicale, Proprietate privata, Bacau, 21720 CASIN, Anul 2024, Numar, 0
Dispensare medicale, Proprietate privata, Bacau, 21855 CLEJA, Anul 2024, Numar, 0
Dispensare medicale, Proprietate privata, Bacau, 21891 COLONESTI, Anul 2024, Numar, 0
Dispensare medicale, Proprietate privata, Bacau, 21971 CORBASCA, Anul 2024, Numar, 0
Dispensare medicale, Proprietate privata, Bacau, 22059 COTOFANESTI, Anul 2024, Numar, 0
Dispensare medicale, Proprietate privata, Bacau, 22111 DAMIENESTI, Anul 2024, Numar, 0
Dispensare medicale, Proprietate privata, Bacau, 22237 DEALU MORII, Anul 2024, Numar, 0
Dispensare medicale, Proprietate privata, Bacau, 22380 DOFTEANA, Anul 2024, Numar, 0
Dispensare medicale, Proprietate privata, Bacau, 22460 FARAOANI, Anul 2024, Numar, 0
Dispensare medicale, Proprietate privata, Bacau, 22488 FILIPENI, Anul 2024, Numar, 0
Dispensare medicale, Proprietate privata, Bacau, 22576 FILIPESTI, Anul 2024, Numar, 0
Dispensare medicale, Proprietate privata, Bacau, 22665 GAICEANA, Anul 2024, Numar, 0
Dispensare medicale, Proprietate privata, Bacau, 22781 GARLENI, Anul 2024, Numar, 0
Dispensare medicale, Proprietate privata, Bacau, 22718 GHIMES-FAGET, Anul 2024, Numar, 0
Dispensare medicale, Proprietate privata, Bacau, 26346 GIOSENI, Anul 2024, Numar, 0
Dispensare medicale, Proprietate privata, Bacau, 22834 GLAVANESTI, Anul 2024, Numar, 0
Dispensare medicale, Proprietate privata, Bacau, 20607 GURA VAII, Anul 2024, Numar, 0
Dispensare medicale, Proprietate privata, Bacau, 22898 HELEGIU, Anul 2024, Numar, 0
Dispensare medicale, Proprietate privata, Bacau, 20313 HEMEIUS, Anul 2024, Numar, 0
Dispensare medicale, Proprietate privata, Bacau, 22941 HORGESTI, Anul 2024, Numar, 0
Dispensare medicale, Proprietate privata, Bacau, 23047 HURUIESTI, Anul 2024, Numar, 0
Dispensare medicale, Proprietate privata, Bacau, 26379 ITESTI, Anul 2024, Numar, 0
Dispensare medicale, Proprietate privata, Bacau, 23127 IZVORU BERHECIULUI, Anul 2024, Numar, 0
Dispensare medicale, Proprietate privata, Bacau, 20359 LETEA VECHE, Anul 2024, Numar, 0
Dispensare medicale, Proprietate privata, Bacau, 23207 LIPOVA, Anul 2024, Numar, 0
Dispensare medicale, Proprietate privata, Bacau, 23289 LIVEZI, Anul 2024, Numar, 0
Dispensare medicale, Proprietate privata, Bacau, 23350 LUIZI-CALUGARA, Anul 2024, Numar, 0
Dispensare medicale, Proprietate privata, Bacau, 23387 MAGIRESTI, Anul 2024, Numar, 0
Dispensare medicale, Proprietate privata, Bacau, 20411 MAGURA, Anul 2024, Numar, 0
Dispensare medicale, Proprietate privata, Bacau, 23449 MANASTIREA CASIN, Anul 2024, Numar, 0
Dispensare medicale, Proprietate privata, Bacau, 20466 MARGINENI, Anul 2024, Numar, 0
Dispensare medicale, Proprietate privata, Bacau, 23494 MOTOSENI, Anul 2024, Numar, 0
Dispensare medicale, Proprietate privata, Bacau, 23644 NEGRI, Anul 2024, Numar, 0
Dispensare medicale, Proprietate privata, Bacau, 23715 NICOLAE BALCESCU, Anul 2024, Numar, 0
Dispensare medicale, Proprietate privata, Bacau, 26353 ODOBESTI, Anul 2024, Numar, 0
Dispensare medicale, Proprietate privata, Bacau, 23797 OITUZ, Anul 2024, Numar, 0
Dispensare medicale, Proprietate privata, Bacau, 23868 ONCESTI, Anul 2024, Numar, 0
Dispensare medicale, Proprietate privata, Bacau, 23948 ORBENI, Anul 2024, Numar, 0
Dispensare medicale, Proprietate privata, Bacau, 23975 PALANCA, Anul 2024, Numar, 0
Dispensare medicale, Proprietate privata, Bacau, 24187 PANCESTI, Anul 2024, Numar, 0
Dispensare medicale, Proprietate privata, Bacau, 24034 PARAVA, Anul 2024, Numar, 0
Dispensare medicale, Proprietate privata, Bacau, 24276 PARGARESTI, Anul 2024, Numar, 0
Dispensare medicale, Proprietate privata, Bacau, 24089 PARINCEA, Anul 2024, Numar, 0
Dispensare medicale, Proprietate privata, Bacau, 24338 PARJOL, Anul 2024, Numar, 0
Dispensare medicale, Proprietate privata, Bacau, 24427 PLOPANA, Anul 2024, Numar, 0
Dispensare medicale, Proprietate privata, Bacau, 24524 PODU TURCULUI, Anul 2024, Numar, 0
Dispensare medicale, Proprietate privata, Bacau, 24631 PODURI, Anul 2024, Numar, 0
Dispensare medicale, Proprietate privata, Bacau, 26361 PRAJESTI, Anul 2024, Numar, 0
Dispensare medicale, Proprietate privata, Bacau, 24766 RACACIUNI, Anul 2024, Numar, 0
Dispensare medicale, Proprietate privata, Bacau, 24837 RACHITOASA, Anul 2024, Numar, 0
Dispensare medicale, Proprietate privata, Bacau, 24711 RACOVA, Anul 2024, Numar, 0
Dispensare medicale, Proprietate privata, Bacau, 24999 ROSIORI, Anul 2024, Numar, 0
Dispensare medicale, Proprietate privata, Bacau, 25148 SANDULENI, Anul 2024, Numar, 0
Dispensare medicale, Proprietate privata, Bacau, 26320 SARATA, Anul 2024, Numar, 0
Dispensare medicale, Proprietate privata, Bacau, 25068 SASCUT, Anul 2024, Numar, 0
Dispensare medicale, Proprietate privata, Bacau, 25228 SAUCESTI, Anul 2024, Numar, 0
Dispensare medicale, Proprietate privata, Bacau, 25291 SCORTENI, Anul 2024, Numar, 0
Dispensare medicale, Proprietate privata, Bacau, 25362 SECUIENI, Anul 2024, Numar, 0
Dispensare medicale, Proprietate privata, Bacau, 25488 SOLONT, Anul 2024, Numar, 0
Dispensare medicale, Proprietate privata, Bacau, 25521 STANISESTI, Anul 2024, Numar, 0
Dispensare medicale, Proprietate privata, Bacau, 20670 STEFAN CEL MARE, Anul 2024, Numar, 0
Dispensare medicale, Proprietate privata, Bacau, 25629 STRUGARI, Anul 2024, Numar, 0
Dispensare medicale, Proprietate privata, Bacau, 25692 TAMASI, Anul 2024, Numar, 0
Dispensare medicale, Proprietate privata, Bacau, 25825 TARGU TROTUS, Anul 2024, Numar, 0
Dispensare medicale, Proprietate privata, Bacau, 25745 TATARASTI, Anul 2024, Numar, 0
Dispensare medicale, Proprietate privata, Bacau, 25861 TRAIAN, Anul 2024, Numar, 0
Dispensare medicale, Proprietate privata, Bacau, 25932 UNGURENI, Anul 2024, Numar, 0
Dispensare medicale, Proprietate privata, Bacau, 26029 URECHESTI, Anul 2024, Numar, 0
Dispensare medicale, Proprietate privata, Bacau, 26083 VALEA SEACA, Anul 2024, Numar, 0
Dispensare medicale, Proprietate privata, Bacau, 26118 VULTURENI, Anul 2024, Numar, 0
Dispensare medicale, Proprietate privata, Bacau, 26289 ZEMES, Anul 2024, Numar, 0
Centre de sanatate, Proprietate privata, Bacau, 20466 MARGINENI, Anul 2024, Numar, 1
Centre de sanatate mintala, Proprietate publica, Bacau, 20297 MUNICIPIUL BACAU, Anul 2024, Numar, 2
Centre de sanatate mintala, Proprietate publica, Bacau, 20876 MUNICIPIUL MOINESTI, Anul 2024, Numar, 0
Centre de sanatate mintala, Proprietate publica, Bacau, 20563 MUNICIPIUL ONESTI, Anul 2024, Numar, 0
Centre de sanatate mintala, Proprietate publica, Bacau, 20778 ORAS BUHUSI, Anul 2024, Numar, 0
Centre de sanatate mintala, Proprietate publica, Bacau, 20821 ORAS COMANESTI, Anul 2024, Numar, 0
Centre de sanatate mintala, Proprietate publica, Bacau, 22166 ORAS DARMANESTI, Anul 2024, Numar, 0
Centre de sanatate mintala, Proprietate publica, Bacau, 20910 ORAS SLANIC-MOLDOVA, Anul 2024, Numar, 0
Centre de sanatate mintala, Proprietate publica, Bacau, 20965 ORAS TARGU OCNA, Anul 2024, Numar, 0
Centre de sanatate mintala, Proprietate publica, Bacau, 21007 AGAS, Anul 2024, Numar, 0
Centre de sanatate mintala, Proprietate publica, Bacau, 21098 ARDEOANI, Anul 2024, Numar, 0
Centre de sanatate mintala, Proprietate publica, Bacau, 21123 ASAU, Anul 2024, Numar, 0
Centre de sanatate mintala, Proprietate publica, Bacau, 21196 BALCANI, Anul 2024, Numar, 0
Centre de sanatate mintala, Proprietate publica, Bacau, 21454 BARSANESTI, Anul 2024, Numar, 0
Centre de sanatate mintala, Proprietate publica, Bacau, 21249 BERESTI-BISTRITA, Anul 2024, Numar, 0
Centre de sanatate mintala, Proprietate publica, Bacau, 21338 BERESTI-TAZLAU, Anul 2024, Numar, 0
Centre de sanatate mintala, Proprietate publica, Bacau, 21418 BERZUNTI, Anul 2024, Numar, 0
Centre de sanatate mintala, Proprietate publica, Bacau, 21506 BLAGESTI, Anul 2024, Numar, 0
Centre de sanatate mintala, Proprietate publica, Bacau, 21560 BOGDANESTI, Anul 2024, Numar, 0
Centre de sanatate mintala, Proprietate publica, Bacau, 21597 BRUSTUROASA, Anul 2024, Numar, 0
Centre de sanatate mintala, Proprietate publica, Bacau, 26338 BUCIUMI, Anul 2024, Numar, 0
Centre de sanatate mintala, Proprietate publica, Bacau, 21668 BUHOCI, Anul 2024, Numar, 0
Centre de sanatate mintala, Proprietate publica, Bacau, 21757 CAIUTI, Anul 2024, Numar, 0
Centre de sanatate mintala, Proprietate publica, Bacau, 21720 CASIN, Anul 2024, Numar, 0
Centre de sanatate mintala, Proprietate publica, Bacau, 21855 CLEJA, Anul 2024, Numar, 0
Centre de sanatate mintala, Proprietate publica, Bacau, 21891 COLONESTI, Anul 2024, Numar, 0
Centre de sanatate mintala, Proprietate publica, Bacau, 21971 CORBASCA, Anul 2024, Numar, 0
Centre de sanatate mintala, Proprietate publica, Bacau, 22059 COTOFANESTI, Anul 2024, Numar, 0
Centre de sanatate mintala, Proprietate publica, Bacau, 22111 DAMIENESTI, Anul 2024, Numar, 0
Centre de sanatate mintala, Proprietate publica, Bacau, 22237 DEALU MORII, Anul 2024, Numar, 0
Centre de sanatate mintala, Proprietate publica, Bacau, 22380 DOFTEANA, Anul 2024, Numar, 0
Centre de sanatate mintala, Proprietate publica, Bacau, 22460 FARAOANI, Anul 2024, Numar, 0
Centre de sanatate mintala, Proprietate publica, Bacau, 22488 FILIPENI, Anul 2024, Numar, 0
Centre de sanatate mintala, Proprietate publica, Bacau, 22576 FILIPESTI, Anul 2024, Numar, 0
Centre de sanatate mintala, Proprietate publica, Bacau, 22665 GAICEANA, Anul 2024, Numar, 0
Centre de sanatate mintala, Proprietate publica, Bacau, 22781 GARLENI, Anul 2024, Numar, 0
Centre de sanatate mintala, Proprietate publica, Bacau, 22718 GHIMES-FAGET, Anul 2024, Numar, 0
Centre de sanatate mintala, Proprietate publica, Bacau, 26346 GIOSENI, Anul 2024, Numar, 0
Centre de sanatate mintala, Proprietate publica, Bacau, 22834 GLAVANESTI, Anul 2024, Numar, 0
Centre de sanatate mintala, Proprietate publica, Bacau, 20607 GURA VAII, Anul 2024, Numar, 0
Centre de sanatate mintala, Proprietate publica, Bacau, 22898 HELEGIU, Anul 2024, Numar, 0
Centre de sanatate mintala, Proprietate publica, Bacau, 20313 HEMEIUS, Anul 2024, Numar, 0
Centre de sanatate mintala, Proprietate publica, Bacau, 22941 HORGESTI, Anul 2024, Numar, 0
Centre de sanatate mintala, Proprietate publica, Bacau, 23047 HURUIESTI, Anul 2024, Numar, 0
Centre de sanatate mintala, Proprietate publica, Bacau, 26379 ITESTI, Anul 2024, Numar, 0
Centre de sanatate mintala, Proprietate publica, Bacau, 23127 IZVORU BERHECIULUI, Anul 2024, Numar, 0
Centre de sanatate mintala, Proprietate publica, Bacau, 20359 LETEA VECHE, Anul 2024, Numar, 0
Centre de sanatate mintala, Proprietate publica, Bacau, 23207 LIPOVA, Anul 2024, Numar, 0
Centre de sanatate mintala, Proprietate publica, Bacau, 23289 LIVEZI, Anul 2024, Numar, 0
Centre de sanatate mintala, Proprietate publica, Bacau, 23350 LUIZI-CALUGARA, Anul 2024, Numar, 0
Centre de sanatate mintala, Proprietate publica, Bacau, 23387 MAGIRESTI, Anul 2024, Numar, 0
Centre de sanatate mintala, Proprietate publica, Bacau, 20411 MAGURA, Anul 2024, Numar, 0
Centre de sanatate mintala, Proprietate publica, Bacau, 23449 MANASTIREA CASIN, Anul 2024, Numar, 0
Centre de sanatate mintala, Proprietate publica, Bacau, 20466 MARGINENI, Anul 2024, Numar, 0
Centre de sanatate mintala, Proprietate publica, Bacau, 23494 MOTOSENI, Anul 2024, Numar, 0
Centre de sanatate mintala, Proprietate publica, Bacau, 23644 NEGRI, Anul 2024, Numar, 0
Centre de sanatate mintala, Proprietate publica, Bacau, 23715 NICOLAE BALCESCU, Anul 2024, Numar, 0
Centre de sanatate mintala, Proprietate publica, Bacau, 26353 ODOBESTI, Anul 2024, Numar, 0
Centre de sanatate mintala, Proprietate publica, Bacau, 23797 OITUZ, Anul 2024, Numar, 0
Centre de sanatate mintala, Proprietate publica, Bacau, 23868 ONCESTI, Anul 2024, Numar, 0
Centre de sanatate mintala, Proprietate publica, Bacau, 23948 ORBENI, Anul 2024, Numar, 0
Centre de sanatate mintala, Proprietate publica, Bacau, 23975 PALANCA, Anul 2024, Numar, 0
Centre de sanatate mintala, Proprietate publica, Bacau, 24187 PANCESTI, Anul 2024, Numar, 0
Centre de sanatate mintala, Proprietate publica, Bacau, 24034 PARAVA, Anul 2024, Numar, 0
Centre de sanatate mintala, Proprietate publica, Bacau, 24276 PARGARESTI, Anul 2024, Numar, 0
Centre de sanatate mintala, Proprietate publica, Bacau, 24089 PARINCEA, Anul 2024, Numar, 0
Centre de sanatate mintala, Proprietate publica, Bacau, 24338 PARJOL, Anul 2024, Numar, 0
Centre de sanatate mintala, Proprietate publica, Bacau, 24427 PLOPANA, Anul 2024, Numar, 0
Centre de sanatate mintala, Proprietate publica, Bacau, 24524 PODU TURCULUI, Anul 2024, Numar, 0
Centre de sanatate mintala, Proprietate publica, Bacau, 24631 PODURI, Anul 2024, Numar, 0
Centre de sanatate mintala, Proprietate publica, Bacau, 26361 PRAJESTI, Anul 2024, Numar, 0
Centre de sanatate mintala, Proprietate publica, Bacau, 24766 RACACIUNI, Anul 2024, Numar, 0
Centre de sanatate mintala, Proprietate publica, Bacau, 24837 RACHITOASA, Anul 2024, Numar, 0
Centre de sanatate mintala, Proprietate publica, Bacau, 24711 RACOVA, Anul 2024, Numar, 0
Centre de sanatate mintala, Proprietate publica, Bacau, 24999 ROSIORI, Anul 2024, Numar, 0
Centre de sanatate mintala, Proprietate publica, Bacau, 25148 SANDULENI, Anul 2024, Numar, 0
Centre de sanatate mintala, Proprietate publica, Bacau, 26320 SARATA, Anul 2024, Numar, 0
Centre de sanatate mintala, Proprietate publica, Bacau, 25068 SASCUT, Anul 2024, Numar, 0
Centre de sanatate mintala, Proprietate publica, Bacau, 25228 SAUCESTI, Anul 2024, Numar, 0
Centre de sanatate mintala, Proprietate publica, Bacau, 25291 SCORTENI, Anul 2024, Numar, 0
Centre de sanatate mintala, Proprietate publica, Bacau, 25362 SECUIENI, Anul 2024, Numar, 0
Centre de sanatate mintala, Proprietate publica, Bacau, 25488 SOLONT, Anul 2024, Numar, 0
Centre de sanatate mintala, Proprietate publica, Bacau, 25521 STANISESTI, Anul 2024, Numar, 0
Centre de sanatate mintala, Proprietate publica, Bacau, 20670 STEFAN CEL MARE, Anul 2024, Numar, 0
Centre de sanatate mintala, Proprietate publica, Bacau, 25629 STRUGARI, Anul 2024, Numar, 0
Centre de sanatate mintala, Proprietate publica, Bacau, 25692 TAMASI, Anul 2024, Numar, 0
Centre de sanatate mintala, Proprietate publica, Bacau, 25825 TARGU TROTUS, Anul 2024, Numar, 0
Centre de sanatate mintala, Proprietate publica, Bacau, 25745 TATARASTI, Anul 2024, Numar, 0
Centre de sanatate mintala, Proprietate publica, Bacau, 25861 TRAIAN, Anul 2024, Numar, 0
Centre de sanatate mintala, Proprietate publica, Bacau, 25932 UNGURENI, Anul 2024, Numar, 0
Centre de sanatate mintala, Proprietate publica, Bacau, 26029 URECHESTI, Anul 2024, Numar, 0
Centre de sanatate mintala, Proprietate publica, Bacau, 26083 VALEA SEACA, Anul 2024, Numar, 0
Centre de sanatate mintala, Proprietate publica, Bacau, 26118 VULTURENI, Anul 2024, Numar, 0
Centre de sanatate mintala, Proprietate publica, Bacau, 26289 ZEMES, Anul 2024, Numar, 0
Sanatorii balneare, Proprietate privata, Bacau, 20910 ORAS SLANIC-MOLDOVA, Anul 2024, Numar, 1
Sanatorii balneare, Proprietate privata, Bacau, 20965 ORAS TARGU OCNA, Anul 2024, Numar, 1
Centre de diagnostic si tratament, Proprietate publica, Bacau, 20297 MUNICIPIUL BACAU, Anul 2024, Numar, 0
Centre de diagnostic si tratament, Proprietate publica, Bacau, 20876 MUNICIPIUL MOINESTI, Anul 2024, Numar, 0
Centre de diagnostic si tratament, Proprietate publica, Bacau, 20563 MUNICIPIUL ONESTI, Anul 2024, Numar, 0
Centre de diagnostic si tratament, Proprietate publica, Bacau, 20778 ORAS BUHUSI, Anul 2024, Numar, 0
Centre de diagnostic si tratament, Proprietate publica, Bacau, 20821 ORAS COMANESTI, Anul 2024, Numar, 0
Centre de diagnostic si tratament, Proprietate publica, Bacau, 22166 ORAS DARMANESTI, Anul 2024, Numar, 0
Centre de diagnostic si tratament, Proprietate publica, Bacau, 20910 ORAS SLANIC-MOLDOVA, Anul 2024, Numar, 0
Centre de diagnostic si tratament, Proprietate publica, Bacau, 20965 ORAS TARGU OCNA, Anul 2024, Numar, 0
Centre de diagnostic si tratament, Proprietate publica, Bacau, 21007 AGAS, Anul 2024, Numar, 0
Centre de diagnostic si tratament, Proprietate publica, Bacau, 21098 ARDEOANI, Anul 2024, Numar, 0
Centre de diagnostic si tratament, Proprietate publica, Bacau, 21123 ASAU, Anul 2024, Numar, 0
Centre de diagnostic si tratament, Proprietate publica, Bacau, 21196 BALCANI, Anul 2024, Numar, 0
Centre de diagnostic si tratament, Proprietate publica, Bacau, 21454 BARSANESTI, Anul 2024, Numar, 0
Centre de diagnostic si tratament, Proprietate publica, Bacau, 21249 BERESTI-BISTRITA, Anul 2024, Numar, 0
Centre de diagnostic si tratament, Proprietate publica, Bacau, 21338 BERESTI-TAZLAU, Anul 2024, Numar, 0
Centre de diagnostic si tratament, Proprietate publica, Bacau, 21418 BERZUNTI, Anul 2024, Numar, 0
Centre de diagnostic si tratament, Proprietate publica, Bacau, 21506 BLAGESTI, Anul 2024, Numar, 0
Centre de diagnostic si tratament, Proprietate publica, Bacau, 21560 BOGDANESTI, Anul 2024, Numar, 0
Centre de diagnostic si tratament, Proprietate publica, Bacau, 21597 BRUSTUROASA, Anul 2024, Numar, 0
Centre de diagnostic si tratament, Proprietate publica, Bacau, 26338 BUCIUMI, Anul 2024, Numar, 0
Centre de diagnostic si tratament, Proprietate publica, Bacau, 21668 BUHOCI, Anul 2024, Numar, 0
Centre de diagnostic si tratament, Proprietate publica, Bacau, 21757 CAIUTI, Anul 2024, Numar, 0
Centre de diagnostic si tratament, Proprietate publica, Bacau, 21720 CASIN, Anul 2024, Numar, 0
Centre de diagnostic si tratament, Proprietate publica, Bacau, 21855 CLEJA, Anul 2024, Numar, 0
Centre de diagnostic si tratament, Proprietate publica, Bacau, 21891 COLONESTI, Anul 2024, Numar, 0
Centre de diagnostic si tratament, Proprietate publica, Bacau, 21971 CORBASCA, Anul 2024, Numar, 0
Centre de diagnostic si tratament, Proprietate publica, Bacau, 22059 COTOFANESTI, Anul 2024, Numar, 0
Centre de diagnostic si tratament, Proprietate publica, Bacau, 22111 DAMIENESTI, Anul 2024, Numar, 0
Centre de diagnostic si tratament, Proprietate publica, Bacau, 22237 DEALU MORII, Anul 2024, Numar, 0
Centre de diagnostic si tratament, Proprietate publica, Bacau, 22380 DOFTEANA, Anul 2024, Numar, 0
Centre de diagnostic si tratament, Proprietate publica, Bacau, 22460 FARAOANI, Anul 2024, Numar, 0
Centre de diagnostic si tratament, Proprietate publica, Bacau, 22488 FILIPENI, Anul 2024, Numar, 0
Centre de diagnostic si tratament, Proprietate publica, Bacau, 22576 FILIPESTI, Anul 2024, Numar, 0
Centre de diagnostic si tratament, Proprietate publica, Bacau, 22665 GAICEANA, Anul 2024, Numar, 0
Centre de diagnostic si tratament, Proprietate publica, Bacau, 22781 GARLENI, Anul 2024, Numar, 0
Centre de diagnostic si tratament, Proprietate publica, Bacau, 22718 GHIMES-FAGET, Anul 2024, Numar, 0
Centre de diagnostic si tratament, Proprietate publica, Bacau, 26346 GIOSENI, Anul 2024, Numar, 0
Centre de diagnostic si tratament, Proprietate publica, Bacau, 22834 GLAVANESTI, Anul 2024, Numar, 0
Centre de diagnostic si tratament, Proprietate publica, Bacau, 20607 GURA VAII, Anul 2024, Numar, 0
Centre de diagnostic si tratament, Proprietate publica, Bacau, 22898 HELEGIU, Anul 2024, Numar, 0
Centre de diagnostic si tratament, Proprietate publica, Bacau, 20313 HEMEIUS, Anul 2024, Numar, 0
Centre de diagnostic si tratament, Proprietate publica, Bacau, 22941 HORGESTI, Anul 2024, Numar, 0
Centre de diagnostic si tratament, Proprietate publica, Bacau, 23047 HURUIESTI, Anul 2024, Numar, 0
Centre de diagnostic si tratament, Proprietate publica, Bacau, 26379 ITESTI, Anul 2024, Numar, 0
Centre de diagnostic si tratament, Proprietate publica, Bacau, 23127 IZVORU BERHECIULUI, Anul 2024, Numar, 0
Centre de diagnostic si tratament, Proprietate publica, Bacau, 20359 LETEA VECHE, Anul 2024, Numar, 0
Centre de diagnostic si tratament, Proprietate publica, Bacau, 23207 LIPOVA, Anul 2024, Numar, 0
Centre de diagnostic si tratament, Proprietate publica, Bacau, 23289 LIVEZI, Anul 2024, Numar, 0
Centre de diagnostic si tratament, Proprietate publica, Bacau, 23350 LUIZI-CALUGARA, Anul 2024, Numar, 0
Centre de diagnostic si tratament, Proprietate publica, Bacau, 23387 MAGIRESTI, Anul 2024, Numar, 0
Centre de diagnostic si tratament, Proprietate publica, Bacau, 20411 MAGURA, Anul 2024, Numar, 0
Centre de diagnostic si tratament, Proprietate publica, Bacau, 23449 MANASTIREA CASIN, Anul 2024, Numar, 0
Centre de diagnostic si tratament, Proprietate publica, Bacau, 20466 MARGINENI, Anul 2024, Numar, 0
Centre de diagnostic si tratament, Proprietate publica, Bacau, 23494 MOTOSENI, Anul 2024, Numar, 0
Centre de diagnostic si tratament, Proprietate publica, Bacau, 23644 NEGRI, Anul 2024, Numar, 0
Centre de diagnostic si tratament, Proprietate publica, Bacau, 23715 NICOLAE BALCESCU, Anul 2024, Numar, 0
Centre de diagnostic si tratament, Proprietate publica, Bacau, 26353 ODOBESTI, Anul 2024, Numar, 0
Centre de diagnostic si tratament, Proprietate publica, Bacau, 23797 OITUZ, Anul 2024, Numar, 0
Centre de diagnostic si tratament, Proprietate publica, Bacau, 23868 ONCESTI, Anul 2024, Numar, 0
Centre de diagnostic si tratament, Proprietate publica, Bacau, 23948 ORBENI, Anul 2024, Numar, 0
Centre de diagnostic si tratament, Proprietate publica, Bacau, 23975 PALANCA, Anul 2024, Numar, 0
Centre de diagnostic si tratament, Proprietate publica, Bacau, 24187 PANCESTI, Anul 2024, Numar, 0
Centre de diagnostic si tratament, Proprietate publica, Bacau, 24034 PARAVA, Anul 2024, Numar, 0
Centre de diagnostic si tratament, Proprietate publica, Bacau, 24276 PARGARESTI, Anul 2024, Numar, 0
Centre de diagnostic si tratament, Proprietate publica, Bacau, 24089 PARINCEA, Anul 2024, Numar, 0
Centre de diagnostic si tratament, Proprietate publica, Bacau, 24338 PARJOL, Anul 2024, Numar, 0
Centre de diagnostic si tratament, Proprietate publica, Bacau, 24427 PLOPANA, Anul 2024, Numar, 0
Centre de diagnostic si tratament, Proprietate publica, Bacau, 24524 PODU TURCULUI, Anul 2024, Numar, 0
Centre de diagnostic si tratament, Proprietate publica, Bacau, 24631 PODURI, Anul 2024, Numar, 0
Centre de diagnostic si tratament, Proprietate publica, Bacau, 26361 PRAJESTI, Anul 2024, Numar, 0
Centre de diagnostic si tratament, Proprietate publica, Bacau, 24766 RACACIUNI, Anul 2024, Numar, 0
Centre de diagnostic si tratament, Proprietate publica, Bacau, 24837 RACHITOASA, Anul 2024, Numar, 0
Centre de diagnostic si tratament, Proprietate publica, Bacau, 24711 RACOVA, Anul 2024, Numar, 0
Centre de diagnostic si tratament, Proprietate publica, Bacau, 24999 ROSIORI, Anul 2024, Numar, 0
Centre de diagnostic si tratament, Proprietate publica, Bacau, 25148 SANDULENI, Anul 2024, Numar, 0
Centre de diagnostic si tratament, Proprietate publica, Bacau, 26320 SARATA, Anul 2024, Numar, 0
Centre de diagnostic si tratament, Proprietate publica, Bacau, 25068 SASCUT, Anul 2024, Numar, 0
Centre de diagnostic si tratament, Proprietate publica, Bacau, 25228 SAUCESTI, Anul 2024, Numar, 0
Centre de diagnostic si tratament, Proprietate publica, Bacau, 25291 SCORTENI, Anul 2024, Numar, 0
Centre de diagnostic si tratament, Proprietate publica, Bacau, 25362 SECUIENI, Anul 2024, Numar, 0
Centre de diagnostic si tratament, Proprietate publica, Bacau, 25488 SOLONT, Anul 2024, Numar, 0
Centre de diagnostic si tratament, Proprietate publica, Bacau, 25521 STANISESTI, Anul 2024, Numar, 0
Centre de diagnostic si tratament, Proprietate publica, Bacau, 20670 STEFAN CEL MARE, Anul 2024, Numar, 0
Centre de diagnostic si tratament, Proprietate publica, Bacau, 25629 STRUGARI, Anul 2024, Numar, 0
Centre de diagnostic si tratament, Proprietate publica, Bacau, 25692 TAMASI, Anul 2024, Numar, 0
Centre de diagnostic si tratament, Proprietate publica, Bacau, 25825 TARGU TROTUS, Anul 2024, Numar, 0
Centre de diagnostic si tratament, Proprietate publica, Bacau, 25745 TATARASTI, Anul 2024, Numar, 0
Centre de diagnostic si tratament, Proprietate publica, Bacau, 25861 TRAIAN, Anul 2024, Numar, 0
Centre de diagnostic si tratament, Proprietate publica, Bacau, 25932 UNGURENI, Anul 2024, Numar, 0
Centre de diagnostic si tratament, Proprietate publica, Bacau, 26029 URECHESTI, Anul 2024, Numar, 0
Centre de diagnostic si tratament, Proprietate publica, Bacau, 26083 VALEA SEACA, Anul 2024, Numar, 0
Centre de diagnostic si tratament, Proprietate publica, Bacau, 26118 VULTURENI, Anul 2024, Numar, 0
Centre de diagnostic si tratament, Proprietate publica, Bacau, 26289 ZEMES, Anul 2024, Numar, 0
Centre de diagnostic si tratament, Proprietate privata, Bacau, 20297 MUNICIPIUL BACAU, Anul 2024, Numar, 0
Centre de diagnostic si tratament, Proprietate privata, Bacau, 20876 MUNICIPIUL MOINESTI, Anul 2024, Numar, 0
Centre de diagnostic si tratament, Proprietate privata, Bacau, 20563 MUNICIPIUL ONESTI, Anul 2024, Numar, 0
Centre de diagnostic si tratament, Proprietate privata, Bacau, 20778 ORAS BUHUSI, Anul 2024, Numar, 0
Centre de diagnostic si tratament, Proprietate privata, Bacau, 20821 ORAS COMANESTI, Anul 2024, Numar, 0
Centre de diagnostic si tratament, Proprietate privata, Bacau, 22166 ORAS DARMANESTI, Anul 2024, Numar, 0
Centre de diagnostic si tratament, Proprietate privata, Bacau, 20910 ORAS SLANIC-MOLDOVA, Anul 2024, Numar, 0
Centre de diagnostic si tratament, Proprietate privata, Bacau, 20965 ORAS TARGU OCNA, Anul 2024, Numar, 0
Centre de diagnostic si tratament, Proprietate privata, Bacau, 21007 AGAS, Anul 2024, Numar, 0
Centre de diagnostic si tratament, Proprietate privata, Bacau, 21098 ARDEOANI, Anul 2024, Numar, 0
Centre de diagnostic si tratament, Proprietate privata, Bacau, 21123 ASAU, Anul 2024, Numar, 0
Centre de diagnostic si tratament, Proprietate privata, Bacau, 21196 BALCANI, Anul 2024, Numar, 0
Centre de diagnostic si tratament, Proprietate privata, Bacau, 21454 BARSANESTI, Anul 2024, Numar, 0
Centre de diagnostic si tratament, Proprietate privata, Bacau, 21249 BERESTI-BISTRITA, Anul 2024, Numar, 0
Centre de diagnostic si tratament, Proprietate privata, Bacau, 21338 BERESTI-TAZLAU, Anul 2024, Numar, 0
Centre de diagnostic si tratament, Proprietate privata, Bacau, 21418 BERZUNTI, Anul 2024, Numar, 0
Centre de diagnostic si tratament, Proprietate privata, Bacau, 21506 BLAGESTI, Anul 2024, Numar, 0
Centre de diagnostic si tratament, Proprietate privata, Bacau, 21560 BOGDANESTI, Anul 2024, Numar, 0
Centre de diagnostic si tratament, Proprietate privata, Bacau, 21597 BRUSTUROASA, Anul 2024, Numar, 0
Centre de diagnostic si tratament, Proprietate privata, Bacau, 26338 BUCIUMI, Anul 2024, Numar, 0
Centre de diagnostic si tratament, Proprietate privata, Bacau, 21668 BUHOCI, Anul 2024, Numar, 0
Centre de diagnostic si tratament, Proprietate privata, Bacau, 21757 CAIUTI, Anul 2024, Numar, 0
Centre de diagnostic si tratament, Proprietate privata, Bacau, 21720 CASIN, Anul 2024, Numar, 0
Centre de diagnostic si tratament, Proprietate privata, Bacau, 21855 CLEJA, Anul 2024, Numar, 0
Centre de diagnostic si tratament, Proprietate privata, Bacau, 21891 COLONESTI, Anul 2024, Numar, 0
Centre de diagnostic si tratament, Proprietate privata, Bacau, 21971 CORBASCA, Anul 2024, Numar, 0
Centre de diagnostic si tratament, Proprietate privata, Bacau, 22059 COTOFANESTI, Anul 2024, Numar, 0
Centre de diagnostic si tratament, Proprietate privata, Bacau, 22111 DAMIENESTI, Anul 2024, Numar, 0
Centre de diagnostic si tratament, Proprietate privata, Bacau, 22237 DEALU MORII, Anul 2024, Numar, 0
Centre de diagnostic si tratament, Proprietate privata, Bacau, 22380 DOFTEANA, Anul 2024, Numar, 0
Centre de diagnostic si tratament, Proprietate privata, Bacau, 22460 FARAOANI, Anul 2024, Numar, 0
Centre de diagnostic si tratament, Proprietate privata, Bacau, 22488 FILIPENI, Anul 2024, Numar, 0
Centre de diagnostic si tratament, Proprietate privata, Bacau, 22576 FILIPESTI, Anul 2024, Numar, 0
Centre de diagnostic si tratament, Proprietate privata, Bacau, 22665 GAICEANA, Anul 2024, Numar, 0
Centre de diagnostic si tratament, Proprietate privata, Bacau, 22781 GARLENI, Anul 2024, Numar, 0
Centre de diagnostic si tratament, Proprietate privata, Bacau, 22718 GHIMES-FAGET, Anul 2024, Numar, 0
Centre de diagnostic si tratament, Proprietate privata, Bacau, 26346 GIOSENI, Anul 2024, Numar, 0
Centre de diagnostic si tratament, Proprietate privata, Bacau, 22834 GLAVANESTI, Anul 2024, Numar, 0
Centre de diagnostic si tratament, Proprietate privata, Bacau, 20607 GURA VAII, Anul 2024, Numar, 0
Centre de diagnostic si tratament, Proprietate privata, Bacau, 22898 HELEGIU, Anul 2024, Numar, 0
Centre de diagnostic si tratament, Proprietate privata, Bacau, 20313 HEMEIUS, Anul 2024, Numar, 0
Centre de diagnostic si tratament, Proprietate privata, Bacau, 22941 HORGESTI, Anul 2024, Numar, 0
Centre de diagnostic si tratament, Proprietate privata, Bacau, 23047 HURUIESTI, Anul 2024, Numar, 0
Centre de diagnostic si tratament, Proprietate privata, Bacau, 26379 ITESTI, Anul 2024, Numar, 0
Centre de diagnostic si tratament, Proprietate privata, Bacau, 23127 IZVORU BERHECIULUI, Anul 2024, Numar, 0
Centre de diagnostic si tratament, Proprietate privata, Bacau, 20359 LETEA VECHE, Anul 2024, Numar, 0
Centre de diagnostic si tratament, Proprietate privata, Bacau, 23207 LIPOVA, Anul 2024, Numar, 0
Centre de diagnostic si tratament, Proprietate privata, Bacau, 23289 LIVEZI, Anul 2024, Numar, 0
Centre de diagnostic si tratament, Proprietate privata, Bacau, 23350 LUIZI-CALUGARA, Anul 2024, Numar, 0
Centre de diagnostic si tratament, Proprietate privata, Bacau, 23387 MAGIRESTI, Anul 2024, Numar, 0
Centre de diagnostic si tratament, Proprietate privata, Bacau, 20411 MAGURA, Anul 2024, Numar, 0
Centre de diagnostic si tratament, Proprietate privata, Bacau, 23449 MANASTIREA CASIN, Anul 2024, Numar, 0
Centre de diagnostic si tratament, Proprietate privata, Bacau, 20466 MARGINENI, Anul 2024, Numar, 0
Centre de diagnostic si tratament, Proprietate privata, Bacau, 23494 MOTOSENI, Anul 2024, Numar, 0
Centre de diagnostic si tratament, Proprietate privata, Bacau, 23644 NEGRI, Anul 2024, Numar, 0
Centre de diagnostic si tratament, Proprietate privata, Bacau, 23715 NICOLAE BALCESCU, Anul 2024, Numar, 0
Centre de diagnostic si tratament, Proprietate privata, Bacau, 26353 ODOBESTI, Anul 2024, Numar, 0
Centre de diagnostic si tratament, Proprietate privata, Bacau, 23797 OITUZ, Anul 2024, Numar, 0
Centre de diagnostic si tratament, Proprietate privata, Bacau, 23868 ONCESTI, Anul 2024, Numar, 0
Centre de diagnostic si tratament, Proprietate privata, Bacau, 23948 ORBENI, Anul 2024, Numar, 0
Centre de diagnostic si tratament, Proprietate privata, Bacau, 23975 PALANCA, Anul 2024, Numar, 0
Centre de diagnostic si tratament, Proprietate privata, Bacau, 24187 PANCESTI, Anul 2024, Numar, 0
Centre de diagnostic si tratament, Proprietate privata, Bacau, 24034 PARAVA, Anul 2024, Numar, 0
Centre de diagnostic si tratament, Proprietate privata, Bacau, 24276 PARGARESTI, Anul 2024, Numar, 0
Centre de diagnostic si tratament, Proprietate privata, Bacau, 24089 PARINCEA, Anul 2024, Numar, 0
Centre de diagnostic si tratament, Proprietate privata, Bacau, 24338 PARJOL, Anul 2024, Numar, 0
Centre de diagnostic si tratament, Proprietate privata, Bacau, 24427 PLOPANA, Anul 2024, Numar, 0
Centre de diagnostic si tratament, Proprietate privata, Bacau, 24524 PODU TURCULUI, Anul 2024, Numar, 0
Centre de diagnostic si tratament, Proprietate privata, Bacau, 24631 PODURI, Anul 2024, Numar, 0
Centre de diagnostic si tratament, Proprietate privata, Bacau, 26361 PRAJESTI, Anul 2024, Numar, 0
Centre de diagnostic si tratament, Proprietate privata, Bacau, 24766 RACACIUNI, Anul 2024, Numar, 0
Centre de diagnostic si tratament, Proprietate privata, Bacau, 24837 RACHITOASA, Anul 2024, Numar, 0
Centre de diagnostic si tratament, Proprietate privata, Bacau, 24711 RACOVA, Anul 2024, Numar, 0
Centre de diagnostic si tratament, Proprietate privata, Bacau, 24999 ROSIORI, Anul 2024, Numar, 0
Centre de diagnostic si tratament, Proprietate privata, Bacau, 25148 SANDULENI, Anul 2024, Numar, 0
Centre de diagnostic si tratament, Proprietate privata, Bacau, 26320 SARATA, Anul 2024, Numar, 0
Centre de diagnostic si tratament, Proprietate privata, Bacau, 25068 SASCUT, Anul 2024, Numar, 0
Centre de diagnostic si tratament, Proprietate privata, Bacau, 25228 SAUCESTI, Anul 2024, Numar, 0
Centre de diagnostic si tratament, Proprietate privata, Bacau, 25291 SCORTENI, Anul 2024, Numar, 0
Centre de diagnostic si tratament, Proprietate privata, Bacau, 25362 SECUIENI, Anul 2024, Numar, 0
Centre de diagnostic si tratament, Proprietate privata, Bacau, 25488 SOLONT, Anul 2024, Numar, 0
Centre de diagnostic si tratament, Proprietate privata, Bacau, 25521 STANISESTI, Anul 2024, Numar, 0
Centre de diagnostic si tratament, Proprietate privata, Bacau, 20670 STEFAN CEL MARE, Anul 2024, Numar, 0
Centre de diagnostic si tratament, Proprietate privata, Bacau, 25629 STRUGARI, Anul 2024, Numar, 0
Centre de diagnostic si tratament, Proprietate privata, Bacau, 25692 TAMASI, Anul 2024, Numar, 0
Centre de diagnostic si tratament, Proprietate privata, Bacau, 25825 TARGU TROTUS, Anul 2024, Numar, 0
Centre de diagnostic si tratament, Proprietate privata, Bacau, 25745 TATARASTI, Anul 2024, Numar, 0
Centre de diagnostic si tratament, Proprietate privata, Bacau, 25861 TRAIAN, Anul 2024, Numar, 0
Centre de diagnostic si tratament, Proprietate privata, Bacau, 25932 UNGURENI, Anul 2024, Numar, 0
Centre de diagnostic si tratament, Proprietate privata, Bacau, 26029 URECHESTI, Anul 2024, Numar, 0
Centre de diagnostic si tratament, Proprietate privata, Bacau, 26083 VALEA SEACA, Anul 2024, Numar, 0
Centre de diagnostic si tratament, Proprietate privata, Bacau, 26118 VULTURENI, Anul 2024, Numar, 0
Centre de diagnostic si tratament, Proprietate privata, Bacau, 26289 ZEMES, Anul 2024, Numar, 0
Centre medicale de specialitate, Proprietate publica, Bacau, 20297 MUNICIPIUL BACAU, Anul 2024, Numar, 1
Centre medicale de specialitate, Proprietate publica, Bacau, 20876 MUNICIPIUL MOINESTI, Anul 2024, Numar, 0
Centre medicale de specialitate, Proprietate publica, Bacau, 20563 MUNICIPIUL ONESTI, Anul 2024, Numar, 0
Centre medicale de specialitate, Proprietate publica, Bacau, 20778 ORAS BUHUSI, Anul 2024, Numar, 0
Centre medicale de specialitate, Proprietate publica, Bacau, 20821 ORAS COMANESTI, Anul 2024, Numar, 0
Centre medicale de specialitate, Proprietate publica, Bacau, 22166 ORAS DARMANESTI, Anul 2024, Numar, 0
Centre medicale de specialitate, Proprietate publica, Bacau, 20910 ORAS SLANIC-MOLDOVA, Anul 2024, Numar, 0
Centre medicale de specialitate, Proprietate publica, Bacau, 20965 ORAS TARGU OCNA, Anul 2024, Numar, 0
Centre medicale de specialitate, Proprietate publica, Bacau, 21007 AGAS, Anul 2024, Numar, 0
Centre medicale de specialitate, Proprietate publica, Bacau, 21098 ARDEOANI, Anul 2024, Numar, 0
Centre medicale de specialitate, Proprietate publica, Bacau, 21123 ASAU, Anul 2024, Numar, 0
Centre medicale de specialitate, Proprietate publica, Bacau, 21196 BALCANI, Anul 2024, Numar, 0
Centre medicale de specialitate, Proprietate publica, Bacau, 21454 BARSANESTI, Anul 2024, Numar, 0
Centre medicale de specialitate, Proprietate publica, Bacau, 21249 BERESTI-BISTRITA, Anul 2024, Numar, 0
Centre medicale de specialitate, Proprietate publica, Bacau, 21338 BERESTI-TAZLAU, Anul 2024, Numar, 0
Centre medicale de specialitate, Proprietate publica, Bacau, 21418 BERZUNTI, Anul 2024, Numar, 0
Centre medicale de specialitate, Proprietate publica, Bacau, 21506 BLAGESTI, Anul 2024, Numar, 0
Centre medicale de specialitate, Proprietate publica, Bacau, 21560 BOGDANESTI, Anul 2024, Numar, 0
Centre medicale de specialitate, Proprietate publica, Bacau, 21597 BRUSTUROASA, Anul 2024, Numar, 0
Centre medicale de specialitate, Proprietate publica, Bacau, 26338 BUCIUMI, Anul 2024, Numar, 0
Centre medicale de specialitate, Proprietate publica, Bacau, 21668 BUHOCI, Anul 2024, Numar, 0
Centre medicale de specialitate, Proprietate publica, Bacau, 21757 CAIUTI, Anul 2024, Numar, 0
Centre medicale de specialitate, Proprietate publica, Bacau, 21720 CASIN, Anul 2024, Numar, 0
Centre medicale de specialitate, Proprietate publica, Bacau, 21855 CLEJA, Anul 2024, Numar, 0
Centre medicale de specialitate, Proprietate publica, Bacau, 21891 COLONESTI, Anul 2024, Numar, 0
Centre medicale de specialitate, Proprietate publica, Bacau, 21971 CORBASCA, Anul 2024, Numar, 0
Centre medicale de specialitate, Proprietate publica, Bacau, 22059 COTOFANESTI, Anul 2024, Numar, 0
Centre medicale de specialitate, Proprietate publica, Bacau, 22111 DAMIENESTI, Anul 2024, Numar, 0
Centre medicale de specialitate, Proprietate publica, Bacau, 22237 DEALU MORII, Anul 2024, Numar, 0
Centre medicale de specialitate, Proprietate publica, Bacau, 22380 DOFTEANA, Anul 2024, Numar, 0
Centre medicale de specialitate, Proprietate publica, Bacau, 22460 FARAOANI, Anul 2024, Numar, 0
Centre medicale de specialitate, Proprietate publica, Bacau, 22488 FILIPENI, Anul 2024, Numar, 0
Centre medicale de specialitate, Proprietate publica, Bacau, 22576 FILIPESTI, Anul 2024, Numar, 0
Centre medicale de specialitate, Proprietate publica, Bacau, 22665 GAICEANA, Anul 2024, Numar, 0
Centre medicale de specialitate, Proprietate publica, Bacau, 22781 GARLENI, Anul 2024, Numar, 0
Centre medicale de specialitate, Proprietate publica, Bacau, 22718 GHIMES-FAGET, Anul 2024, Numar, 0
Centre medicale de specialitate, Proprietate publica, Bacau, 26346 GIOSENI, Anul 2024, Numar, 0
Centre medicale de specialitate, Proprietate publica, Bacau, 22834 GLAVANESTI, Anul 2024, Numar, 0
Centre medicale de specialitate, Proprietate publica, Bacau, 20607 GURA VAII, Anul 2024, Numar, 0
Centre medicale de specialitate, Proprietate publica, Bacau, 22898 HELEGIU, Anul 2024, Numar, 0
Centre medicale de specialitate, Proprietate publica, Bacau, 20313 HEMEIUS, Anul 2024, Numar, 0
Centre medicale de specialitate, Proprietate publica, Bacau, 22941 HORGESTI, Anul 2024, Numar, 0
Centre medicale de specialitate, Proprietate publica, Bacau, 23047 HURUIESTI, Anul 2024, Numar, 0
Centre medicale de specialitate, Proprietate publica, Bacau, 26379 ITESTI, Anul 2024, Numar, 0
Centre medicale de specialitate, Proprietate publica, Bacau, 23127 IZVORU BERHECIULUI, Anul 2024, Numar, 0
Centre medicale de specialitate, Proprietate publica, Bacau, 20359 LETEA VECHE, Anul 2024, Numar, 0
Centre medicale de specialitate, Proprietate publica, Bacau, 23207 LIPOVA, Anul 2024, Numar, 0
Centre medicale de specialitate, Proprietate publica, Bacau, 23289 LIVEZI, Anul 2024, Numar, 0
Centre medicale de specialitate, Proprietate publica, Bacau, 23350 LUIZI-CALUGARA, Anul 2024, Numar, 0
Centre medicale de specialitate, Proprietate publica, Bacau, 23387 MAGIRESTI, Anul 2024, Numar, 0
Centre medicale de specialitate, Proprietate publica, Bacau, 20411 MAGURA, Anul 2024, Numar, 0
Centre medicale de specialitate, Proprietate publica, Bacau, 23449 MANASTIREA CASIN, Anul 2024, Numar, 0
Centre medicale de specialitate, Proprietate publica, Bacau, 20466 MARGINENI, Anul 2024, Numar, 0
Centre medicale de specialitate, Proprietate publica, Bacau, 23494 MOTOSENI, Anul 2024, Numar, 0
Centre medicale de specialitate, Proprietate publica, Bacau, 23644 NEGRI, Anul 2024, Numar, 0
Centre medicale de specialitate, Proprietate publica, Bacau, 23715 NICOLAE BALCESCU, Anul 2024, Numar, 0
Centre medicale de specialitate, Proprietate publica, Bacau, 26353 ODOBESTI, Anul 2024, Numar, 0
Centre medicale de specialitate, Proprietate publica, Bacau, 23797 OITUZ, Anul 2024, Numar, 0
Centre medicale de specialitate, Proprietate publica, Bacau, 23868 ONCESTI, Anul 2024, Numar, 0
Centre medicale de specialitate, Proprietate publica, Bacau, 23948 ORBENI, Anul 2024, Numar, 0
Centre medicale de specialitate, Proprietate publica, Bacau, 23975 PALANCA, Anul 2024, Numar, 0
Centre medicale de specialitate, Proprietate publica, Bacau, 24187 PANCESTI, Anul 2024, Numar, 0
Centre medicale de specialitate, Proprietate publica, Bacau, 24034 PARAVA, Anul 2024, Numar, 0
Centre medicale de specialitate, Proprietate publica, Bacau, 24276 PARGARESTI, Anul 2024, Numar, 0
Centre medicale de specialitate, Proprietate publica, Bacau, 24089 PARINCEA, Anul 2024, Numar, 0
Centre medicale de specialitate, Proprietate publica, Bacau, 24338 PARJOL, Anul 2024, Numar, 0
Centre medicale de specialitate, Proprietate publica, Bacau, 24427 PLOPANA, Anul 2024, Numar, 0
Centre medicale de specialitate, Proprietate publica, Bacau, 24524 PODU TURCULUI, Anul 2024, Numar, 0
Centre medicale de specialitate, Proprietate publica, Bacau, 24631 PODURI, Anul 2024, Numar, 0
Centre medicale de specialitate, Proprietate publica, Bacau, 26361 PRAJESTI, Anul 2024, Numar, 0
Centre medicale de specialitate, Proprietate publica, Bacau, 24766 RACACIUNI, Anul 2024, Numar, 0
Centre medicale de specialitate, Proprietate publica, Bacau, 24837 RACHITOASA, Anul 2024, Numar, 0
Centre medicale de specialitate, Proprietate publica, Bacau, 24711 RACOVA, Anul 2024, Numar, 0
Centre medicale de specialitate, Proprietate publica, Bacau, 24999 ROSIORI, Anul 2024, Numar, 0
Centre medicale de specialitate, Proprietate publica, Bacau, 25148 SANDULENI, Anul 2024, Numar, 0
Centre medicale de specialitate, Proprietate publica, Bacau, 26320 SARATA, Anul 2024, Numar, 0
Centre medicale de specialitate, Proprietate publica, Bacau, 25068 SASCUT, Anul 2024, Numar, 0
Centre medicale de specialitate, Proprietate publica, Bacau, 25228 SAUCESTI, Anul 2024, Numar, 0
Centre medicale de specialitate, Proprietate publica, Bacau, 25291 SCORTENI, Anul 2024, Numar, 0
Centre medicale de specialitate, Proprietate publica, Bacau, 25362 SECUIENI, Anul 2024, Numar, 0
Centre medicale de specialitate, Proprietate publica, Bacau, 25488 SOLONT, Anul 2024, Numar, 0
Centre medicale de specialitate, Proprietate publica, Bacau, 25521 STANISESTI, Anul 2024, Numar, 0
Centre medicale de specialitate, Proprietate publica, Bacau, 20670 STEFAN CEL MARE, Anul 2024, Numar, 0
Centre medicale de specialitate, Proprietate publica, Bacau, 25629 STRUGARI, Anul 2024, Numar, 0
Centre medicale de specialitate, Proprietate publica, Bacau, 25692 TAMASI, Anul 2024, Numar, 0
Centre medicale de specialitate, Proprietate publica, Bacau, 25825 TARGU TROTUS, Anul 2024, Numar, 0
Centre medicale de specialitate, Proprietate publica, Bacau, 25745 TATARASTI, Anul 2024, Numar, 0
Centre medicale de specialitate, Proprietate publica, Bacau, 25861 TRAIAN, Anul 2024, Numar, 0
Centre medicale de specialitate, Proprietate publica, Bacau, 25932 UNGURENI, Anul 2024, Numar, 0
Centre medicale de specialitate, Proprietate publica, Bacau, 26029 URECHESTI, Anul 2024, Numar, 0
Centre medicale de specialitate, Proprietate publica, Bacau, 26083 VALEA SEACA, Anul 2024, Numar, 0
Centre medicale de specialitate, Proprietate publica, Bacau, 26118 VULTURENI, Anul 2024, Numar, 0
Centre medicale de specialitate, Proprietate publica, Bacau, 26289 ZEMES, Anul 2024, Numar, 0
Centre medicale de specialitate, Proprietate privata, Bacau, 20297 MUNICIPIUL BACAU, Anul 2024, Numar, 0
Centre medicale de specialitate, Proprietate privata, Bacau, 20876 MUNICIPIUL MOINESTI, Anul 2024, Numar, 0
Centre medicale de specialitate, Proprietate privata, Bacau, 20563 MUNICIPIUL ONESTI, Anul 2024, Numar, 0
Centre medicale de specialitate, Proprietate privata, Bacau, 20778 ORAS BUHUSI, Anul 2024, Numar, 0
Centre medicale de specialitate, Proprietate privata, Bacau, 20821 ORAS COMANESTI, Anul 2024, Numar, 0
Centre medicale de specialitate, Proprietate privata, Bacau, 22166 ORAS DARMANESTI, Anul 2024, Numar, 0
Centre medicale de specialitate, Proprietate privata, Bacau, 20910 ORAS SLANIC-MOLDOVA, Anul 2024, Numar, 0
Centre medicale de specialitate, Proprietate privata, Bacau, 20965 ORAS TARGU OCNA, Anul 2024, Numar, 0
Centre medicale de specialitate, Proprietate privata, Bacau, 21007 AGAS, Anul 2024, Numar, 0
Centre medicale de specialitate, Proprietate privata, Bacau, 21098 ARDEOANI, Anul 2024, Numar, 0
Centre medicale de specialitate, Proprietate privata, Bacau, 21123 ASAU, Anul 2024, Numar, 0
Centre medicale de specialitate, Proprietate privata, Bacau, 21196 BALCANI, Anul 2024, Numar, 0
Centre medicale de specialitate, Proprietate privata, Bacau, 21454 BARSANESTI, Anul 2024, Numar, 0
Centre medicale de specialitate, Proprietate privata, Bacau, 21249 BERESTI-BISTRITA, Anul 2024, Numar, 0
Centre medicale de specialitate, Proprietate privata, Bacau, 21338 BERESTI-TAZLAU, Anul 2024, Numar, 0
Centre medicale de specialitate, Proprietate privata, Bacau, 21418 BERZUNTI, Anul 2024, Numar, 0
Centre medicale de specialitate, Proprietate privata, Bacau, 21506 BLAGESTI, Anul 2024, Numar, 0
Centre medicale de specialitate, Proprietate privata, Bacau, 21560 BOGDANESTI, Anul 2024, Numar, 0
Centre medicale de specialitate, Proprietate privata, Bacau, 21597 BRUSTUROASA, Anul 2024, Numar, 0
Centre medicale de specialitate, Proprietate privata, Bacau, 26338 BUCIUMI, Anul 2024, Numar, 0
Centre medicale de specialitate, Proprietate privata, Bacau, 21668 BUHOCI, Anul 2024, Numar, 0
Centre medicale de specialitate, Proprietate privata, Bacau, 21757 CAIUTI, Anul 2024, Numar, 0
Centre medicale de specialitate, Proprietate privata, Bacau, 21720 CASIN, Anul 2024, Numar, 0
Centre medicale de specialitate, Proprietate privata, Bacau, 21855 CLEJA, Anul 2024, Numar, 0
Centre medicale de specialitate, Proprietate privata, Bacau, 21891 COLONESTI, Anul 2024, Numar, 0
Centre medicale de specialitate, Proprietate privata, Bacau, 21971 CORBASCA, Anul 2024, Numar, 0
Centre medicale de specialitate, Proprietate privata, Bacau, 22059 COTOFANESTI, Anul 2024, Numar, 0
Centre medicale de specialitate, Proprietate privata, Bacau, 22111 DAMIENESTI, Anul 2024, Numar, 0
Centre medicale de specialitate, Proprietate privata, Bacau, 22237 DEALU MORII, Anul 2024, Numar, 0
Centre medicale de specialitate, Proprietate privata, Bacau, 22380 DOFTEANA, Anul 2024, Numar, 0
Centre medicale de specialitate, Proprietate privata, Bacau, 22460 FARAOANI, Anul 2024, Numar, 0
Centre medicale de specialitate, Proprietate privata, Bacau, 22488 FILIPENI, Anul 2024, Numar, 0
Centre medicale de specialitate, Proprietate privata, Bacau, 22576 FILIPESTI, Anul 2024, Numar, 0
Centre medicale de specialitate, Proprietate privata, Bacau, 22665 GAICEANA, Anul 2024, Numar, 0
Centre medicale de specialitate, Proprietate privata, Bacau, 22781 GARLENI, Anul 2024, Numar, 0
Centre medicale de specialitate, Proprietate privata, Bacau, 22718 GHIMES-FAGET, Anul 2024, Numar, 0
Centre medicale de specialitate, Proprietate privata, Bacau, 26346 GIOSENI, Anul 2024, Numar, 0
Centre medicale de specialitate, Proprietate privata, Bacau, 22834 GLAVANESTI, Anul 2024, Numar, 0
Centre medicale de specialitate, Proprietate privata, Bacau, 20607 GURA VAII, Anul 2024, Numar, 0
Centre medicale de specialitate, Proprietate privata, Bacau, 22898 HELEGIU, Anul 2024, Numar, 0
Centre medicale de specialitate, Proprietate privata, Bacau, 20313 HEMEIUS, Anul 2024, Numar, 0
Centre medicale de specialitate, Proprietate privata, Bacau, 22941 HORGESTI, Anul 2024, Numar, 0
Centre medicale de specialitate, Proprietate privata, Bacau, 23047 HURUIESTI, Anul 2024, Numar, 0
Centre medicale de specialitate, Proprietate privata, Bacau, 26379 ITESTI, Anul 2024, Numar, 0
Centre medicale de specialitate, Proprietate privata, Bacau, 23127 IZVORU BERHECIULUI, Anul 2024, Numar, 0
Centre medicale de specialitate, Proprietate privata, Bacau, 20359 LETEA VECHE, Anul 2024, Numar, 0
Centre medicale de specialitate, Proprietate privata, Bacau, 23207 LIPOVA, Anul 2024, Numar, 0
Centre medicale de specialitate, Proprietate privata, Bacau, 23289 LIVEZI, Anul 2024, Numar, 0
Centre medicale de specialitate, Proprietate privata, Bacau, 23350 LUIZI-CALUGARA, Anul 2024, Numar, 0
Centre medicale de specialitate, Proprietate privata, Bacau, 23387 MAGIRESTI, Anul 2024, Numar, 0
Centre medicale de specialitate, Proprietate privata, Bacau, 20411 MAGURA, Anul 2024, Numar, 0
Centre medicale de specialitate, Proprietate privata, Bacau, 23449 MANASTIREA CASIN, Anul 2024, Numar, 0
Centre medicale de specialitate, Proprietate privata, Bacau, 20466 MARGINENI, Anul 2024, Numar, 0
Centre medicale de specialitate, Proprietate privata, Bacau, 23494 MOTOSENI, Anul 2024, Numar, 0
Centre medicale de specialitate, Proprietate privata, Bacau, 23644 NEGRI, Anul 2024, Numar, 0
Centre medicale de specialitate, Proprietate privata, Bacau, 23715 NICOLAE BALCESCU, Anul 2024, Numar, 0
Centre medicale de specialitate, Proprietate privata, Bacau, 26353 ODOBESTI, Anul 2024, Numar, 0
Centre medicale de specialitate, Proprietate privata, Bacau, 23797 OITUZ, Anul 2024, Numar, 0
Centre medicale de specialitate, Proprietate privata, Bacau, 23868 ONCESTI, Anul 2024, Numar, 0
Centre medicale de specialitate, Proprietate privata, Bacau, 23948 ORBENI, Anul 2024, Numar, 0
Centre medicale de specialitate, Proprietate privata, Bacau, 23975 PALANCA, Anul 2024, Numar, 0
Centre medicale de specialitate, Proprietate privata, Bacau, 24187 PANCESTI, Anul 2024, Numar, 0
Centre medicale de specialitate, Proprietate privata, Bacau, 24034 PARAVA, Anul 2024, Numar, 0
Centre medicale de specialitate, Proprietate privata, Bacau, 24276 PARGARESTI, Anul 2024, Numar, 0
Centre medicale de specialitate, Proprietate privata, Bacau, 24089 PARINCEA, Anul 2024, Numar, 0
Centre medicale de specialitate, Proprietate privata, Bacau, 24338 PARJOL, Anul 2024, Numar, 0
Centre medicale de specialitate, Proprietate privata, Bacau, 24427 PLOPANA, Anul 2024, Numar, 0
Centre medicale de specialitate, Proprietate privata, Bacau, 24524 PODU TURCULUI, Anul 2024, Numar, 0
Centre medicale de specialitate, Proprietate privata, Bacau, 24631 PODURI, Anul 2024, Numar, 0
Centre medicale de specialitate, Proprietate privata, Bacau, 26361 PRAJESTI, Anul 2024, Numar, 0
Centre medicale de specialitate, Proprietate privata, Bacau, 24766 RACACIUNI, Anul 2024, Numar, 0
Centre medicale de specialitate, Proprietate privata, Bacau, 24837 RACHITOASA, Anul 2024, Numar, 0
Centre medicale de specialitate, Proprietate privata, Bacau, 24711 RACOVA, Anul 2024, Numar, 0
Centre medicale de specialitate, Proprietate privata, Bacau, 24999 ROSIORI, Anul 2024, Numar, 0
Centre medicale de specialitate, Proprietate privata, Bacau, 25148 SANDULENI, Anul 2024, Numar, 0
Centre medicale de specialitate, Proprietate privata, Bacau, 26320 SARATA, Anul 2024, Numar, 0
Centre medicale de specialitate, Proprietate privata, Bacau, 25068 SASCUT, Anul 2024, Numar, 0
Centre medicale de specialitate, Proprietate privata, Bacau, 25228 SAUCESTI, Anul 2024, Numar, 0
Centre medicale de specialitate, Proprietate privata, Bacau, 25291 SCORTENI, Anul 2024, Numar, 0
Centre medicale de specialitate, Proprietate privata, Bacau, 25362 SECUIENI, Anul 2024, Numar, 0
Centre medicale de specialitate, Proprietate privata, Bacau, 25488 SOLONT, Anul 2024, Numar, 0
Centre medicale de specialitate, Proprietate privata, Bacau, 25521 STANISESTI, Anul 2024, Numar, 0
Centre medicale de specialitate, Proprietate privata, Bacau, 20670 STEFAN CEL MARE, Anul 2024, Numar, 0
Centre medicale de specialitate, Proprietate privata, Bacau, 25629 STRUGARI, Anul 2024, Numar, 0
Centre medicale de specialitate, Proprietate privata, Bacau, 25692 TAMASI, Anul 2024, Numar, 0
Centre medicale de specialitate, Proprietate privata, Bacau, 25825 TARGU TROTUS, Anul 2024, Numar, 0
Centre medicale de specialitate, Proprietate privata, Bacau, 25745 TATARASTI, Anul 2024, Numar, 0
Centre medicale de specialitate, Proprietate privata, Bacau, 25861 TRAIAN, Anul 2024, Numar, 0
Centre medicale de specialitate, Proprietate privata, Bacau, 25932 UNGURENI, Anul 2024, Numar, 0
Centre medicale de specialitate, Proprietate privata, Bacau, 26029 URECHESTI, Anul 2024, Numar, 0
Centre medicale de specialitate, Proprietate privata, Bacau, 26083 VALEA SEACA, Anul 2024, Numar, 0
Centre medicale de specialitate, Proprietate privata, Bacau, 26118 VULTURENI, Anul 2024, Numar, 0
Centre medicale de specialitate, Proprietate privata, Bacau, 26289 ZEMES, Anul 2024, Numar, 0
Centre de dializa, Proprietate privata, Bacau, 20876 MUNICIPIUL MOINESTI, Anul 2024, Numar, 1
Puncte de lucru ale centrelor de dializa, Proprietate privata, Bacau, 20297 MUNICIPIUL BACAU, Anul 2024, Numar, 1
Puncte de lucru ale centrelor de dializa, Proprietate privata, Bacau, 20563 MUNICIPIUL ONESTI, Anul 2024, Numar, 1
Cabinete medicale de medicina generala, Proprietate publica, Bacau, 20297 MUNICIPIUL BACAU, Anul 2024, Numar, 0
Cabinete medicale de medicina generala, Proprietate publica, Bacau, 20876 MUNICIPIUL MOINESTI, Anul 2024, Numar, 0
Cabinete medicale de medicina generala, Proprietate publica, Bacau, 20563 MUNICIPIUL ONESTI, Anul 2024, Numar, 0
Cabinete medicale de medicina generala, Proprietate publica, Bacau, 20778 ORAS BUHUSI, Anul 2024, Numar, 0
Cabinete medicale de medicina generala, Proprietate publica, Bacau, 20821 ORAS COMANESTI, Anul 2024, Numar, 0
Cabinete medicale de medicina generala, Proprietate publica, Bacau, 22166 ORAS DARMANESTI, Anul 2024, Numar, 0
Cabinete medicale de medicina generala, Proprietate publica, Bacau, 20910 ORAS SLANIC-MOLDOVA, Anul 2024, Numar, 0
Cabinete medicale de medicina generala, Proprietate publica, Bacau, 20965 ORAS TARGU OCNA, Anul 2024, Numar, 0
Cabinete medicale de medicina generala, Proprietate publica, Bacau, 21007 AGAS, Anul 2024, Numar, 0
Cabinete medicale de medicina generala, Proprietate publica, Bacau, 21098 ARDEOANI, Anul 2024, Numar, 0
Cabinete medicale de medicina generala, Proprietate publica, Bacau, 21123 ASAU, Anul 2024, Numar, 0
Cabinete medicale de medicina generala, Proprietate publica, Bacau, 21196 BALCANI, Anul 2024, Numar, 0
Cabinete medicale de medicina generala, Proprietate publica, Bacau, 21454 BARSANESTI, Anul 2024, Numar, 0
Cabinete medicale de medicina generala, Proprietate publica, Bacau, 21249 BERESTI-BISTRITA, Anul 2024, Numar, 0
Cabinete medicale de medicina generala, Proprietate publica, Bacau, 21338 BERESTI-TAZLAU, Anul 2024, Numar, 0
Cabinete medicale de medicina generala, Proprietate publica, Bacau, 21418 BERZUNTI, Anul 2024, Numar, 0
Cabinete medicale de medicina generala, Proprietate publica, Bacau, 21506 BLAGESTI, Anul 2024, Numar, 0
Cabinete medicale de medicina generala, Proprietate publica, Bacau, 21560 BOGDANESTI, Anul 2024, Numar, 0
Cabinete medicale de medicina generala, Proprietate publica, Bacau, 21597 BRUSTUROASA, Anul 2024, Numar, 0
Cabinete medicale de medicina generala, Proprietate publica, Bacau, 26338 BUCIUMI, Anul 2024, Numar, 0
Cabinete medicale de medicina generala, Proprietate publica, Bacau, 21668 BUHOCI, Anul 2024, Numar, 0
Cabinete medicale de medicina generala, Proprietate publica, Bacau, 21757 CAIUTI, Anul 2024, Numar, 0
Cabinete medicale de medicina generala, Proprietate publica, Bacau, 21720 CASIN, Anul 2024, Numar, 0
Cabinete medicale de medicina generala, Proprietate publica, Bacau, 21855 CLEJA, Anul 2024, Numar, 0
Cabinete medicale de medicina generala, Proprietate publica, Bacau, 21891 COLONESTI, Anul 2024, Numar, 0
Cabinete medicale de medicina generala, Proprietate publica, Bacau, 21971 CORBASCA, Anul 2024, Numar, 0
Cabinete medicale de medicina generala, Proprietate publica, Bacau, 22059 COTOFANESTI, Anul 2024, Numar, 0
Cabinete medicale de medicina generala, Proprietate publica, Bacau, 22111 DAMIENESTI, Anul 2024, Numar, 0
Cabinete medicale de medicina generala, Proprietate publica, Bacau, 22237 DEALU MORII, Anul 2024, Numar, 0
Cabinete medicale de medicina generala, Proprietate publica, Bacau, 22380 DOFTEANA, Anul 2024, Numar, 0
Cabinete medicale de medicina generala, Proprietate publica, Bacau, 22460 FARAOANI, Anul 2024, Numar, 0
Cabinete medicale de medicina generala, Proprietate publica, Bacau, 22488 FILIPENI, Anul 2024, Numar, 0
Cabinete medicale de medicina generala, Proprietate publica, Bacau, 22576 FILIPESTI, Anul 2024, Numar, 0
Cabinete medicale de medicina generala, Proprietate publica, Bacau, 22665 GAICEANA, Anul 2024, Numar, 0
Cabinete medicale de medicina generala, Proprietate publica, Bacau, 22781 GARLENI, Anul 2024, Numar, 0
Cabinete medicale de medicina generala, Proprietate publica, Bacau, 22718 GHIMES-FAGET, Anul 2024, Numar, 0
Cabinete medicale de medicina generala, Proprietate publica, Bacau, 26346 GIOSENI, Anul 2024, Numar, 0
Cabinete medicale de medicina generala, Proprietate publica, Bacau, 22834 GLAVANESTI, Anul 2024, Numar, 0
Cabinete medicale de medicina generala, Proprietate publica, Bacau, 20607 GURA VAII, Anul 2024, Numar, 0
Cabinete medicale de medicina generala, Proprietate publica, Bacau, 22898 HELEGIU, Anul 2024, Numar, 0
Cabinete medicale de medicina generala, Proprietate publica, Bacau, 20313 HEMEIUS, Anul 2024, Numar, 0
Cabinete medicale de medicina generala, Proprietate publica, Bacau, 22941 HORGESTI, Anul 2024, Numar, 0
Cabinete medicale de medicina generala, Proprietate publica, Bacau, 23047 HURUIESTI, Anul 2024, Numar, 0
Cabinete medicale de medicina generala, Proprietate publica, Bacau, 26379 ITESTI, Anul 2024, Numar, 0
Cabinete medicale de medicina generala, Proprietate publica, Bacau, 23127 IZVORU BERHECIULUI, Anul 2024, Numar, 0
Cabinete medicale de medicina generala, Proprietate publica, Bacau, 20359 LETEA VECHE, Anul 2024, Numar, 0
Cabinete medicale de medicina generala, Proprietate publica, Bacau, 23207 LIPOVA, Anul 2024, Numar, 0
Cabinete medicale de medicina generala, Proprietate publica, Bacau, 23289 LIVEZI, Anul 2024, Numar, 0
Cabinete medicale de medicina generala, Proprietate publica, Bacau, 23350 LUIZI-CALUGARA, Anul 2024, Numar, 0
Cabinete medicale de medicina generala, Proprietate publica, Bacau, 23387 MAGIRESTI, Anul 2024, Numar, 0
Cabinete medicale de medicina generala, Proprietate publica, Bacau, 20411 MAGURA, Anul 2024, Numar, 0
Cabinete medicale de medicina generala, Proprietate publica, Bacau, 23449 MANASTIREA CASIN, Anul 2024, Numar, 0
Cabinete medicale de medicina generala, Proprietate publica, Bacau, 20466 MARGINENI, Anul 2024, Numar, 0
Cabinete medicale de medicina generala, Proprietate publica, Bacau, 23494 MOTOSENI, Anul 2024, Numar, 0
Cabinete medicale de medicina generala, Proprietate publica, Bacau, 23644 NEGRI, Anul 2024, Numar, 0
Cabinete medicale de medicina generala, Proprietate publica, Bacau, 23715 NICOLAE BALCESCU, Anul 2024, Numar, 0
Cabinete medicale de medicina generala, Proprietate publica, Bacau, 26353 ODOBESTI, Anul 2024, Numar, 0
Cabinete medicale de medicina generala, Proprietate publica, Bacau, 23797 OITUZ, Anul 2024, Numar, 0
Cabinete medicale de medicina generala, Proprietate publica, Bacau, 23868 ONCESTI, Anul 2024, Numar, 0
Cabinete medicale de medicina generala, Proprietate publica, Bacau, 23948 ORBENI, Anul 2024, Numar, 0
Cabinete medicale de medicina generala, Proprietate publica, Bacau, 23975 PALANCA, Anul 2024, Numar, 0
Cabinete medicale de medicina generala, Proprietate publica, Bacau, 24187 PANCESTI, Anul 2024, Numar, 0
Cabinete medicale de medicina generala, Proprietate publica, Bacau, 24034 PARAVA, Anul 2024, Numar, 0
Cabinete medicale de medicina generala, Proprietate publica, Bacau, 24276 PARGARESTI, Anul 2024, Numar, 0
Cabinete medicale de medicina generala, Proprietate publica, Bacau, 24089 PARINCEA, Anul 2024, Numar, 0
Cabinete medicale de medicina generala, Proprietate publica, Bacau, 24338 PARJOL, Anul 2024, Numar, 0
Cabinete medicale de medicina generala, Proprietate publica, Bacau, 24427 PLOPANA, Anul 2024, Numar, 0
Cabinete medicale de medicina generala, Proprietate publica, Bacau, 24524 PODU TURCULUI, Anul 2024, Numar, 0
Cabinete medicale de medicina generala, Proprietate publica, Bacau, 24631 PODURI, Anul 2024, Numar, 0
Cabinete medicale de medicina generala, Proprietate publica, Bacau, 26361 PRAJESTI, Anul 2024, Numar, 0
Cabinete medicale de medicina generala, Proprietate publica, Bacau, 24766 RACACIUNI, Anul 2024, Numar, 0
Cabinete medicale de medicina generala, Proprietate publica, Bacau, 24837 RACHITOASA, Anul 2024, Numar, 0
Cabinete medicale de medicina generala, Proprietate publica, Bacau, 24711 RACOVA, Anul 2024, Numar, 0
Cabinete medicale de medicina generala, Proprietate publica, Bacau, 24999 ROSIORI, Anul 2024, Numar, 0
Cabinete medicale de medicina generala, Proprietate publica, Bacau, 25148 SANDULENI, Anul 2024, Numar, 0
Cabinete medicale de medicina generala, Proprietate publica, Bacau, 26320 SARATA, Anul 2024, Numar, 0
Cabinete medicale de medicina generala, Proprietate publica, Bacau, 25068 SASCUT, Anul 2024, Numar, 0
Cabinete medicale de medicina generala, Proprietate publica, Bacau, 25228 SAUCESTI, Anul 2024, Numar, 0
Cabinete medicale de medicina generala, Proprietate publica, Bacau, 25291 SCORTENI, Anul 2024, Numar, 0
Cabinete medicale de medicina generala, Proprietate publica, Bacau, 25362 SECUIENI, Anul 2024, Numar, 0
Cabinete medicale de medicina generala, Proprietate publica, Bacau, 25488 SOLONT, Anul 2024, Numar, 0
Cabinete medicale de medicina generala, Proprietate publica, Bacau, 25521 STANISESTI, Anul 2024, Numar, 0
Cabinete medicale de medicina generala, Proprietate publica, Bacau, 20670 STEFAN CEL MARE, Anul 2024, Numar, 0
Cabinete medicale de medicina generala, Proprietate publica, Bacau, 25629 STRUGARI, Anul 2024, Numar, 0
Cabinete medicale de medicina generala, Proprietate publica, Bacau, 25692 TAMASI, Anul 2024, Numar, 0
Cabinete medicale de medicina generala, Proprietate publica, Bacau, 25825 TARGU TROTUS, Anul 2024, Numar, 0
Cabinete medicale de medicina generala, Proprietate publica, Bacau, 25745 TATARASTI, Anul 2024, Numar, 0
Cabinete medicale de medicina generala, Proprietate publica, Bacau, 25861 TRAIAN, Anul 2024, Numar, 0
Cabinete medicale de medicina generala, Proprietate publica, Bacau, 25932 UNGURENI, Anul 2024, Numar, 0
Cabinete medicale de medicina generala, Proprietate publica, Bacau, 26029 URECHESTI, Anul 2024, Numar, 0
Cabinete medicale de medicina generala, Proprietate publica, Bacau, 26083 VALEA SEACA, Anul 2024, Numar, 0
Cabinete medicale de medicina generala, Proprietate publica, Bacau, 26118 VULTURENI, Anul 2024, Numar, 0
Cabinete medicale de medicina generala, Proprietate publica, Bacau, 26289 ZEMES, Anul 2024, Numar, 0
Cabinete medicale de medicina generala, Proprietate privata, Bacau, 20297 MUNICIPIUL BACAU, Anul 2024, Numar, 4
Cabinete medicale de medicina generala, Proprietate privata, Bacau, 20876 MUNICIPIUL MOINESTI, Anul 2024, Numar, 1
Cabinete medicale de medicina generala, Proprietate privata, Bacau, 20563 MUNICIPIUL ONESTI, Anul 2024, Numar, 0
Cabinete medicale de medicina generala, Proprietate privata, Bacau, 20778 ORAS BUHUSI, Anul 2024, Numar, 0
Cabinete medicale de medicina generala, Proprietate privata, Bacau, 20821 ORAS COMANESTI, Anul 2024, Numar, 1
Cabinete medicale de medicina generala, Proprietate privata, Bacau, 22166 ORAS DARMANESTI, Anul 2024, Numar, 0
Cabinete medicale de medicina generala, Proprietate privata, Bacau, 20910 ORAS SLANIC-MOLDOVA, Anul 2024, Numar, 0
Cabinete medicale de medicina generala, Proprietate privata, Bacau, 20965 ORAS TARGU OCNA, Anul 2024, Numar, 0
Cabinete medicale de medicina generala, Proprietate privata, Bacau, 21007 AGAS, Anul 2024, Numar, 0
Cabinete medicale de medicina generala, Proprietate privata, Bacau, 21098 ARDEOANI, Anul 2024, Numar, 0
Cabinete medicale de medicina generala, Proprietate privata, Bacau, 21123 ASAU, Anul 2024, Numar, 0
Cabinete medicale de medicina generala, Proprietate privata, Bacau, 21196 BALCANI, Anul 2024, Numar, 0
Cabinete medicale de medicina generala, Proprietate privata, Bacau, 21454 BARSANESTI, Anul 2024, Numar, 0
Cabinete medicale de medicina generala, Proprietate privata, Bacau, 21249 BERESTI-BISTRITA, Anul 2024, Numar, 0
Cabinete medicale de medicina generala, Proprietate privata, Bacau, 21338 BERESTI-TAZLAU, Anul 2024, Numar, 0
Cabinete medicale de medicina generala, Proprietate privata, Bacau, 21418 BERZUNTI, Anul 2024, Numar, 0
Cabinete medicale de medicina generala, Proprietate privata, Bacau, 21506 BLAGESTI, Anul 2024, Numar, 0
Cabinete medicale de medicina generala, Proprietate privata, Bacau, 21560 BOGDANESTI, Anul 2024, Numar, 0
Cabinete medicale de medicina generala, Proprietate privata, Bacau, 21597 BRUSTUROASA, Anul 2024, Numar, 0
Cabinete medicale de medicina generala, Proprietate privata, Bacau, 26338 BUCIUMI, Anul 2024, Numar, 0
Cabinete medicale de medicina generala, Proprietate privata, Bacau, 21668 BUHOCI, Anul 2024, Numar, 0
Cabinete medicale de medicina generala, Proprietate privata, Bacau, 21757 CAIUTI, Anul 2024, Numar, 0
Cabinete medicale de medicina generala, Proprietate privata, Bacau, 21720 CASIN, Anul 2024, Numar, 0
Cabinete medicale de medicina generala, Proprietate privata, Bacau, 21855 CLEJA, Anul 2024, Numar, 0
Cabinete medicale de medicina generala, Proprietate privata, Bacau, 21891 COLONESTI, Anul 2024, Numar, 0
Cabinete medicale de medicina generala, Proprietate privata, Bacau, 21971 CORBASCA, Anul 2024, Numar, 0
Cabinete medicale de medicina generala, Proprietate privata, Bacau, 22059 COTOFANESTI, Anul 2024, Numar, 0
Cabinete medicale de medicina generala, Proprietate privata, Bacau, 22111 DAMIENESTI, Anul 2024, Numar, 0
Cabinete medicale de medicina generala, Proprietate privata, Bacau, 22237 DEALU MORII, Anul 2024, Numar, 0
Cabinete medicale de medicina generala, Proprietate privata, Bacau, 22380 DOFTEANA, Anul 2024, Numar, 0
Cabinete medicale de medicina generala, Proprietate privata, Bacau, 22460 FARAOANI, Anul 2024, Numar, 0
Cabinete medicale de medicina generala, Proprietate privata, Bacau, 22488 FILIPENI, Anul 2024, Numar, 0
Cabinete medicale de medicina generala, Proprietate privata, Bacau, 22576 FILIPESTI, Anul 2024, Numar, 0
Cabinete medicale de medicina generala, Proprietate privata, Bacau, 22665 GAICEANA, Anul 2024, Numar, 0
Cabinete medicale de medicina generala, Proprietate privata, Bacau, 22781 GARLENI, Anul 2024, Numar, 0
Cabinete medicale de medicina generala, Proprietate privata, Bacau, 22718 GHIMES-FAGET, Anul 2024, Numar, 1
Cabinete medicale de medicina generala, Proprietate privata, Bacau, 26346 GIOSENI, Anul 2024, Numar, 0
Cabinete medicale de medicina generala, Proprietate privata, Bacau, 22834 GLAVANESTI, Anul 2024, Numar, 0
Cabinete medicale de medicina generala, Proprietate privata, Bacau, 20607 GURA VAII, Anul 2024, Numar, 0
Cabinete medicale de medicina generala, Proprietate privata, Bacau, 22898 HELEGIU, Anul 2024, Numar, 0
Cabinete medicale de medicina generala, Proprietate privata, Bacau, 20313 HEMEIUS, Anul 2024, Numar, 0
Cabinete medicale de medicina generala, Proprietate privata, Bacau, 22941 HORGESTI, Anul 2024, Numar, 0
Cabinete medicale de medicina generala, Proprietate privata, Bacau, 23047 HURUIESTI, Anul 2024, Numar, 0
Cabinete medicale de medicina generala, Proprietate privata, Bacau, 26379 ITESTI, Anul 2024, Numar, 0
Cabinete medicale de medicina generala, Proprietate privata, Bacau, 23127 IZVORU BERHECIULUI, Anul 2024, Numar, 0
Cabinete medicale de medicina generala, Proprietate privata, Bacau, 20359 LETEA VECHE, Anul 2024, Numar, 0
Cabinete medicale de medicina generala, Proprietate privata, Bacau, 23207 LIPOVA, Anul 2024, Numar, 0
Cabinete medicale de medicina generala, Proprietate privata, Bacau, 23289 LIVEZI, Anul 2024, Numar, 0
Cabinete medicale de medicina generala, Proprietate privata, Bacau, 23350 LUIZI-CALUGARA, Anul 2024, Numar, 0
Cabinete medicale de medicina generala, Proprietate privata, Bacau, 23387 MAGIRESTI, Anul 2024, Numar, 0
Cabinete medicale de medicina generala, Proprietate privata, Bacau, 20411 MAGURA, Anul 2024, Numar, 0
Cabinete medicale de medicina generala, Proprietate privata, Bacau, 23449 MANASTIREA CASIN, Anul 2024, Numar, 0
Cabinete medicale de medicina generala, Proprietate privata, Bacau, 20466 MARGINENI, Anul 2024, Numar, 0
Cabinete medicale de medicina generala, Proprietate privata, Bacau, 23494 MOTOSENI, Anul 2024, Numar, 0
Cabinete medicale de medicina generala, Proprietate privata, Bacau, 23644 NEGRI, Anul 2024, Numar, 0
Cabinete medicale de medicina generala, Proprietate privata, Bacau, 23715 NICOLAE BALCESCU, Anul 2024, Numar, 0
Cabinete medicale de medicina generala, Proprietate privata, Bacau, 26353 ODOBESTI, Anul 2024, Numar, 0
Cabinete medicale de medicina generala, Proprietate privata, Bacau, 23797 OITUZ, Anul 2024, Numar, 0
Cabinete medicale de medicina generala, Proprietate privata, Bacau, 23868 ONCESTI, Anul 2024, Numar, 0
Cabinete medicale de medicina generala, Proprietate privata, Bacau, 23948 ORBENI, Anul 2024, Numar, 0
Cabinete medicale de medicina generala, Proprietate privata, Bacau, 23975 PALANCA, Anul 2024, Numar, 0
Cabinete medicale de medicina generala, Proprietate privata, Bacau, 24187 PANCESTI, Anul 2024, Numar, 0
Cabinete medicale de medicina generala, Proprietate privata, Bacau, 24034 PARAVA, Anul 2024, Numar, 0
Cabinete medicale de medicina generala, Proprietate privata, Bacau, 24276 PARGARESTI, Anul 2024, Numar, 0
Cabinete medicale de medicina generala, Proprietate privata, Bacau, 24089 PARINCEA, Anul 2024, Numar, 0
Cabinete medicale de medicina generala, Proprietate privata, Bacau, 24338 PARJOL, Anul 2024, Numar, 0
Cabinete medicale de medicina generala, Proprietate privata, Bacau, 24427 PLOPANA, Anul 2024, Numar, 0
Cabinete medicale de medicina generala, Proprietate privata, Bacau, 24524 PODU TURCULUI, Anul 2024, Numar, 0
Cabinete medicale de medicina generala, Proprietate privata, Bacau, 24631 PODURI, Anul 2024, Numar, 0
Cabinete medicale de medicina generala, Proprietate privata, Bacau, 26361 PRAJESTI, Anul 2024, Numar, 0
Cabinete medicale de medicina generala, Proprietate privata, Bacau, 24766 RACACIUNI, Anul 2024, Numar, 0
Cabinete medicale de medicina generala, Proprietate privata, Bacau, 24837 RACHITOASA, Anul 2024, Numar, 0
Cabinete medicale de medicina generala, Proprietate privata, Bacau, 24711 RACOVA, Anul 2024, Numar, 0
Cabinete medicale de medicina generala, Proprietate privata, Bacau, 24999 ROSIORI, Anul 2024, Numar, 0
Cabinete medicale de medicina generala, Proprietate privata, Bacau, 25148 SANDULENI, Anul 2024, Numar, 0
Cabinete medicale de medicina generala, Proprietate privata, Bacau, 26320 SARATA, Anul 2024, Numar, 0
Cabinete medicale de medicina generala, Proprietate privata, Bacau, 25068 SASCUT, Anul 2024, Numar, 0
Cabinete medicale de medicina generala, Proprietate privata, Bacau, 25228 SAUCESTI, Anul 2024, Numar, 0
Cabinete medicale de medicina generala, Proprietate privata, Bacau, 25291 SCORTENI, Anul 2024, Numar, 0
Cabinete medicale de medicina generala, Proprietate privata, Bacau, 25362 SECUIENI, Anul 2024, Numar, 0
Cabinete medicale de medicina generala, Proprietate privata, Bacau, 25488 SOLONT, Anul 2024, Numar, 0
Cabinete medicale de medicina generala, Proprietate privata, Bacau, 25521 STANISESTI, Anul 2024, Numar, 0
Cabinete medicale de medicina generala, Proprietate privata, Bacau, 20670 STEFAN CEL MARE, Anul 2024, Numar, 0
Cabinete medicale de medicina generala, Proprietate privata, Bacau, 25629 STRUGARI, Anul 2024, Numar, 0
Cabinete medicale de medicina generala, Proprietate privata, Bacau, 25692 TAMASI, Anul 2024, Numar, 0
Cabinete medicale de medicina generala, Proprietate privata, Bacau, 25825 TARGU TROTUS, Anul 2024, Numar, 0
Cabinete medicale de medicina generala, Proprietate privata, Bacau, 25745 TATARASTI, Anul 2024, Numar, 0
Cabinete medicale de medicina generala, Proprietate privata, Bacau, 25861 TRAIAN, Anul 2024, Numar, 0
Cabinete medicale de medicina generala, Proprietate privata, Bacau, 25932 UNGURENI, Anul 2024, Numar, 0
Cabinete medicale de medicina generala, Proprietate privata, Bacau, 26029 URECHESTI, Anul 2024, Numar, 0
Cabinete medicale de medicina generala, Proprietate privata, Bacau, 26083 VALEA SEACA, Anul 2024, Numar, 0
Cabinete medicale de medicina generala, Proprietate privata, Bacau, 26118 VULTURENI, Anul 2024, Numar, 0
Cabinete medicale de medicina generala, Proprietate privata, Bacau, 26289 ZEMES, Anul 2024, Numar, 0
Cabinete medicale scolare, Proprietate publica, Bacau, 20297 MUNICIPIUL BACAU, Anul 2024, Numar, 18
Cabinete medicale scolare, Proprietate publica, Bacau, 20876 MUNICIPIUL MOINESTI, Anul 2024, Numar, 3
Cabinete medicale scolare, Proprietate publica, Bacau, 20563 MUNICIPIUL ONESTI, Anul 2024, Numar, 3
Cabinete medicale scolare, Proprietate publica, Bacau, 20778 ORAS BUHUSI, Anul 2024, Numar, 8
Cabinete medicale scolare, Proprietate publica, Bacau, 20821 ORAS COMANESTI, Anul 2024, Numar, 1
Cabinete medicale scolare, Proprietate publica, Bacau, 22166 ORAS DARMANESTI, Anul 2024, Numar, 3
Cabinete medicale scolare, Proprietate publica, Bacau, 20910 ORAS SLANIC-MOLDOVA, Anul 2024, Numar, 2
Cabinete medicale scolare, Proprietate publica, Bacau, 20965 ORAS TARGU OCNA, Anul 2024, Numar, 7
Cabinete medicale scolare, Proprietate publica, Bacau, 21007 AGAS, Anul 2024, Numar, 0
Cabinete medicale scolare, Proprietate publica, Bacau, 21098 ARDEOANI, Anul 2024, Numar, 0
Cabinete medicale scolare, Proprietate publica, Bacau, 21123 ASAU, Anul 2024, Numar, 0
Cabinete medicale scolare, Proprietate publica, Bacau, 21196 BALCANI, Anul 2024, Numar, 0
Cabinete medicale scolare, Proprietate publica, Bacau, 21454 BARSANESTI, Anul 2024, Numar, 0
Cabinete medicale scolare, Proprietate publica, Bacau, 21249 BERESTI-BISTRITA, Anul 2024, Numar, 0
Cabinete medicale scolare, Proprietate publica, Bacau, 21338 BERESTI-TAZLAU, Anul 2024, Numar, 0
Cabinete medicale scolare, Proprietate publica, Bacau, 21418 BERZUNTI, Anul 2024, Numar, 0
Cabinete medicale scolare, Proprietate publica, Bacau, 21506 BLAGESTI, Anul 2024, Numar, 0
Cabinete medicale scolare, Proprietate publica, Bacau, 21560 BOGDANESTI, Anul 2024, Numar, 0
Cabinete medicale scolare, Proprietate publica, Bacau, 21597 BRUSTUROASA, Anul 2024, Numar, 0
Cabinete medicale scolare, Proprietate publica, Bacau, 26338 BUCIUMI, Anul 2024, Numar, 0
Cabinete medicale scolare, Proprietate publica, Bacau, 21668 BUHOCI, Anul 2024, Numar, 0
Cabinete medicale scolare, Proprietate publica, Bacau, 21757 CAIUTI, Anul 2024, Numar, 0
Cabinete medicale scolare, Proprietate publica, Bacau, 21720 CASIN, Anul 2024, Numar, 0
Cabinete medicale scolare, Proprietate publica, Bacau, 21855 CLEJA, Anul 2024, Numar, 0
Cabinete medicale scolare, Proprietate publica, Bacau, 21891 COLONESTI, Anul 2024, Numar, 0
Cabinete medicale scolare, Proprietate publica, Bacau, 21971 CORBASCA, Anul 2024, Numar, 0
Cabinete medicale scolare, Proprietate publica, Bacau, 22059 COTOFANESTI, Anul 2024, Numar, 0
Cabinete medicale scolare, Proprietate publica, Bacau, 22111 DAMIENESTI, Anul 2024, Numar, 0
Cabinete medicale scolare, Proprietate publica, Bacau, 22237 DEALU MORII, Anul 2024, Numar, 0
Cabinete medicale scolare, Proprietate publica, Bacau, 22380 DOFTEANA, Anul 2024, Numar, 0
Cabinete medicale scolare, Proprietate publica, Bacau, 22460 FARAOANI, Anul 2024, Numar, 0
Cabinete medicale scolare, Proprietate publica, Bacau, 22488 FILIPENI, Anul 2024, Numar, 0
Cabinete medicale scolare, Proprietate publica, Bacau, 22576 FILIPESTI, Anul 2024, Numar, 0
Cabinete medicale scolare, Proprietate publica, Bacau, 22665 GAICEANA, Anul 2024, Numar, 0
Cabinete medicale scolare, Proprietate publica, Bacau, 22781 GARLENI, Anul 2024, Numar, 0
Cabinete medicale scolare, Proprietate publica, Bacau, 22718 GHIMES-FAGET, Anul 2024, Numar, 0
Cabinete medicale scolare, Proprietate publica, Bacau, 26346 GIOSENI, Anul 2024, Numar, 0
Cabinete medicale scolare, Proprietate publica, Bacau, 22834 GLAVANESTI, Anul 2024, Numar, 0
Cabinete medicale scolare, Proprietate publica, Bacau, 20607 GURA VAII, Anul 2024, Numar, 0
Cabinete medicale scolare, Proprietate publica, Bacau, 22898 HELEGIU, Anul 2024, Numar, 0
Cabinete medicale scolare, Proprietate publica, Bacau, 20313 HEMEIUS, Anul 2024, Numar, 0
Cabinete medicale scolare, Proprietate publica, Bacau, 22941 HORGESTI, Anul 2024, Numar, 0
Cabinete medicale scolare, Proprietate publica, Bacau, 23047 HURUIESTI, Anul 2024, Numar, 0
Cabinete medicale scolare, Proprietate publica, Bacau, 26379 ITESTI, Anul 2024, Numar, 0
Cabinete medicale scolare, Proprietate publica, Bacau, 23127 IZVORU BERHECIULUI, Anul 2024, Numar, 0
Cabinete medicale scolare, Proprietate publica, Bacau, 20359 LETEA VECHE, Anul 2024, Numar, 0
Cabinete medicale scolare, Proprietate publica, Bacau, 23207 LIPOVA, Anul 2024, Numar, 0
Cabinete medicale scolare, Proprietate publica, Bacau, 23289 LIVEZI, Anul 2024, Numar, 0
Cabinete medicale scolare, Proprietate publica, Bacau, 23350 LUIZI-CALUGARA, Anul 2024, Numar, 0
Cabinete medicale scolare, Proprietate publica, Bacau, 23387 MAGIRESTI, Anul 2024, Numar, 0
Cabinete medicale scolare, Proprietate publica, Bacau, 20411 MAGURA, Anul 2024, Numar, 0
Cabinete medicale scolare, Proprietate publica, Bacau, 23449 MANASTIREA CASIN, Anul 2024, Numar, 0
Cabinete medicale scolare, Proprietate publica, Bacau, 20466 MARGINENI, Anul 2024, Numar, 0
Cabinete medicale scolare, Proprietate publica, Bacau, 23494 MOTOSENI, Anul 2024, Numar, 0
Cabinete medicale scolare, Proprietate publica, Bacau, 23644 NEGRI, Anul 2024, Numar, 0
Cabinete medicale scolare, Proprietate publica, Bacau, 23715 NICOLAE BALCESCU, Anul 2024, Numar, 0
Cabinete medicale scolare, Proprietate publica, Bacau, 26353 ODOBESTI, Anul 2024, Numar, 0
Cabinete medicale scolare, Proprietate publica, Bacau, 23797 OITUZ, Anul 2024, Numar, 0
Cabinete medicale scolare, Proprietate publica, Bacau, 23868 ONCESTI, Anul 2024, Numar, 0
Cabinete medicale scolare, Proprietate publica, Bacau, 23948 ORBENI, Anul 2024, Numar, 0
Cabinete medicale scolare, Proprietate publica, Bacau, 23975 PALANCA, Anul 2024, Numar, 0
Cabinete medicale scolare, Proprietate publica, Bacau, 24187 PANCESTI, Anul 2024, Numar, 0
Cabinete medicale scolare, Proprietate publica, Bacau, 24034 PARAVA, Anul 2024, Numar, 0
Cabinete medicale scolare, Proprietate publica, Bacau, 24276 PARGARESTI, Anul 2024, Numar, 0
Cabinete medicale scolare, Proprietate publica, Bacau, 24089 PARINCEA, Anul 2024, Numar, 0
Cabinete medicale scolare, Proprietate publica, Bacau, 24338 PARJOL, Anul 2024, Numar, 0
Cabinete medicale scolare, Proprietate publica, Bacau, 24427 PLOPANA, Anul 2024, Numar, 0
Cabinete medicale scolare, Proprietate publica, Bacau, 24524 PODU TURCULUI, Anul 2024, Numar, 0
Cabinete medicale scolare, Proprietate publica, Bacau, 24631 PODURI, Anul 2024, Numar, 0
Cabinete medicale scolare, Proprietate publica, Bacau, 26361 PRAJESTI, Anul 2024, Numar, 0
Cabinete medicale scolare, Proprietate publica, Bacau, 24766 RACACIUNI, Anul 2024, Numar, 0
Cabinete medicale scolare, Proprietate publica, Bacau, 24837 RACHITOASA, Anul 2024, Numar, 0
Cabinete medicale scolare, Proprietate publica, Bacau, 24711 RACOVA, Anul 2024, Numar, 0
Cabinete medicale scolare, Proprietate publica, Bacau, 24999 ROSIORI, Anul 2024, Numar, 0
Cabinete medicale scolare, Proprietate publica, Bacau, 25148 SANDULENI, Anul 2024, Numar, 0
Cabinete medicale scolare, Proprietate publica, Bacau, 26320 SARATA, Anul 2024, Numar, 0
Cabinete medicale scolare, Proprietate publica, Bacau, 25068 SASCUT, Anul 2024, Numar, 0
Cabinete medicale scolare, Proprietate publica, Bacau, 25228 SAUCESTI, Anul 2024, Numar, 0
Cabinete medicale scolare, Proprietate publica, Bacau, 25291 SCORTENI, Anul 2024, Numar, 0
Cabinete medicale scolare, Proprietate publica, Bacau, 25362 SECUIENI, Anul 2024, Numar, 0
Cabinete medicale scolare, Proprietate publica, Bacau, 25488 SOLONT, Anul 2024, Numar, 0
Cabinete medicale scolare, Proprietate publica, Bacau, 25521 STANISESTI, Anul 2024, Numar, 0
Cabinete medicale scolare, Proprietate publica, Bacau, 20670 STEFAN CEL MARE, Anul 2024, Numar, 0
Cabinete medicale scolare, Proprietate publica, Bacau, 25629 STRUGARI, Anul 2024, Numar, 0
Cabinete medicale scolare, Proprietate publica, Bacau, 25692 TAMASI, Anul 2024, Numar, 0
Cabinete medicale scolare, Proprietate publica, Bacau, 25825 TARGU TROTUS, Anul 2024, Numar, 0
Cabinete medicale scolare, Proprietate publica, Bacau, 25745 TATARASTI, Anul 2024, Numar, 0
Cabinete medicale scolare, Proprietate publica, Bacau, 25861 TRAIAN, Anul 2024, Numar, 0
Cabinete medicale scolare, Proprietate publica, Bacau, 25932 UNGURENI, Anul 2024, Numar, 0
Cabinete medicale scolare, Proprietate publica, Bacau, 26029 URECHESTI, Anul 2024, Numar, 0
Cabinete medicale scolare, Proprietate publica, Bacau, 26083 VALEA SEACA, Anul 2024, Numar, 0
Cabinete medicale scolare, Proprietate publica, Bacau, 26118 VULTURENI, Anul 2024, Numar, 0
Cabinete medicale scolare, Proprietate publica, Bacau, 26289 ZEMES, Anul 2024, Numar, 0
Cabinete medicale studentesti, Proprietate publica, Bacau, 20297 MUNICIPIUL BACAU, Anul 2024, Numar, 1
Cabinete medicale studentesti, Proprietate publica, Bacau, 20876 MUNICIPIUL MOINESTI, Anul 2024, Numar, 0
Cabinete medicale studentesti, Proprietate publica, Bacau, 20563 MUNICIPIUL ONESTI, Anul 2024, Numar, 0
Cabinete medicale studentesti, Proprietate publica, Bacau, 20778 ORAS BUHUSI, Anul 2024, Numar, 0
Cabinete medicale studentesti, Proprietate publica, Bacau, 20821 ORAS COMANESTI, Anul 2024, Numar, 0
Cabinete medicale studentesti, Proprietate publica, Bacau, 22166 ORAS DARMANESTI, Anul 2024, Numar, 0
Cabinete medicale studentesti, Proprietate publica, Bacau, 20910 ORAS SLANIC-MOLDOVA, Anul 2024, Numar, 0
Cabinete medicale studentesti, Proprietate publica, Bacau, 20965 ORAS TARGU OCNA, Anul 2024, Numar, 0
Cabinete medicale studentesti, Proprietate publica, Bacau, 21007 AGAS, Anul 2024, Numar, 0
Cabinete medicale studentesti, Proprietate publica, Bacau, 21098 ARDEOANI, Anul 2024, Numar, 0
Cabinete medicale studentesti, Proprietate publica, Bacau, 21123 ASAU, Anul 2024, Numar, 0
Cabinete medicale studentesti, Proprietate publica, Bacau, 21196 BALCANI, Anul 2024, Numar, 0
Cabinete medicale studentesti, Proprietate publica, Bacau, 21454 BARSANESTI, Anul 2024, Numar, 0
Cabinete medicale studentesti, Proprietate publica, Bacau, 21249 BERESTI-BISTRITA, Anul 2024, Numar, 0
Cabinete medicale studentesti, Proprietate publica, Bacau, 21338 BERESTI-TAZLAU, Anul 2024, Numar, 0
Cabinete medicale studentesti, Proprietate publica, Bacau, 21418 BERZUNTI, Anul 2024, Numar, 0
Cabinete medicale studentesti, Proprietate publica, Bacau, 21506 BLAGESTI, Anul 2024, Numar, 0
Cabinete medicale studentesti, Proprietate publica, Bacau, 21560 BOGDANESTI, Anul 2024, Numar, 0
Cabinete medicale studentesti, Proprietate publica, Bacau, 21597 BRUSTUROASA, Anul 2024, Numar, 0
Cabinete medicale studentesti, Proprietate publica, Bacau, 26338 BUCIUMI, Anul 2024, Numar, 0
Cabinete medicale studentesti, Proprietate publica, Bacau, 21668 BUHOCI, Anul 2024, Numar, 0
Cabinete medicale studentesti, Proprietate publica, Bacau, 21757 CAIUTI, Anul 2024, Numar, 0
Cabinete medicale studentesti, Proprietate publica, Bacau, 21720 CASIN, Anul 2024, Numar, 0
Cabinete medicale studentesti, Proprietate publica, Bacau, 21855 CLEJA, Anul 2024, Numar, 0
Cabinete medicale studentesti, Proprietate publica, Bacau, 21891 COLONESTI, Anul 2024, Numar, 0
Cabinete medicale studentesti, Proprietate publica, Bacau, 21971 CORBASCA, Anul 2024, Numar, 0
Cabinete medicale studentesti, Proprietate publica, Bacau, 22059 COTOFANESTI, Anul 2024, Numar, 0
Cabinete medicale studentesti, Proprietate publica, Bacau, 22111 DAMIENESTI, Anul 2024, Numar, 0
Cabinete medicale studentesti, Proprietate publica, Bacau, 22237 DEALU MORII, Anul 2024, Numar, 0
Cabinete medicale studentesti, Proprietate publica, Bacau, 22380 DOFTEANA, Anul 2024, Numar, 0
Cabinete medicale studentesti, Proprietate publica, Bacau, 22460 FARAOANI, Anul 2024, Numar, 0
Cabinete medicale studentesti, Proprietate publica, Bacau, 22488 FILIPENI, Anul 2024, Numar, 0
Cabinete medicale studentesti, Proprietate publica, Bacau, 22576 FILIPESTI, Anul 2024, Numar, 0
Cabinete medicale studentesti, Proprietate publica, Bacau, 22665 GAICEANA, Anul 2024, Numar, 0
Cabinete medicale studentesti, Proprietate publica, Bacau, 22781 GARLENI, Anul 2024, Numar, 0
Cabinete medicale studentesti, Proprietate publica, Bacau, 22718 GHIMES-FAGET, Anul 2024, Numar, 0
Cabinete medicale studentesti, Proprietate publica, Bacau, 26346 GIOSENI, Anul 2024, Numar, 0
Cabinete medicale studentesti, Proprietate publica, Bacau, 22834 GLAVANESTI, Anul 2024, Numar, 0
Cabinete medicale studentesti, Proprietate publica, Bacau, 20607 GURA VAII, Anul 2024, Numar, 0
Cabinete medicale studentesti, Proprietate publica, Bacau, 22898 HELEGIU, Anul 2024, Numar, 0
Cabinete medicale studentesti, Proprietate publica, Bacau, 20313 HEMEIUS, Anul 2024, Numar, 0
Cabinete medicale studentesti, Proprietate publica, Bacau, 22941 HORGESTI, Anul 2024, Numar, 0
Cabinete medicale studentesti, Proprietate publica, Bacau, 23047 HURUIESTI, Anul 2024, Numar, 0
Cabinete medicale studentesti, Proprietate publica, Bacau, 26379 ITESTI, Anul 2024, Numar, 0
Cabinete medicale studentesti, Proprietate publica, Bacau, 23127 IZVORU BERHECIULUI, Anul 2024, Numar, 0
Cabinete medicale studentesti, Proprietate publica, Bacau, 20359 LETEA VECHE, Anul 2024, Numar, 0
Cabinete medicale studentesti, Proprietate publica, Bacau, 23207 LIPOVA, Anul 2024, Numar, 0
Cabinete medicale studentesti, Proprietate publica, Bacau, 23289 LIVEZI, Anul 2024, Numar, 0
Cabinete medicale studentesti, Proprietate publica, Bacau, 23350 LUIZI-CALUGARA, Anul 2024, Numar, 0
Cabinete medicale studentesti, Proprietate publica, Bacau, 23387 MAGIRESTI, Anul 2024, Numar, 0
Cabinete medicale studentesti, Proprietate publica, Bacau, 20411 MAGURA, Anul 2024, Numar, 0
Cabinete medicale studentesti, Proprietate publica, Bacau, 23449 MANASTIREA CASIN, Anul 2024, Numar, 0
Cabinete medicale studentesti, Proprietate publica, Bacau, 20466 MARGINENI, Anul 2024, Numar, 0
Cabinete medicale studentesti, Proprietate publica, Bacau, 23494 MOTOSENI, Anul 2024, Numar, 0
Cabinete medicale studentesti, Proprietate publica, Bacau, 23644 NEGRI, Anul 2024, Numar, 0
Cabinete medicale studentesti, Proprietate publica, Bacau, 23715 NICOLAE BALCESCU, Anul 2024, Numar, 0
Cabinete medicale studentesti, Proprietate publica, Bacau, 26353 ODOBESTI, Anul 2024, Numar, 0
Cabinete medicale studentesti, Proprietate publica, Bacau, 23797 OITUZ, Anul 2024, Numar, 0
Cabinete medicale studentesti, Proprietate publica, Bacau, 23868 ONCESTI, Anul 2024, Numar, 0
Cabinete medicale studentesti, Proprietate publica, Bacau, 23948 ORBENI, Anul 2024, Numar, 0
Cabinete medicale studentesti, Proprietate publica, Bacau, 23975 PALANCA, Anul 2024, Numar, 0
Cabinete medicale studentesti, Proprietate publica, Bacau, 24187 PANCESTI, Anul 2024, Numar, 0
Cabinete medicale studentesti, Proprietate publica, Bacau, 24034 PARAVA, Anul 2024, Numar, 0
Cabinete medicale studentesti, Proprietate publica, Bacau, 24276 PARGARESTI, Anul 2024, Numar, 0
Cabinete medicale studentesti, Proprietate publica, Bacau, 24089 PARINCEA, Anul 2024, Numar, 0
Cabinete medicale studentesti, Proprietate publica, Bacau, 24338 PARJOL, Anul 2024, Numar, 0
Cabinete medicale studentesti, Proprietate publica, Bacau, 24427 PLOPANA, Anul 2024, Numar, 0
Cabinete medicale studentesti, Proprietate publica, Bacau, 24524 PODU TURCULUI, Anul 2024, Numar, 0
Cabinete medicale studentesti, Proprietate publica, Bacau, 24631 PODURI, Anul 2024, Numar, 0
Cabinete medicale studentesti, Proprietate publica, Bacau, 26361 PRAJESTI, Anul 2024, Numar, 0
Cabinete medicale studentesti, Proprietate publica, Bacau, 24766 RACACIUNI, Anul 2024, Numar, 0
Cabinete medicale studentesti, Proprietate publica, Bacau, 24837 RACHITOASA, Anul 2024, Numar, 0
Cabinete medicale studentesti, Proprietate publica, Bacau, 24711 RACOVA, Anul 2024, Numar, 0
Cabinete medicale studentesti, Proprietate publica, Bacau, 24999 ROSIORI, Anul 2024, Numar, 0
Cabinete medicale studentesti, Proprietate publica, Bacau, 25148 SANDULENI, Anul 2024, Numar, 0
Cabinete medicale studentesti, Proprietate publica, Bacau, 26320 SARATA, Anul 2024, Numar, 0
Cabinete medicale studentesti, Proprietate publica, Bacau, 25068 SASCUT, Anul 2024, Numar, 0
Cabinete medicale studentesti, Proprietate publica, Bacau, 25228 SAUCESTI, Anul 2024, Numar, 0
Cabinete medicale studentesti, Proprietate publica, Bacau, 25291 SCORTENI, Anul 2024, Numar, 0
Cabinete medicale studentesti, Proprietate publica, Bacau, 25362 SECUIENI, Anul 2024, Numar, 0
Cabinete medicale studentesti, Proprietate publica, Bacau, 25488 SOLONT, Anul 2024, Numar, 0
Cabinete medicale studentesti, Proprietate publica, Bacau, 25521 STANISESTI, Anul 2024, Numar, 0
Cabinete medicale studentesti, Proprietate publica, Bacau, 20670 STEFAN CEL MARE, Anul 2024, Numar, 0
Cabinete medicale studentesti, Proprietate publica, Bacau, 25629 STRUGARI, Anul 2024, Numar, 0
Cabinete medicale studentesti, Proprietate publica, Bacau, 25692 TAMASI, Anul 2024, Numar, 0
Cabinete medicale studentesti, Proprietate publica, Bacau, 25825 TARGU TROTUS, Anul 2024, Numar, 0
Cabinete medicale studentesti, Proprietate publica, Bacau, 25745 TATARASTI, Anul 2024, Numar, 0
Cabinete medicale studentesti, Proprietate publica, Bacau, 25861 TRAIAN, Anul 2024, Numar, 0
Cabinete medicale studentesti, Proprietate publica, Bacau, 25932 UNGURENI, Anul 2024, Numar, 0
Cabinete medicale studentesti, Proprietate publica, Bacau, 26029 URECHESTI, Anul 2024, Numar, 0
Cabinete medicale studentesti, Proprietate publica, Bacau, 26083 VALEA SEACA, Anul 2024, Numar, 0
Cabinete medicale studentesti, Proprietate publica, Bacau, 26118 VULTURENI, Anul 2024, Numar, 0
Cabinete medicale studentesti, Proprietate publica, Bacau, 26289 ZEMES, Anul 2024, Numar, 0
Cabinete medicale de familie, Proprietate publica, Bacau, 20297 MUNICIPIUL BACAU, Anul 2024, Numar, 0
Cabinete medicale de familie, Proprietate publica, Bacau, 20876 MUNICIPIUL MOINESTI, Anul 2024, Numar, 0
Cabinete medicale de familie, Proprietate publica, Bacau, 20563 MUNICIPIUL ONESTI, Anul 2024, Numar, 0
Cabinete medicale de familie, Proprietate publica, Bacau, 20778 ORAS BUHUSI, Anul 2024, Numar, 0
Cabinete medicale de familie, Proprietate publica, Bacau, 20821 ORAS COMANESTI, Anul 2024, Numar, 0
Cabinete medicale de familie, Proprietate publica, Bacau, 22166 ORAS DARMANESTI, Anul 2024, Numar, 0
Cabinete medicale de familie, Proprietate publica, Bacau, 20910 ORAS SLANIC-MOLDOVA, Anul 2024, Numar, 0
Cabinete medicale de familie, Proprietate publica, Bacau, 20965 ORAS TARGU OCNA, Anul 2024, Numar, 0
Cabinete medicale de familie, Proprietate publica, Bacau, 21098 ARDEOANI, Anul 2024, Numar, 0
Cabinete medicale de familie, Proprietate publica, Bacau, 21123 ASAU, Anul 2024, Numar, 0
Cabinete medicale de familie, Proprietate publica, Bacau, 21196 BALCANI, Anul 2024, Numar, 0
Cabinete medicale de familie, Proprietate publica, Bacau, 21454 BARSANESTI, Anul 2024, Numar, 0
Cabinete medicale de familie, Proprietate publica, Bacau, 21249 BERESTI-BISTRITA, Anul 2024, Numar, 0
Cabinete medicale de familie, Proprietate publica, Bacau, 21338 BERESTI-TAZLAU, Anul 2024, Numar, 0
Cabinete medicale de familie, Proprietate publica, Bacau, 21418 BERZUNTI, Anul 2024, Numar, 0
Cabinete medicale de familie, Proprietate publica, Bacau, 21506 BLAGESTI, Anul 2024, Numar, 0
Cabinete medicale de familie, Proprietate publica, Bacau, 21560 BOGDANESTI, Anul 2024, Numar, 0
Cabinete medicale de familie, Proprietate publica, Bacau, 21597 BRUSTUROASA, Anul 2024, Numar, 0
Cabinete medicale de familie, Proprietate publica, Bacau, 26338 BUCIUMI, Anul 2024, Numar, 0
Cabinete medicale de familie, Proprietate publica, Bacau, 21668 BUHOCI, Anul 2024, Numar, 0
Cabinete medicale de familie, Proprietate publica, Bacau, 21757 CAIUTI, Anul 2024, Numar, 0
Cabinete medicale de familie, Proprietate publica, Bacau, 21720 CASIN, Anul 2024, Numar, 0
Cabinete medicale de familie, Proprietate publica, Bacau, 21855 CLEJA, Anul 2024, Numar, 0
Cabinete medicale de familie, Proprietate publica, Bacau, 21891 COLONESTI, Anul 2024, Numar, 0
Cabinete medicale de familie, Proprietate publica, Bacau, 21971 CORBASCA, Anul 2024, Numar, 0
Cabinete medicale de familie, Proprietate publica, Bacau, 22059 COTOFANESTI, Anul 2024, Numar, 0
Cabinete medicale de familie, Proprietate publica, Bacau, 22111 DAMIENESTI, Anul 2024, Numar, 0
Cabinete medicale de familie, Proprietate publica, Bacau, 22237 DEALU MORII, Anul 2024, Numar, 0
Cabinete medicale de familie, Proprietate publica, Bacau, 22380 DOFTEANA, Anul 2024, Numar, 0
Cabinete medicale de familie, Proprietate publica, Bacau, 22460 FARAOANI, Anul 2024, Numar, 0
Cabinete medicale de familie, Proprietate publica, Bacau, 22488 FILIPENI, Anul 2024, Numar, 0
Cabinete medicale de familie, Proprietate publica, Bacau, 22576 FILIPESTI, Anul 2024, Numar, 0
Cabinete medicale de familie, Proprietate publica, Bacau, 22665 GAICEANA, Anul 2024, Numar, 0
Cabinete medicale de familie, Proprietate publica, Bacau, 22781 GARLENI, Anul 2024, Numar, 0
Cabinete medicale de familie, Proprietate publica, Bacau, 22718 GHIMES-FAGET, Anul 2024, Numar, 0
Cabinete medicale de familie, Proprietate publica, Bacau, 26346 GIOSENI, Anul 2024, Numar, 0
Cabinete medicale de familie, Proprietate publica, Bacau, 22834 GLAVANESTI, Anul 2024, Numar, 0
Cabinete medicale de familie, Proprietate publica, Bacau, 20607 GURA VAII, Anul 2024, Numar, 0
Cabinete medicale de familie, Proprietate publica, Bacau, 22898 HELEGIU, Anul 2024, Numar, 0
Cabinete medicale de familie, Proprietate publica, Bacau, 20313 HEMEIUS, Anul 2024, Numar, 0
Cabinete medicale de familie, Proprietate publica, Bacau, 22941 HORGESTI, Anul 2024, Numar, 0
Cabinete medicale de familie, Proprietate publica, Bacau, 23047 HURUIESTI, Anul 2024, Numar, 0
Cabinete medicale de familie, Proprietate publica, Bacau, 26379 ITESTI, Anul 2024, Numar, 0
Cabinete medicale de familie, Proprietate publica, Bacau, 23127 IZVORU BERHECIULUI, Anul 2024, Numar, 0
Cabinete medicale de familie, Proprietate publica, Bacau, 20359 LETEA VECHE, Anul 2024, Numar, 0
Cabinete medicale de familie, Proprietate publica, Bacau, 23207 LIPOVA, Anul 2024, Numar, 0
Cabinete medicale de familie, Proprietate publica, Bacau, 23289 LIVEZI, Anul 2024, Numar, 0
Cabinete medicale de familie, Proprietate publica, Bacau, 23350 LUIZI-CALUGARA, Anul 2024, Numar, 0
Cabinete medicale de familie, Proprietate publica, Bacau, 23387 MAGIRESTI, Anul 2024, Numar, 0
Cabinete medicale de familie, Proprietate publica, Bacau, 20411 MAGURA, Anul 2024, Numar, 0
Cabinete medicale de familie, Proprietate publica, Bacau, 23449 MANASTIREA CASIN, Anul 2024, Numar, 0
Cabinete medicale de familie, Proprietate publica, Bacau, 20466 MARGINENI, Anul 2024, Numar, 0
Cabinete medicale de familie, Proprietate publica, Bacau, 23494 MOTOSENI, Anul 2024, Numar, 0
Cabinete medicale de familie, Proprietate publica, Bacau, 23644 NEGRI, Anul 2024, Numar, 0
Cabinete medicale de familie, Proprietate publica, Bacau, 23715 NICOLAE BALCESCU, Anul 2024, Numar, 0
Cabinete medicale de familie, Proprietate publica, Bacau, 26353 ODOBESTI, Anul 2024, Numar, 0
Cabinete medicale de familie, Proprietate publica, Bacau, 23797 OITUZ, Anul 2024, Numar, 0
Cabinete medicale de familie, Proprietate publica, Bacau, 23868 ONCESTI, Anul 2024, Numar, 0
Cabinete medicale de familie, Proprietate publica, Bacau, 23948 ORBENI, Anul 2024, Numar, 0
Cabinete medicale de familie, Proprietate publica, Bacau, 23975 PALANCA, Anul 2024, Numar, 0
Cabinete medicale de familie, Proprietate publica, Bacau, 24187 PANCESTI, Anul 2024, Numar, 0
Cabinete medicale de familie, Proprietate publica, Bacau, 24034 PARAVA, Anul 2024, Numar, 0
Cabinete medicale de familie, Proprietate publica, Bacau, 24276 PARGARESTI, Anul 2024, Numar, 0
Cabinete medicale de familie, Proprietate publica, Bacau, 24089 PARINCEA, Anul 2024, Numar, 0
Cabinete medicale de familie, Proprietate publica, Bacau, 24338 PARJOL, Anul 2024, Numar, 0
Cabinete medicale de familie, Proprietate publica, Bacau, 24427 PLOPANA, Anul 2024, Numar, 0
Cabinete medicale de familie, Proprietate publica, Bacau, 24524 PODU TURCULUI, Anul 2024, Numar, 0
Cabinete medicale de familie, Proprietate publica, Bacau, 24631 PODURI, Anul 2024, Numar, 0
Cabinete medicale de familie, Proprietate publica, Bacau, 26361 PRAJESTI, Anul 2024, Numar, 0
Cabinete medicale de familie, Proprietate publica, Bacau, 24766 RACACIUNI, Anul 2024, Numar, 0
Cabinete medicale de familie, Proprietate publica, Bacau, 24837 RACHITOASA, Anul 2024, Numar, 0
Cabinete medicale de familie, Proprietate publica, Bacau, 24711 RACOVA, Anul 2024, Numar, 0
Cabinete medicale de familie, Proprietate publica, Bacau, 24999 ROSIORI, Anul 2024, Numar, 0
Cabinete medicale de familie, Proprietate publica, Bacau, 25148 SANDULENI, Anul 2024, Numar, 0
Cabinete medicale de familie, Proprietate publica, Bacau, 26320 SARATA, Anul 2024, Numar, 0
Cabinete medicale de familie, Proprietate publica, Bacau, 25068 SASCUT, Anul 2024, Numar, 0
Cabinete medicale de familie, Proprietate publica, Bacau, 25228 SAUCESTI, Anul 2024, Numar, 0
Cabinete medicale de familie, Proprietate publica, Bacau, 25291 SCORTENI, Anul 2024, Numar, 0
Cabinete medicale de familie, Proprietate publica, Bacau, 25362 SECUIENI, Anul 2024, Numar, 0
Cabinete medicale de familie, Proprietate publica, Bacau, 25488 SOLONT, Anul 2024, Numar, 0
Cabinete medicale de familie, Proprietate publica, Bacau, 25521 STANISESTI, Anul 2024, Numar, 0
Cabinete medicale de familie, Proprietate publica, Bacau, 20670 STEFAN CEL MARE, Anul 2024, Numar, 0
Cabinete medicale de familie, Proprietate publica, Bacau, 25629 STRUGARI, Anul 2024, Numar, 0
Cabinete medicale de familie, Proprietate publica, Bacau, 25692 TAMASI, Anul 2024, Numar, 0
Cabinete medicale de familie, Proprietate publica, Bacau, 25825 TARGU TROTUS, Anul 2024, Numar, 0
Cabinete medicale de familie, Proprietate publica, Bacau, 25745 TATARASTI, Anul 2024, Numar, 0
Cabinete medicale de familie, Proprietate publica, Bacau, 25861 TRAIAN, Anul 2024, Numar, 0
Cabinete medicale de familie, Proprietate publica, Bacau, 25932 UNGURENI, Anul 2024, Numar, 0
Cabinete medicale de familie, Proprietate publica, Bacau, 26029 URECHESTI, Anul 2024, Numar, 0
Cabinete medicale de familie, Proprietate publica, Bacau, 26083 VALEA SEACA, Anul 2024, Numar, 0
Cabinete medicale de familie, Proprietate publica, Bacau, 26118 VULTURENI, Anul 2024, Numar, 0
Cabinete medicale de familie, Proprietate publica, Bacau, 26289 ZEMES, Anul 2024, Numar, 0
Cabinete medicale de familie, Proprietate privata, Bacau, 20297 MUNICIPIUL BACAU, Anul 2024, Numar, 80
Cabinete medicale de familie, Proprietate privata, Bacau, 20876 MUNICIPIUL MOINESTI, Anul 2024, Numar, 9
Cabinete medicale de familie, Proprietate privata, Bacau, 20563 MUNICIPIUL ONESTI, Anul 2024, Numar, 19
Cabinete medicale de familie, Proprietate privata, Bacau, 20778 ORAS BUHUSI, Anul 2024, Numar, 6
Cabinete medicale de familie, Proprietate privata, Bacau, 20821 ORAS COMANESTI, Anul 2024, Numar, 8
Cabinete medicale de familie, Proprietate privata, Bacau, 22166 ORAS DARMANESTI, Anul 2024, Numar, 3
Cabinete medicale de familie, Proprietate privata, Bacau, 20910 ORAS SLANIC-MOLDOVA, Anul 2024, Numar, 1
Cabinete medicale de familie, Proprietate privata, Bacau, 20965 ORAS TARGU OCNA, Anul 2024, Numar, 3
Cabinete medicale de familie, Proprietate privata, Bacau, 21007 AGAS, Anul 2024, Numar, 1
Cabinete medicale de familie, Proprietate privata, Bacau, 21098 ARDEOANI, Anul 2024, Numar, 1
Cabinete medicale de familie, Proprietate privata, Bacau, 21123 ASAU, Anul 2024, Numar, 2
Cabinete medicale de familie, Proprietate privata, Bacau, 21196 BALCANI, Anul 2024, Numar, 2
Cabinete medicale de familie, Proprietate privata, Bacau, 21454 BARSANESTI, Anul 2024, Numar, 1
Cabinete medicale de familie, Proprietate privata, Bacau, 21249 BERESTI-BISTRITA, Anul 2024, Numar, 1
Cabinete medicale de familie, Proprietate privata, Bacau, 21338 BERESTI-TAZLAU, Anul 2024, Numar, 3
Cabinete medicale de familie, Proprietate privata, Bacau, 21418 BERZUNTI, Anul 2024, Numar, 1
Cabinete medicale de familie, Proprietate privata, Bacau, 21506 BLAGESTI, Anul 2024, Numar, 1
Cabinete medicale de familie, Proprietate privata, Bacau, 21560 BOGDANESTI, Anul 2024, Numar, 1
Cabinete medicale de familie, Proprietate privata, Bacau, 21597 BRUSTUROASA, Anul 2024, Numar, 1
Cabinete medicale de familie, Proprietate privata, Bacau, 26338 BUCIUMI, Anul 2024, Numar, 1
Cabinete medicale de familie, Proprietate privata, Bacau, 21668 BUHOCI, Anul 2024, Numar, 2
Cabinete medicale de familie, Proprietate privata, Bacau, 21757 CAIUTI, Anul 2024, Numar, 1
Cabinete medicale de familie, Proprietate privata, Bacau, 21720 CASIN, Anul 2024, Numar, 1
Cabinete medicale de familie, Proprietate privata, Bacau, 21855 CLEJA, Anul 2024, Numar, 3
Cabinete medicale de familie, Proprietate privata, Bacau, 21891 COLONESTI, Anul 2024, Numar, 1
Cabinete medicale de familie, Proprietate privata, Bacau, 21971 CORBASCA, Anul 2024, Numar, 1
Cabinete medicale de familie, Proprietate privata, Bacau, 22059 COTOFANESTI, Anul 2024, Numar, 1
Cabinete medicale de familie, Proprietate privata, Bacau, 22111 DAMIENESTI, Anul 2024, Numar, 1
Cabinete medicale de familie, Proprietate privata, Bacau, 22237 DEALU MORII, Anul 2024, Numar, 1
Cabinete medicale de familie, Proprietate privata, Bacau, 22380 DOFTEANA, Anul 2024, Numar, 5
Cabinete medicale de familie, Proprietate privata, Bacau, 22460 FARAOANI, Anul 2024, Numar, 2
Cabinete medicale de familie, Proprietate privata, Bacau, 22488 FILIPENI, Anul 2024, Numar, 1
Cabinete medicale de familie, Proprietate privata, Bacau, 22576 FILIPESTI, Anul 2024, Numar, 3
Cabinete medicale de familie, Proprietate privata, Bacau, 22665 GAICEANA, Anul 2024, Numar, 1
Cabinete medicale de familie, Proprietate privata, Bacau, 22781 GARLENI, Anul 2024, Numar, 3
Cabinete medicale de familie, Proprietate privata, Bacau, 22718 GHIMES-FAGET, Anul 2024, Numar, 1
Cabinete medicale de familie, Proprietate privata, Bacau, 26346 GIOSENI, Anul 2024, Numar, 1
Cabinete medicale de familie, Proprietate privata, Bacau, 22834 GLAVANESTI, Anul 2024, Numar, 1
Cabinete medicale de familie, Proprietate privata, Bacau, 20607 GURA VAII, Anul 2024, Numar, 1
Cabinete medicale de familie, Proprietate privata, Bacau, 22898 HELEGIU, Anul 2024, Numar, 2
Cabinete medicale de familie, Proprietate privata, Bacau, 20313 HEMEIUS, Anul 2024, Numar, 2
Cabinete medicale de familie, Proprietate privata, Bacau, 22941 HORGESTI, Anul 2024, Numar, 1
Cabinete medicale de familie, Proprietate privata, Bacau, 23047 HURUIESTI, Anul 2024, Numar, 1
Cabinete medicale de familie, Proprietate privata, Bacau, 26379 ITESTI, Anul 2024, Numar, 0
Cabinete medicale de familie, Proprietate privata, Bacau, 23127 IZVORU BERHECIULUI, Anul 2024, Numar, 1
Cabinete medicale de familie, Proprietate privata, Bacau, 20359 LETEA VECHE, Anul 2024, Numar, 2
Cabinete medicale de familie, Proprietate privata, Bacau, 23207 LIPOVA, Anul 2024, Numar, 0
Cabinete medicale de familie, Proprietate privata, Bacau, 23289 LIVEZI, Anul 2024, Numar, 1
Cabinete medicale de familie, Proprietate privata, Bacau, 23350 LUIZI-CALUGARA, Anul 2024, Numar, 2
Cabinete medicale de familie, Proprietate privata, Bacau, 23387 MAGIRESTI, Anul 2024, Numar, 1
Cabinete medicale de familie, Proprietate privata, Bacau, 20411 MAGURA, Anul 2024, Numar, 2
Cabinete medicale de familie, Proprietate privata, Bacau, 23449 MANASTIREA CASIN, Anul 2024, Numar, 2
Cabinete medicale de familie, Proprietate privata, Bacau, 20466 MARGINENI, Anul 2024, Numar, 5
Cabinete medicale de familie, Proprietate privata, Bacau, 23494 MOTOSENI, Anul 2024, Numar, 1
Cabinete medicale de familie, Proprietate privata, Bacau, 23644 NEGRI, Anul 2024, Numar, 0
Cabinete medicale de familie, Proprietate privata, Bacau, 23715 NICOLAE BALCESCU, Anul 2024, Numar, 4
Cabinete medicale de familie, Proprietate privata, Bacau, 26353 ODOBESTI, Anul 2024, Numar, 1
Cabinete medicale de familie, Proprietate privata, Bacau, 23797 OITUZ, Anul 2024, Numar, 3
Cabinete medicale de familie, Proprietate privata, Bacau, 23868 ONCESTI, Anul 2024, Numar, 1
Cabinete medicale de familie, Proprietate privata, Bacau, 23948 ORBENI, Anul 2024, Numar, 2
Cabinete medicale de familie, Proprietate privata, Bacau, 23975 PALANCA, Anul 2024, Numar, 1
Cabinete medicale de familie, Proprietate privata, Bacau, 24187 PANCESTI, Anul 2024, Numar, 2
Cabinete medicale de familie, Proprietate privata, Bacau, 24034 PARAVA, Anul 2024, Numar, 2
Cabinete medicale de familie, Proprietate privata, Bacau, 24276 PARGARESTI, Anul 2024, Numar, 2
Cabinete medicale de familie, Proprietate privata, Bacau, 24089 PARINCEA, Anul 2024, Numar, 2
Cabinete medicale de familie, Proprietate privata, Bacau, 24338 PARJOL, Anul 2024, Numar, 2
Cabinete medicale de familie, Proprietate privata, Bacau, 24427 PLOPANA, Anul 2024, Numar, 2
Cabinete medicale de familie, Proprietate privata, Bacau, 24524 PODU TURCULUI, Anul 2024, Numar, 2
Cabinete medicale de familie, Proprietate privata, Bacau, 24631 PODURI, Anul 2024, Numar, 2
Cabinete medicale de familie, Proprietate privata, Bacau, 26361 PRAJESTI, Anul 2024, Numar, 1
Cabinete medicale de familie, Proprietate privata, Bacau, 24766 RACACIUNI, Anul 2024, Numar, 4
Cabinete medicale de familie, Proprietate privata, Bacau, 24837 RACHITOASA, Anul 2024, Numar, 1
Cabinete medicale de familie, Proprietate privata, Bacau, 24711 RACOVA, Anul 2024, Numar, 1
Cabinete medicale de familie, Proprietate privata, Bacau, 24999 ROSIORI, Anul 2024, Numar, 1
Cabinete medicale de familie, Proprietate privata, Bacau, 25148 SANDULENI, Anul 2024, Numar, 1
Cabinete medicale de familie, Proprietate privata, Bacau, 26320 SARATA, Anul 2024, Numar, 1
Cabinete medicale de familie, Proprietate privata, Bacau, 25068 SASCUT, Anul 2024, Numar, 4
Cabinete medicale de familie, Proprietate privata, Bacau, 25228 SAUCESTI, Anul 2024, Numar, 3
Cabinete medicale de familie, Proprietate privata, Bacau, 25291 SCORTENI, Anul 2024, Numar, 1
Cabinete medicale de familie, Proprietate privata, Bacau, 25362 SECUIENI, Anul 2024, Numar, 1
Cabinete medicale de familie, Proprietate privata, Bacau, 25488 SOLONT, Anul 2024, Numar, 1
Cabinete medicale de familie, Proprietate privata, Bacau, 25521 STANISESTI, Anul 2024, Numar, 1
Cabinete medicale de familie, Proprietate privata, Bacau, 20670 STEFAN CEL MARE, Anul 2024, Numar, 1
Cabinete medicale de familie, Proprietate privata, Bacau, 25629 STRUGARI, Anul 2024, Numar, 1
Cabinete medicale de familie, Proprietate privata, Bacau, 25692 TAMASI, Anul 2024, Numar, 1
Cabinete medicale de familie, Proprietate privata, Bacau, 25825 TARGU TROTUS, Anul 2024, Numar, 2
Cabinete medicale de familie, Proprietate privata, Bacau, 25745 TATARASTI, Anul 2024, Numar, 1
Cabinete medicale de familie, Proprietate privata, Bacau, 25861 TRAIAN, Anul 2024, Numar, 1
Cabinete medicale de familie, Proprietate privata, Bacau, 25932 UNGURENI, Anul 2024, Numar, 1
Cabinete medicale de familie, Proprietate privata, Bacau, 26029 URECHESTI, Anul 2024, Numar, 2
Cabinete medicale de familie, Proprietate privata, Bacau, 26083 VALEA SEACA, Anul 2024, Numar, 1
Cabinete medicale de familie, Proprietate privata, Bacau, 26118 VULTURENI, Anul 2024, Numar, 1
Cabinete medicale de familie, Proprietate privata, Bacau, 26289 ZEMES, Anul 2024, Numar, 2
Societate medicala civila, Proprietate publica, Bacau, 20297 MUNICIPIUL BACAU, Anul 2024, Numar, 0
Societate medicala civila, Proprietate publica, Bacau, 20876 MUNICIPIUL MOINESTI, Anul 2024, Numar, 0
Societate medicala civila, Proprietate publica, Bacau, 20563 MUNICIPIUL ONESTI, Anul 2024, Numar, 0
Societate medicala civila, Proprietate publica, Bacau, 20778 ORAS BUHUSI, Anul 2024, Numar, 0
Societate medicala civila, Proprietate publica, Bacau, 20821 ORAS COMANESTI, Anul 2024, Numar, 0
Societate medicala civila, Proprietate publica, Bacau, 22166 ORAS DARMANESTI, Anul 2024, Numar, 0
Societate medicala civila, Proprietate publica, Bacau, 20910 ORAS SLANIC-MOLDOVA, Anul 2024, Numar, 0
Societate medicala civila, Proprietate publica, Bacau, 20965 ORAS TARGU OCNA, Anul 2024, Numar, 0
Societate medicala civila, Proprietate publica, Bacau, 21007 AGAS, Anul 2024, Numar, 0
Societate medicala civila, Proprietate publica, Bacau, 21098 ARDEOANI, Anul 2024, Numar, 0
Societate medicala civila, Proprietate publica, Bacau, 21123 ASAU, Anul 2024, Numar, 0
Societate medicala civila, Proprietate publica, Bacau, 21196 BALCANI, Anul 2024, Numar, 0
Societate medicala civila, Proprietate publica, Bacau, 21454 BARSANESTI, Anul 2024, Numar, 0
Societate medicala civila, Proprietate publica, Bacau, 21249 BERESTI-BISTRITA, Anul 2024, Numar, 0
Societate medicala civila, Proprietate publica, Bacau, 21338 BERESTI-TAZLAU, Anul 2024, Numar, 0
Societate medicala civila, Proprietate publica, Bacau, 21418 BERZUNTI, Anul 2024, Numar, 0
Societate medicala civila, Proprietate publica, Bacau, 21506 BLAGESTI, Anul 2024, Numar, 0
Societate medicala civila, Proprietate publica, Bacau, 21560 BOGDANESTI, Anul 2024, Numar, 0
Societate medicala civila, Proprietate publica, Bacau, 21597 BRUSTUROASA, Anul 2024, Numar, 0
Societate medicala civila, Proprietate publica, Bacau, 26338 BUCIUMI, Anul 2024, Numar, 0
Societate medicala civila, Proprietate publica, Bacau, 21668 BUHOCI, Anul 2024, Numar, 0
Societate medicala civila, Proprietate publica, Bacau, 21757 CAIUTI, Anul 2024, Numar, 0
Societate medicala civila, Proprietate publica, Bacau, 21720 CASIN, Anul 2024, Numar, 0
Societate medicala civila, Proprietate publica, Bacau, 21855 CLEJA, Anul 2024, Numar, 0
Societate medicala civila, Proprietate publica, Bacau, 21891 COLONESTI, Anul 2024, Numar, 0
Societate medicala civila, Proprietate publica, Bacau, 21971 CORBASCA, Anul 2024, Numar, 0
Societate medicala civila, Proprietate publica, Bacau, 22059 COTOFANESTI, Anul 2024, Numar, 0
Societate medicala civila, Proprietate publica, Bacau, 22111 DAMIENESTI, Anul 2024, Numar, 0
Societate medicala civila, Proprietate publica, Bacau, 22237 DEALU MORII, Anul 2024, Numar, 0
Societate medicala civila, Proprietate publica, Bacau, 22380 DOFTEANA, Anul 2024, Numar, 0
Societate medicala civila, Proprietate publica, Bacau, 22460 FARAOANI, Anul 2024, Numar, 0
Societate medicala civila, Proprietate publica, Bacau, 22488 FILIPENI, Anul 2024, Numar, 0
Societate medicala civila, Proprietate publica, Bacau, 22576 FILIPESTI, Anul 2024, Numar, 0
Societate medicala civila, Proprietate publica, Bacau, 22665 GAICEANA, Anul 2024, Numar, 0
Societate medicala civila, Proprietate publica, Bacau, 22781 GARLENI, Anul 2024, Numar, 0
Societate medicala civila, Proprietate publica, Bacau, 22718 GHIMES-FAGET, Anul 2024, Numar, 0
Societate medicala civila, Proprietate publica, Bacau, 26346 GIOSENI, Anul 2024, Numar, 0
Societate medicala civila, Proprietate publica, Bacau, 22834 GLAVANESTI, Anul 2024, Numar, 0
Societate medicala civila, Proprietate publica, Bacau, 20607 GURA VAII, Anul 2024, Numar, 0
Societate medicala civila, Proprietate publica, Bacau, 22898 HELEGIU, Anul 2024, Numar, 0
Societate medicala civila, Proprietate publica, Bacau, 20313 HEMEIUS, Anul 2024, Numar, 0
Societate medicala civila, Proprietate publica, Bacau, 22941 HORGESTI, Anul 2024, Numar, 0
Societate medicala civila, Proprietate publica, Bacau, 23047 HURUIESTI, Anul 2024, Numar, 0
Societate medicala civila, Proprietate publica, Bacau, 26379 ITESTI, Anul 2024, Numar, 0
Societate medicala civila, Proprietate publica, Bacau, 23127 IZVORU BERHECIULUI, Anul 2024, Numar, 0
Societate medicala civila, Proprietate publica, Bacau, 20359 LETEA VECHE, Anul 2024, Numar, 0
Societate medicala civila, Proprietate publica, Bacau, 23207 LIPOVA, Anul 2024, Numar, 0
Societate medicala civila, Proprietate publica, Bacau, 23289 LIVEZI, Anul 2024, Numar, 0
Societate medicala civila, Proprietate publica, Bacau, 23350 LUIZI-CALUGARA, Anul 2024, Numar, 0
Societate medicala civila, Proprietate publica, Bacau, 23387 MAGIRESTI, Anul 2024, Numar, 0
Societate medicala civila, Proprietate publica, Bacau, 20411 MAGURA, Anul 2024, Numar, 0
Societate medicala civila, Proprietate publica, Bacau, 23449 MANASTIREA CASIN, Anul 2024, Numar, 0
Societate medicala civila, Proprietate publica, Bacau, 20466 MARGINENI, Anul 2024, Numar, 0
Societate medicala civila, Proprietate publica, Bacau, 23494 MOTOSENI, Anul 2024, Numar, 0
Societate medicala civila, Proprietate publica, Bacau, 23644 NEGRI, Anul 2024, Numar, 0
Societate medicala civila, Proprietate publica, Bacau, 23715 NICOLAE BALCESCU, Anul 2024, Numar, 0
Societate medicala civila, Proprietate publica, Bacau, 26353 ODOBESTI, Anul 2024, Numar, 0
Societate medicala civila, Proprietate publica, Bacau, 23797 OITUZ, Anul 2024, Numar, 0
Societate medicala civila, Proprietate publica, Bacau, 23868 ONCESTI, Anul 2024, Numar, 0
Societate medicala civila, Proprietate publica, Bacau, 23948 ORBENI, Anul 2024, Numar, 0
Societate medicala civila, Proprietate publica, Bacau, 23975 PALANCA, Anul 2024, Numar, 0
Societate medicala civila, Proprietate publica, Bacau, 24187 PANCESTI, Anul 2024, Numar, 0
Societate medicala civila, Proprietate publica, Bacau, 24034 PARAVA, Anul 2024, Numar, 0
Societate medicala civila, Proprietate publica, Bacau, 24276 PARGARESTI, Anul 2024, Numar, 0
Societate medicala civila, Proprietate publica, Bacau, 24089 PARINCEA, Anul 2024, Numar, 0
Societate medicala civila, Proprietate publica, Bacau, 24338 PARJOL, Anul 2024, Numar, 0
Societate medicala civila, Proprietate publica, Bacau, 24427 PLOPANA, Anul 2024, Numar, 0
Societate medicala civila, Proprietate publica, Bacau, 24524 PODU TURCULUI, Anul 2024, Numar, 0
Societate medicala civila, Proprietate publica, Bacau, 24631 PODURI, Anul 2024, Numar, 0
Societate medicala civila, Proprietate publica, Bacau, 26361 PRAJESTI, Anul 2024, Numar, 0
Societate medicala civila, Proprietate publica, Bacau, 24766 RACACIUNI, Anul 2024, Numar, 0
Societate medicala civila, Proprietate publica, Bacau, 24837 RACHITOASA, Anul 2024, Numar, 0
Societate medicala civila, Proprietate publica, Bacau, 24711 RACOVA, Anul 2024, Numar, 0
Societate medicala civila, Proprietate publica, Bacau, 24999 ROSIORI, Anul 2024, Numar, 0
Societate medicala civila, Proprietate publica, Bacau, 25148 SANDULENI, Anul 2024, Numar, 0
Societate medicala civila, Proprietate publica, Bacau, 26320 SARATA, Anul 2024, Numar, 0
Societate medicala civila, Proprietate publica, Bacau, 25068 SASCUT, Anul 2024, Numar, 0
Societate medicala civila, Proprietate publica, Bacau, 25228 SAUCESTI, Anul 2024, Numar, 0
Societate medicala civila, Proprietate publica, Bacau, 25291 SCORTENI, Anul 2024, Numar, 0
Societate medicala civila, Proprietate publica, Bacau, 25362 SECUIENI, Anul 2024, Numar, 0
Societate medicala civila, Proprietate publica, Bacau, 25488 SOLONT, Anul 2024, Numar, 0
Societate medicala civila, Proprietate publica, Bacau, 25521 STANISESTI, Anul 2024, Numar, 0
Societate medicala civila, Proprietate publica, Bacau, 20670 STEFAN CEL MARE, Anul 2024, Numar, 0
Societate medicala civila, Proprietate publica, Bacau, 25629 STRUGARI, Anul 2024, Numar, 0
Societate medicala civila, Proprietate publica, Bacau, 25692 TAMASI, Anul 2024, Numar, 0
Societate medicala civila, Proprietate publica, Bacau, 25825 TARGU TROTUS, Anul 2024, Numar, 0
Societate medicala civila, Proprietate publica, Bacau, 25745 TATARASTI, Anul 2024, Numar, 0
Societate medicala civila, Proprietate publica, Bacau, 25861 TRAIAN, Anul 2024, Numar, 0
Societate medicala civila, Proprietate publica, Bacau, 25932 UNGURENI, Anul 2024, Numar, 0
Societate medicala civila, Proprietate publica, Bacau, 26029 URECHESTI, Anul 2024, Numar, 0
Societate medicala civila, Proprietate publica, Bacau, 26083 VALEA SEACA, Anul 2024, Numar, 0
Societate medicala civila, Proprietate publica, Bacau, 26118 VULTURENI, Anul 2024, Numar, 0
Societate medicala civila, Proprietate publica, Bacau, 26289 ZEMES, Anul 2024, Numar, 0
Societate medicala civila, Proprietate privata, Bacau, 20297 MUNICIPIUL BACAU, Anul 2024, Numar, 0
Societate medicala civila, Proprietate privata, Bacau, 20876 MUNICIPIUL MOINESTI, Anul 2024, Numar, 0
Societate medicala civila, Proprietate privata, Bacau, 20563 MUNICIPIUL ONESTI, Anul 2024, Numar, 0
Societate medicala civila, Proprietate privata, Bacau, 20778 ORAS BUHUSI, Anul 2024, Numar, 0
Societate medicala civila, Proprietate privata, Bacau, 20821 ORAS COMANESTI, Anul 2024, Numar, 0
Societate medicala civila, Proprietate privata, Bacau, 22166 ORAS DARMANESTI, Anul 2024, Numar, 0
Societate medicala civila, Proprietate privata, Bacau, 20910 ORAS SLANIC-MOLDOVA, Anul 2024, Numar, 0
Societate medicala civila, Proprietate privata, Bacau, 20965 ORAS TARGU OCNA, Anul 2024, Numar, 0
Societate medicala civila, Proprietate privata, Bacau, 21007 AGAS, Anul 2024, Numar, 0
Societate medicala civila, Proprietate privata, Bacau, 21098 ARDEOANI, Anul 2024, Numar, 0
Societate medicala civila, Proprietate privata, Bacau, 21123 ASAU, Anul 2024, Numar, 0
Societate medicala civila, Proprietate privata, Bacau, 21196 BALCANI, Anul 2024, Numar, 0
Societate medicala civila, Proprietate privata, Bacau, 21454 BARSANESTI, Anul 2024, Numar, 0
Societate medicala civila, Proprietate privata, Bacau, 21249 BERESTI-BISTRITA, Anul 2024, Numar, 0
Societate medicala civila, Proprietate privata, Bacau, 21338 BERESTI-TAZLAU, Anul 2024, Numar, 0
Societate medicala civila, Proprietate privata, Bacau, 21418 BERZUNTI, Anul 2024, Numar, 0
Societate medicala civila, Proprietate privata, Bacau, 21506 BLAGESTI, Anul 2024, Numar, 0
Societate medicala civila, Proprietate privata, Bacau, 21560 BOGDANESTI, Anul 2024, Numar, 0
Societate medicala civila, Proprietate privata, Bacau, 21597 BRUSTUROASA, Anul 2024, Numar, 0
Societate medicala civila, Proprietate privata, Bacau, 26338 BUCIUMI, Anul 2024, Numar, 0
Societate medicala civila, Proprietate privata, Bacau, 21668 BUHOCI, Anul 2024, Numar, 0
Societate medicala civila, Proprietate privata, Bacau, 21757 CAIUTI, Anul 2024, Numar, 0
Societate medicala civila, Proprietate privata, Bacau, 21720 CASIN, Anul 2024, Numar, 0
Societate medicala civila, Proprietate privata, Bacau, 21855 CLEJA, Anul 2024, Numar, 0
Societate medicala civila, Proprietate privata, Bacau, 21891 COLONESTI, Anul 2024, Numar, 0
Societate medicala civila, Proprietate privata, Bacau, 21971 CORBASCA, Anul 2024, Numar, 0
Societate medicala civila, Proprietate privata, Bacau, 22059 COTOFANESTI, Anul 2024, Numar, 0
Societate medicala civila, Proprietate privata, Bacau, 22111 DAMIENESTI, Anul 2024, Numar, 0
Societate medicala civila, Proprietate privata, Bacau, 22237 DEALU MORII, Anul 2024, Numar, 0
Societate medicala civila, Proprietate privata, Bacau, 22380 DOFTEANA, Anul 2024, Numar, 0
Societate medicala civila, Proprietate privata, Bacau, 22460 FARAOANI, Anul 2024, Numar, 0
Societate medicala civila, Proprietate privata, Bacau, 22488 FILIPENI, Anul 2024, Numar, 0
Societate medicala civila, Proprietate privata, Bacau, 22576 FILIPESTI, Anul 2024, Numar, 0
Societate medicala civila, Proprietate privata, Bacau, 22665 GAICEANA, Anul 2024, Numar, 0
Societate medicala civila, Proprietate privata, Bacau, 22781 GARLENI, Anul 2024, Numar, 0
Societate medicala civila, Proprietate privata, Bacau, 22718 GHIMES-FAGET, Anul 2024, Numar, 0
Societate medicala civila, Proprietate privata, Bacau, 26346 GIOSENI, Anul 2024, Numar, 0
Societate medicala civila, Proprietate privata, Bacau, 22834 GLAVANESTI, Anul 2024, Numar, 0
Societate medicala civila, Proprietate privata, Bacau, 20607 GURA VAII, Anul 2024, Numar, 0
Societate medicala civila, Proprietate privata, Bacau, 22898 HELEGIU, Anul 2024, Numar, 0
Societate medicala civila, Proprietate privata, Bacau, 20313 HEMEIUS, Anul 2024, Numar, 0
Societate medicala civila, Proprietate privata, Bacau, 22941 HORGESTI, Anul 2024, Numar, 0
Societate medicala civila, Proprietate privata, Bacau, 23047 HURUIESTI, Anul 2024, Numar, 0
Societate medicala civila, Proprietate privata, Bacau, 26379 ITESTI, Anul 2024, Numar, 0
Societate medicala civila, Proprietate privata, Bacau, 23127 IZVORU BERHECIULUI, Anul 2024, Numar, 0
Societate medicala civila, Proprietate privata, Bacau, 20359 LETEA VECHE, Anul 2024, Numar, 0
Societate medicala civila, Proprietate privata, Bacau, 23207 LIPOVA, Anul 2024, Numar, 0
Societate medicala civila, Proprietate privata, Bacau, 23289 LIVEZI, Anul 2024, Numar, 0
Societate medicala civila, Proprietate privata, Bacau, 23350 LUIZI-CALUGARA, Anul 2024, Numar, 0
Societate medicala civila, Proprietate privata, Bacau, 23387 MAGIRESTI, Anul 2024, Numar, 0
Societate medicala civila, Proprietate privata, Bacau, 20411 MAGURA, Anul 2024, Numar, 0
Societate medicala civila, Proprietate privata, Bacau, 23449 MANASTIREA CASIN, Anul 2024, Numar, 0
Societate medicala civila, Proprietate privata, Bacau, 20466 MARGINENI, Anul 2024, Numar, 0
Societate medicala civila, Proprietate privata, Bacau, 23494 MOTOSENI, Anul 2024, Numar, 0
Societate medicala civila, Proprietate privata, Bacau, 23644 NEGRI, Anul 2024, Numar, 0
Societate medicala civila, Proprietate privata, Bacau, 23715 NICOLAE BALCESCU, Anul 2024, Numar, 0
Societate medicala civila, Proprietate privata, Bacau, 26353 ODOBESTI, Anul 2024, Numar, 0
Societate medicala civila, Proprietate privata, Bacau, 23797 OITUZ, Anul 2024, Numar, 0
Societate medicala civila, Proprietate privata, Bacau, 23868 ONCESTI, Anul 2024, Numar, 0
Societate medicala civila, Proprietate privata, Bacau, 23948 ORBENI, Anul 2024, Numar, 0
Societate medicala civila, Proprietate privata, Bacau, 23975 PALANCA, Anul 2024, Numar, 0
Societate medicala civila, Proprietate privata, Bacau, 24187 PANCESTI, Anul 2024, Numar, 0
Societate medicala civila, Proprietate privata, Bacau, 24034 PARAVA, Anul 2024, Numar, 0
Societate medicala civila, Proprietate privata, Bacau, 24276 PARGARESTI, Anul 2024, Numar, 0
Societate medicala civila, Proprietate privata, Bacau, 24089 PARINCEA, Anul 2024, Numar, 0
Societate medicala civila, Proprietate privata, Bacau, 24338 PARJOL, Anul 2024, Numar, 0
Societate medicala civila, Proprietate privata, Bacau, 24427 PLOPANA, Anul 2024, Numar, 0
Societate medicala civila, Proprietate privata, Bacau, 24524 PODU TURCULUI, Anul 2024, Numar, 0
Societate medicala civila, Proprietate privata, Bacau, 24631 PODURI, Anul 2024, Numar, 0
Societate medicala civila, Proprietate privata, Bacau, 26361 PRAJESTI, Anul 2024, Numar, 0
Societate medicala civila, Proprietate privata, Bacau, 24766 RACACIUNI, Anul 2024, Numar, 0
Societate medicala civila, Proprietate privata, Bacau, 24837 RACHITOASA, Anul 2024, Numar, 0
Societate medicala civila, Proprietate privata, Bacau, 24711 RACOVA, Anul 2024, Numar, 0
Societate medicala civila, Proprietate privata, Bacau, 24999 ROSIORI, Anul 2024, Numar, 0
Societate medicala civila, Proprietate privata, Bacau, 25148 SANDULENI, Anul 2024, Numar, 0
Societate medicala civila, Proprietate privata, Bacau, 26320 SARATA, Anul 2024, Numar, 0
Societate medicala civila, Proprietate privata, Bacau, 25068 SASCUT, Anul 2024, Numar, 0
Societate medicala civila, Proprietate privata, Bacau, 25228 SAUCESTI, Anul 2024, Numar, 0
Societate medicala civila, Proprietate privata, Bacau, 25291 SCORTENI, Anul 2024, Numar, 0
Societate medicala civila, Proprietate privata, Bacau, 25362 SECUIENI, Anul 2024, Numar, 0
Societate medicala civila, Proprietate privata, Bacau, 25488 SOLONT, Anul 2024, Numar, 0
Societate medicala civila, Proprietate privata, Bacau, 25521 STANISESTI, Anul 2024, Numar, 0
Societate medicala civila, Proprietate privata, Bacau, 20670 STEFAN CEL MARE, Anul 2024, Numar, 0
Societate medicala civila, Proprietate privata, Bacau, 25629 STRUGARI, Anul 2024, Numar, 0
Societate medicala civila, Proprietate privata, Bacau, 25692 TAMASI, Anul 2024, Numar, 0
Societate medicala civila, Proprietate privata, Bacau, 25825 TARGU TROTUS, Anul 2024, Numar, 0
Societate medicala civila, Proprietate privata, Bacau, 25745 TATARASTI, Anul 2024, Numar, 0
Societate medicala civila, Proprietate privata, Bacau, 25861 TRAIAN, Anul 2024, Numar, 0
Societate medicala civila, Proprietate privata, Bacau, 25932 UNGURENI, Anul 2024, Numar, 0
Societate medicala civila, Proprietate privata, Bacau, 26029 URECHESTI, Anul 2024, Numar, 0
Societate medicala civila, Proprietate privata, Bacau, 26083 VALEA SEACA, Anul 2024, Numar, 0
Societate medicala civila, Proprietate privata, Bacau, 26118 VULTURENI, Anul 2024, Numar, 0
Societate medicala civila, Proprietate privata, Bacau, 26289 ZEMES, Anul 2024, Numar, 0
Cabinete stomatologice, Proprietate publica, Bacau, 20297 MUNICIPIUL BACAU, Anul 2024, Numar, 0
Cabinete stomatologice, Proprietate publica, Bacau, 20876 MUNICIPIUL MOINESTI, Anul 2024, Numar, 0
Cabinete stomatologice, Proprietate publica, Bacau, 20563 MUNICIPIUL ONESTI, Anul 2024, Numar, 0
Cabinete stomatologice, Proprietate publica, Bacau, 20778 ORAS BUHUSI, Anul 2024, Numar, 0
Cabinete stomatologice, Proprietate publica, Bacau, 20821 ORAS COMANESTI, Anul 2024, Numar, 0
Cabinete stomatologice, Proprietate publica, Bacau, 22166 ORAS DARMANESTI, Anul 2024, Numar, 0
Cabinete stomatologice, Proprietate publica, Bacau, 20910 ORAS SLANIC-MOLDOVA, Anul 2024, Numar, 0
Cabinete stomatologice, Proprietate publica, Bacau, 20965 ORAS TARGU OCNA, Anul 2024, Numar, 0
Cabinete stomatologice, Proprietate publica, Bacau, 21007 AGAS, Anul 2024, Numar, 0
Cabinete stomatologice, Proprietate publica, Bacau, 21098 ARDEOANI, Anul 2024, Numar, 0
Cabinete stomatologice, Proprietate publica, Bacau, 21123 ASAU, Anul 2024, Numar, 0
Cabinete stomatologice, Proprietate publica, Bacau, 21196 BALCANI, Anul 2024, Numar, 0
Cabinete stomatologice, Proprietate publica, Bacau, 21454 BARSANESTI, Anul 2024, Numar, 0
Cabinete stomatologice, Proprietate publica, Bacau, 21249 BERESTI-BISTRITA, Anul 2024, Numar, 0
Cabinete stomatologice, Proprietate publica, Bacau, 21338 BERESTI-TAZLAU, Anul 2024, Numar, 0
Cabinete stomatologice, Proprietate publica, Bacau, 21418 BERZUNTI, Anul 2024, Numar, 0
Cabinete stomatologice, Proprietate publica, Bacau, 21506 BLAGESTI, Anul 2024, Numar, 0
Cabinete stomatologice, Proprietate publica, Bacau, 21560 BOGDANESTI, Anul 2024, Numar, 0
Cabinete stomatologice, Proprietate publica, Bacau, 21597 BRUSTUROASA, Anul 2024, Numar, 0
Cabinete stomatologice, Proprietate publica, Bacau, 26338 BUCIUMI, Anul 2024, Numar, 0
Cabinete stomatologice, Proprietate publica, Bacau, 21668 BUHOCI, Anul 2024, Numar, 0
Cabinete stomatologice, Proprietate publica, Bacau, 21757 CAIUTI, Anul 2024, Numar, 0
Cabinete stomatologice, Proprietate publica, Bacau, 21720 CASIN, Anul 2024, Numar, 0
Cabinete stomatologice, Proprietate publica, Bacau, 21855 CLEJA, Anul 2024, Numar, 0
Cabinete stomatologice, Proprietate publica, Bacau, 21891 COLONESTI, Anul 2024, Numar, 0
Cabinete stomatologice, Proprietate publica, Bacau, 21971 CORBASCA, Anul 2024, Numar, 0
Cabinete stomatologice, Proprietate publica, Bacau, 22059 COTOFANESTI, Anul 2024, Numar, 0
Cabinete stomatologice, Proprietate publica, Bacau, 22111 DAMIENESTI, Anul 2024, Numar, 0
Cabinete stomatologice, Proprietate publica, Bacau, 22237 DEALU MORII, Anul 2024, Numar, 0
Cabinete stomatologice, Proprietate publica, Bacau, 22380 DOFTEANA, Anul 2024, Numar, 0
Cabinete stomatologice, Proprietate publica, Bacau, 22460 FARAOANI, Anul 2024, Numar, 0
Cabinete stomatologice, Proprietate publica, Bacau, 22488 FILIPENI, Anul 2024, Numar, 0
Cabinete stomatologice, Proprietate publica, Bacau, 22576 FILIPESTI, Anul 2024, Numar, 0
Cabinete stomatologice, Proprietate publica, Bacau, 22665 GAICEANA, Anul 2024, Numar, 0
Cabinete stomatologice, Proprietate publica, Bacau, 22781 GARLENI, Anul 2024, Numar, 0
Cabinete stomatologice, Proprietate publica, Bacau, 22718 GHIMES-FAGET, Anul 2024, Numar, 0
Cabinete stomatologice, Proprietate publica, Bacau, 26346 GIOSENI, Anul 2024, Numar, 0
Cabinete stomatologice, Proprietate publica, Bacau, 22834 GLAVANESTI, Anul 2024, Numar, 0
Cabinete stomatologice, Proprietate publica, Bacau, 20607 GURA VAII, Anul 2024, Numar, 0
Cabinete stomatologice, Proprietate publica, Bacau, 22898 HELEGIU, Anul 2024, Numar, 0
Cabinete stomatologice, Proprietate publica, Bacau, 20313 HEMEIUS, Anul 2024, Numar, 0
Cabinete stomatologice, Proprietate publica, Bacau, 22941 HORGESTI, Anul 2024, Numar, 0
Cabinete stomatologice, Proprietate publica, Bacau, 23047 HURUIESTI, Anul 2024, Numar, 0
Cabinete stomatologice, Proprietate publica, Bacau, 26379 ITESTI, Anul 2024, Numar, 0
Cabinete stomatologice, Proprietate publica, Bacau, 23127 IZVORU BERHECIULUI, Anul 2024, Numar, 0
Cabinete stomatologice, Proprietate publica, Bacau, 20359 LETEA VECHE, Anul 2024, Numar, 0
Cabinete stomatologice, Proprietate publica, Bacau, 23207 LIPOVA, Anul 2024, Numar, 0
Cabinete stomatologice, Proprietate publica, Bacau, 23289 LIVEZI, Anul 2024, Numar, 0
Cabinete stomatologice, Proprietate publica, Bacau, 23350 LUIZI-CALUGARA, Anul 2024, Numar, 0
Cabinete stomatologice, Proprietate publica, Bacau, 23387 MAGIRESTI, Anul 2024, Numar, 0
Cabinete stomatologice, Proprietate publica, Bacau, 20411 MAGURA, Anul 2024, Numar, 0
Cabinete stomatologice, Proprietate publica, Bacau, 23449 MANASTIREA CASIN, Anul 2024, Numar, 0
Cabinete stomatologice, Proprietate publica, Bacau, 20466 MARGINENI, Anul 2024, Numar, 0
Cabinete stomatologice, Proprietate publica, Bacau, 23494 MOTOSENI, Anul 2024, Numar, 0
Cabinete stomatologice, Proprietate publica, Bacau, 23644 NEGRI, Anul 2024, Numar, 0
Cabinete stomatologice, Proprietate publica, Bacau, 23715 NICOLAE BALCESCU, Anul 2024, Numar, 0
Cabinete stomatologice, Proprietate publica, Bacau, 26353 ODOBESTI, Anul 2024, Numar, 0
Cabinete stomatologice, Proprietate publica, Bacau, 23797 OITUZ, Anul 2024, Numar, 0
Cabinete stomatologice, Proprietate publica, Bacau, 23868 ONCESTI, Anul 2024, Numar, 0
Cabinete stomatologice, Proprietate publica, Bacau, 23948 ORBENI, Anul 2024, Numar, 0
Cabinete stomatologice, Proprietate publica, Bacau, 23975 PALANCA, Anul 2024, Numar, 0
Cabinete stomatologice, Proprietate publica, Bacau, 24187 PANCESTI, Anul 2024, Numar, 0
Cabinete stomatologice, Proprietate publica, Bacau, 24034 PARAVA, Anul 2024, Numar, 0
Cabinete stomatologice, Proprietate publica, Bacau, 24276 PARGARESTI, Anul 2024, Numar, 0
Cabinete stomatologice, Proprietate publica, Bacau, 24089 PARINCEA, Anul 2024, Numar, 0
Cabinete stomatologice, Proprietate publica, Bacau, 24338 PARJOL, Anul 2024, Numar, 0
Cabinete stomatologice, Proprietate publica, Bacau, 24427 PLOPANA, Anul 2024, Numar, 0
Cabinete stomatologice, Proprietate publica, Bacau, 24524 PODU TURCULUI, Anul 2024, Numar, 0
Cabinete stomatologice, Proprietate publica, Bacau, 24631 PODURI, Anul 2024, Numar, 0
Cabinete stomatologice, Proprietate publica, Bacau, 26361 PRAJESTI, Anul 2024, Numar, 0
Cabinete stomatologice, Proprietate publica, Bacau, 24766 RACACIUNI, Anul 2024, Numar, 0
Cabinete stomatologice, Proprietate publica, Bacau, 24837 RACHITOASA, Anul 2024, Numar, 0
Cabinete stomatologice, Proprietate publica, Bacau, 24711 RACOVA, Anul 2024, Numar, 0
Cabinete stomatologice, Proprietate publica, Bacau, 24999 ROSIORI, Anul 2024, Numar, 0
Cabinete stomatologice, Proprietate publica, Bacau, 25148 SANDULENI, Anul 2024, Numar, 0
Cabinete stomatologice, Proprietate publica, Bacau, 26320 SARATA, Anul 2024, Numar, 0
Cabinete stomatologice, Proprietate publica, Bacau, 25068 SASCUT, Anul 2024, Numar, 0
Cabinete stomatologice, Proprietate publica, Bacau, 25228 SAUCESTI, Anul 2024, Numar, 0
Cabinete stomatologice, Proprietate publica, Bacau, 25291 SCORTENI, Anul 2024, Numar, 0
Cabinete stomatologice, Proprietate publica, Bacau, 25362 SECUIENI, Anul 2024, Numar, 0
Cabinete stomatologice, Proprietate publica, Bacau, 25488 SOLONT, Anul 2024, Numar, 0
Cabinete stomatologice, Proprietate publica, Bacau, 25521 STANISESTI, Anul 2024, Numar, 0
Cabinete stomatologice, Proprietate publica, Bacau, 20670 STEFAN CEL MARE, Anul 2024, Numar, 0
Cabinete stomatologice, Proprietate publica, Bacau, 25629 STRUGARI, Anul 2024, Numar, 0
Cabinete stomatologice, Proprietate publica, Bacau, 25692 TAMASI, Anul 2024, Numar, 0
Cabinete stomatologice, Proprietate publica, Bacau, 25825 TARGU TROTUS, Anul 2024, Numar, 0
Cabinete stomatologice, Proprietate publica, Bacau, 25745 TATARASTI, Anul 2024, Numar, 0
Cabinete stomatologice, Proprietate publica, Bacau, 25861 TRAIAN, Anul 2024, Numar, 0
Cabinete stomatologice, Proprietate publica, Bacau, 25932 UNGURENI, Anul 2024, Numar, 0
Cabinete stomatologice, Proprietate publica, Bacau, 26029 URECHESTI, Anul 2024, Numar, 0
Cabinete stomatologice, Proprietate publica, Bacau, 26083 VALEA SEACA, Anul 2024, Numar, 0
Cabinete stomatologice, Proprietate publica, Bacau, 26118 VULTURENI, Anul 2024, Numar, 0
Cabinete stomatologice, Proprietate publica, Bacau, 26289 ZEMES, Anul 2024, Numar, 0
Cabinete stomatologice, Proprietate privata, Bacau, 20297 MUNICIPIUL BACAU, Anul 2024, Numar, 225
Cabinete stomatologice, Proprietate privata, Bacau, 20876 MUNICIPIUL MOINESTI, Anul 2024, Numar, 17
Cabinete stomatologice, Proprietate privata, Bacau, 20563 MUNICIPIUL ONESTI, Anul 2024, Numar, 43
Cabinete stomatologice, Proprietate privata, Bacau, 20778 ORAS BUHUSI, Anul 2024, Numar, 9
Cabinete stomatologice, Proprietate privata, Bacau, 20821 ORAS COMANESTI, Anul 2024, Numar, 10
Cabinete stomatologice, Proprietate privata, Bacau, 22166 ORAS DARMANESTI, Anul 2024, Numar, 2
Cabinete stomatologice, Proprietate privata, Bacau, 20910 ORAS SLANIC-MOLDOVA, Anul 2024, Numar, 0
Cabinete stomatologice, Proprietate privata, Bacau, 20965 ORAS TARGU OCNA, Anul 2024, Numar, 11
Cabinete stomatologice, Proprietate privata, Bacau, 21007 AGAS, Anul 2024, Numar, 0
Cabinete stomatologice, Proprietate privata, Bacau, 21098 ARDEOANI, Anul 2024, Numar, 1
Cabinete stomatologice, Proprietate privata, Bacau, 21123 ASAU, Anul 2024, Numar, 1
Cabinete stomatologice, Proprietate privata, Bacau, 21196 BALCANI, Anul 2024, Numar, 1
Cabinete stomatologice, Proprietate privata, Bacau, 21454 BARSANESTI, Anul 2024, Numar, 0
Cabinete stomatologice, Proprietate privata, Bacau, 21249 BERESTI-BISTRITA, Anul 2024, Numar, 1
Cabinete stomatologice, Proprietate privata, Bacau, 21338 BERESTI-TAZLAU, Anul 2024, Numar, 1
Cabinete stomatologice, Proprietate privata, Bacau, 21418 BERZUNTI, Anul 2024, Numar, 0
Cabinete stomatologice, Proprietate privata, Bacau, 21506 BLAGESTI, Anul 2024, Numar, 1
Cabinete stomatologice, Proprietate privata, Bacau, 21560 BOGDANESTI, Anul 2024, Numar, 0
Cabinete stomatologice, Proprietate privata, Bacau, 21597 BRUSTUROASA, Anul 2024, Numar, 0
Cabinete stomatologice, Proprietate privata, Bacau, 26338 BUCIUMI, Anul 2024, Numar, 0
Cabinete stomatologice, Proprietate privata, Bacau, 21668 BUHOCI, Anul 2024, Numar, 1
Cabinete stomatologice, Proprietate privata, Bacau, 21757 CAIUTI, Anul 2024, Numar, 0
Cabinete stomatologice, Proprietate privata, Bacau, 21720 CASIN, Anul 2024, Numar, 1
Cabinete stomatologice, Proprietate privata, Bacau, 21855 CLEJA, Anul 2024, Numar, 1
Cabinete stomatologice, Proprietate privata, Bacau, 21891 COLONESTI, Anul 2024, Numar, 1
Cabinete stomatologice, Proprietate privata, Bacau, 21971 CORBASCA, Anul 2024, Numar, 1
Cabinete stomatologice, Proprietate privata, Bacau, 22059 COTOFANESTI, Anul 2024, Numar, 0
Cabinete stomatologice, Proprietate privata, Bacau, 22111 DAMIENESTI, Anul 2024, Numar, 1
Cabinete stomatologice, Proprietate privata, Bacau, 22237 DEALU MORII, Anul 2024, Numar, 0
Cabinete stomatologice, Proprietate privata, Bacau, 22380 DOFTEANA, Anul 2024, Numar, 1
Cabinete stomatologice, Proprietate privata, Bacau, 22460 FARAOANI, Anul 2024, Numar, 2
Cabinete stomatologice, Proprietate privata, Bacau, 22488 FILIPENI, Anul 2024, Numar, 1
Cabinete stomatologice, Proprietate privata, Bacau, 22576 FILIPESTI, Anul 2024, Numar, 1
Cabinete stomatologice, Proprietate privata, Bacau, 22665 GAICEANA, Anul 2024, Numar, 1
Cabinete stomatologice, Proprietate privata, Bacau, 22781 GARLENI, Anul 2024, Numar, 2
Cabinete stomatologice, Proprietate privata, Bacau, 22718 GHIMES-FAGET, Anul 2024, Numar, 1
Cabinete stomatologice, Proprietate privata, Bacau, 26346 GIOSENI, Anul 2024, Numar, 1
Cabinete stomatologice, Proprietate privata, Bacau, 22834 GLAVANESTI, Anul 2024, Numar, 1
Cabinete stomatologice, Proprietate privata, Bacau, 20607 GURA VAII, Anul 2024, Numar, 0
Cabinete stomatologice, Proprietate privata, Bacau, 22898 HELEGIU, Anul 2024, Numar, 1
Cabinete stomatologice, Proprietate privata, Bacau, 20313 HEMEIUS, Anul 2024, Numar, 2
Cabinete stomatologice, Proprietate privata, Bacau, 22941 HORGESTI, Anul 2024, Numar, 0
Cabinete stomatologice, Proprietate privata, Bacau, 23047 HURUIESTI, Anul 2024, Numar, 0
Cabinete stomatologice, Proprietate privata, Bacau, 26379 ITESTI, Anul 2024, Numar, 0
Cabinete stomatologice, Proprietate privata, Bacau, 23127 IZVORU BERHECIULUI, Anul 2024, Numar, 2
Cabinete stomatologice, Proprietate privata, Bacau, 20359 LETEA VECHE, Anul 2024, Numar, 1
Cabinete stomatologice, Proprietate privata, Bacau, 23207 LIPOVA, Anul 2024, Numar, 0
Cabinete stomatologice, Proprietate privata, Bacau, 23289 LIVEZI, Anul 2024, Numar, 4
Cabinete stomatologice, Proprietate privata, Bacau, 23350 LUIZI-CALUGARA, Anul 2024, Numar, 2
Cabinete stomatologice, Proprietate privata, Bacau, 23387 MAGIRESTI, Anul 2024, Numar, 1
Cabinete stomatologice, Proprietate privata, Bacau, 20411 MAGURA, Anul 2024, Numar, 2
Cabinete stomatologice, Proprietate privata, Bacau, 23449 MANASTIREA CASIN, Anul 2024, Numar, 0
Cabinete stomatologice, Proprietate privata, Bacau, 20466 MARGINENI, Anul 2024, Numar, 4
Cabinete stomatologice, Proprietate privata, Bacau, 23494 MOTOSENI, Anul 2024, Numar, 0
Cabinete stomatologice, Proprietate privata, Bacau, 23644 NEGRI, Anul 2024, Numar, 0
Cabinete stomatologice, Proprietate privata, Bacau, 23715 NICOLAE BALCESCU, Anul 2024, Numar, 3
Cabinete stomatologice, Proprietate privata, Bacau, 26353 ODOBESTI, Anul 2024, Numar, 0
Cabinete stomatologice, Proprietate privata, Bacau, 23797 OITUZ, Anul 2024, Numar, 1
Cabinete stomatologice, Proprietate privata, Bacau, 23868 ONCESTI, Anul 2024, Numar, 0
Cabinete stomatologice, Proprietate privata, Bacau, 23948 ORBENI, Anul 2024, Numar, 1
Cabinete stomatologice, Proprietate privata, Bacau, 23975 PALANCA, Anul 2024, Numar, 0
Cabinete stomatologice, Proprietate privata, Bacau, 24187 PANCESTI, Anul 2024, Numar, 1
Cabinete stomatologice, Proprietate privata, Bacau, 24034 PARAVA, Anul 2024, Numar, 0
Cabinete stomatologice, Proprietate privata, Bacau, 24276 PARGARESTI, Anul 2024, Numar, 1
Cabinete stomatologice, Proprietate privata, Bacau, 24089 PARINCEA, Anul 2024, Numar, 1
Cabinete stomatologice, Proprietate privata, Bacau, 24338 PARJOL, Anul 2024, Numar, 1
Cabinete stomatologice, Proprietate privata, Bacau, 24427 PLOPANA, Anul 2024, Numar, 1
Cabinete stomatologice, Proprietate privata, Bacau, 24524 PODU TURCULUI, Anul 2024, Numar, 2
Cabinete stomatologice, Proprietate privata, Bacau, 24631 PODURI, Anul 2024, Numar, 1
Cabinete stomatologice, Proprietate privata, Bacau, 26361 PRAJESTI, Anul 2024, Numar, 1
Cabinete stomatologice, Proprietate privata, Bacau, 24766 RACACIUNI, Anul 2024, Numar, 3
Cabinete stomatologice, Proprietate privata, Bacau, 24837 RACHITOASA, Anul 2024, Numar, 0
Cabinete stomatologice, Proprietate privata, Bacau, 24711 RACOVA, Anul 2024, Numar, 1
Cabinete stomatologice, Proprietate privata, Bacau, 24999 ROSIORI, Anul 2024, Numar, 0
Cabinete stomatologice, Proprietate privata, Bacau, 25148 SANDULENI, Anul 2024, Numar, 1
Cabinete stomatologice, Proprietate privata, Bacau, 26320 SARATA, Anul 2024, Numar, 0
Cabinete stomatologice, Proprietate privata, Bacau, 25068 SASCUT, Anul 2024, Numar, 2
Cabinete stomatologice, Proprietate privata, Bacau, 25228 SAUCESTI, Anul 2024, Numar, 1
Cabinete stomatologice, Proprietate privata, Bacau, 25291 SCORTENI, Anul 2024, Numar, 1
Cabinete stomatologice, Proprietate privata, Bacau, 25362 SECUIENI, Anul 2024, Numar, 0
Cabinete stomatologice, Proprietate privata, Bacau, 25488 SOLONT, Anul 2024, Numar, 2
Cabinete stomatologice, Proprietate privata, Bacau, 25521 STANISESTI, Anul 2024, Numar, 0
Cabinete stomatologice, Proprietate privata, Bacau, 20670 STEFAN CEL MARE, Anul 2024, Numar, 0
Cabinete stomatologice, Proprietate privata, Bacau, 25629 STRUGARI, Anul 2024, Numar, 0
Cabinete stomatologice, Proprietate privata, Bacau, 25692 TAMASI, Anul 2024, Numar, 2
Cabinete stomatologice, Proprietate privata, Bacau, 25825 TARGU TROTUS, Anul 2024, Numar, 0
Cabinete stomatologice, Proprietate privata, Bacau, 25745 TATARASTI, Anul 2024, Numar, 0
Cabinete stomatologice, Proprietate privata, Bacau, 25861 TRAIAN, Anul 2024, Numar, 2
Cabinete stomatologice, Proprietate privata, Bacau, 25932 UNGURENI, Anul 2024, Numar, 0
Cabinete stomatologice, Proprietate privata, Bacau, 26029 URECHESTI, Anul 2024, Numar, 0
Cabinete stomatologice, Proprietate privata, Bacau, 26083 VALEA SEACA, Anul 2024, Numar, 2
Cabinete stomatologice, Proprietate privata, Bacau, 26118 VULTURENI, Anul 2024, Numar, 1
Cabinete stomatologice, Proprietate privata, Bacau, 26289 ZEMES, Anul 2024, Numar, 1
Societate stomatologica civila medicala, Proprietate publica, Bacau, 20297 MUNICIPIUL BACAU, Anul 2024, Numar, 0
Societate stomatologica civila medicala, Proprietate publica, Bacau, 20876 MUNICIPIUL MOINESTI, Anul 2024, Numar, 0
Societate stomatologica civila medicala, Proprietate publica, Bacau, 20563 MUNICIPIUL ONESTI, Anul 2024, Numar, 0
Societate stomatologica civila medicala, Proprietate publica, Bacau, 20778 ORAS BUHUSI, Anul 2024, Numar, 0
Societate stomatologica civila medicala, Proprietate publica, Bacau, 20821 ORAS COMANESTI, Anul 2024, Numar, 0
Societate stomatologica civila medicala, Proprietate publica, Bacau, 22166 ORAS DARMANESTI, Anul 2024, Numar, 0
Societate stomatologica civila medicala, Proprietate publica, Bacau, 20910 ORAS SLANIC-MOLDOVA, Anul 2024, Numar, 0
Societate stomatologica civila medicala, Proprietate publica, Bacau, 20965 ORAS TARGU OCNA, Anul 2024, Numar, 0
Societate stomatologica civila medicala, Proprietate publica, Bacau, 21007 AGAS, Anul 2024, Numar, 0
Societate stomatologica civila medicala, Proprietate publica, Bacau, 21098 ARDEOANI, Anul 2024, Numar, 0
Societate stomatologica civila medicala, Proprietate publica, Bacau, 21123 ASAU, Anul 2024, Numar, 0
Societate stomatologica civila medicala, Proprietate publica, Bacau, 21196 BALCANI, Anul 2024, Numar, 0
Societate stomatologica civila medicala, Proprietate publica, Bacau, 21454 BARSANESTI, Anul 2024, Numar, 0
Societate stomatologica civila medicala, Proprietate publica, Bacau, 21249 BERESTI-BISTRITA, Anul 2024, Numar, 0
Societate stomatologica civila medicala, Proprietate publica, Bacau, 21338 BERESTI-TAZLAU, Anul 2024, Numar, 0
Societate stomatologica civila medicala, Proprietate publica, Bacau, 21418 BERZUNTI, Anul 2024, Numar, 0
Societate stomatologica civila medicala, Proprietate publica, Bacau, 21506 BLAGESTI, Anul 2024, Numar, 0
Societate stomatologica civila medicala, Proprietate publica, Bacau, 21560 BOGDANESTI, Anul 2024, Numar, 0
Societate stomatologica civila medicala, Proprietate publica, Bacau, 21597 BRUSTUROASA, Anul 2024, Numar, 0
Societate stomatologica civila medicala, Proprietate publica, Bacau, 26338 BUCIUMI, Anul 2024, Numar, 0
Societate stomatologica civila medicala, Proprietate publica, Bacau, 21668 BUHOCI, Anul 2024, Numar, 0
Societate stomatologica civila medicala, Proprietate publica, Bacau, 21757 CAIUTI, Anul 2024, Numar, 0
Societate stomatologica civila medicala, Proprietate publica, Bacau, 21720 CASIN, Anul 2024, Numar, 0
Societate stomatologica civila medicala, Proprietate publica, Bacau, 21855 CLEJA, Anul 2024, Numar, 0
Societate stomatologica civila medicala, Proprietate publica, Bacau, 21891 COLONESTI, Anul 2024, Numar, 0
Societate stomatologica civila medicala, Proprietate publica, Bacau, 21971 CORBASCA, Anul 2024, Numar, 0
Societate stomatologica civila medicala, Proprietate publica, Bacau, 22059 COTOFANESTI, Anul 2024, Numar, 0
Societate stomatologica civila medicala, Proprietate publica, Bacau, 22111 DAMIENESTI, Anul 2024, Numar, 0
Societate stomatologica civila medicala, Proprietate publica, Bacau, 22237 DEALU MORII, Anul 2024, Numar, 0
Societate stomatologica civila medicala, Proprietate publica, Bacau, 22380 DOFTEANA, Anul 2024, Numar, 0
Societate stomatologica civila medicala, Proprietate publica, Bacau, 22460 FARAOANI, Anul 2024, Numar, 0
Societate stomatologica civila medicala, Proprietate publica, Bacau, 22488 FILIPENI, Anul 2024, Numar, 0
Societate stomatologica civila medicala, Proprietate publica, Bacau, 22576 FILIPESTI, Anul 2024, Numar, 0
Societate stomatologica civila medicala, Proprietate publica, Bacau, 22665 GAICEANA, Anul 2024, Numar, 0
Societate stomatologica civila medicala, Proprietate publica, Bacau, 22781 GARLENI, Anul 2024, Numar, 0
Societate stomatologica civila medicala, Proprietate publica, Bacau, 22718 GHIMES-FAGET, Anul 2024, Numar, 0
Societate stomatologica civila medicala, Proprietate publica, Bacau, 26346 GIOSENI, Anul 2024, Numar, 0
Societate stomatologica civila medicala, Proprietate publica, Bacau, 22834 GLAVANESTI, Anul 2024, Numar, 0
Societate stomatologica civila medicala, Proprietate publica, Bacau, 20607 GURA VAII, Anul 2024, Numar, 0
Societate stomatologica civila medicala, Proprietate publica, Bacau, 22898 HELEGIU, Anul 2024, Numar, 0
Societate stomatologica civila medicala, Proprietate publica, Bacau, 20313 HEMEIUS, Anul 2024, Numar, 0
Societate stomatologica civila medicala, Proprietate publica, Bacau, 22941 HORGESTI, Anul 2024, Numar, 0
Societate stomatologica civila medicala, Proprietate publica, Bacau, 23047 HURUIESTI, Anul 2024, Numar, 0
Societate stomatologica civila medicala, Proprietate publica, Bacau, 26379 ITESTI, Anul 2024, Numar, 0
Societate stomatologica civila medicala, Proprietate publica, Bacau, 23127 IZVORU BERHECIULUI, Anul 2024, Numar, 0
Societate stomatologica civila medicala, Proprietate publica, Bacau, 20359 LETEA VECHE, Anul 2024, Numar, 0
Societate stomatologica civila medicala, Proprietate publica, Bacau, 23207 LIPOVA, Anul 2024, Numar, 0
Societate stomatologica civila medicala, Proprietate publica, Bacau, 23289 LIVEZI, Anul 2024, Numar, 0
Societate stomatologica civila medicala, Proprietate publica, Bacau, 23350 LUIZI-CALUGARA, Anul 2024, Numar, 0
Societate stomatologica civila medicala, Proprietate publica, Bacau, 23387 MAGIRESTI, Anul 2024, Numar, 0
Societate stomatologica civila medicala, Proprietate publica, Bacau, 20411 MAGURA, Anul 2024, Numar, 0
Societate stomatologica civila medicala, Proprietate publica, Bacau, 23449 MANASTIREA CASIN, Anul 2024, Numar, 0
Societate stomatologica civila medicala, Proprietate publica, Bacau, 20466 MARGINENI, Anul 2024, Numar, 0
Societate stomatologica civila medicala, Proprietate publica, Bacau, 23494 MOTOSENI, Anul 2024, Numar, 0
Societate stomatologica civila medicala, Proprietate publica, Bacau, 23644 NEGRI, Anul 2024, Numar, 0
Societate stomatologica civila medicala, Proprietate publica, Bacau, 23715 NICOLAE BALCESCU, Anul 2024, Numar, 0
Societate stomatologica civila medicala, Proprietate publica, Bacau, 26353 ODOBESTI, Anul 2024, Numar, 0
Societate stomatologica civila medicala, Proprietate publica, Bacau, 23797 OITUZ, Anul 2024, Numar, 0
Societate stomatologica civila medicala, Proprietate publica, Bacau, 23868 ONCESTI, Anul 2024, Numar, 0
Societate stomatologica civila medicala, Proprietate publica, Bacau, 23948 ORBENI, Anul 2024, Numar, 0
Societate stomatologica civila medicala, Proprietate publica, Bacau, 23975 PALANCA, Anul 2024, Numar, 0
Societate stomatologica civila medicala, Proprietate publica, Bacau, 24187 PANCESTI, Anul 2024, Numar, 0
Societate stomatologica civila medicala, Proprietate publica, Bacau, 24034 PARAVA, Anul 2024, Numar, 0
Societate stomatologica civila medicala, Proprietate publica, Bacau, 24276 PARGARESTI, Anul 2024, Numar, 0
Societate stomatologica civila medicala, Proprietate publica, Bacau, 24089 PARINCEA, Anul 2024, Numar, 0
Societate stomatologica civila medicala, Proprietate publica, Bacau, 24338 PARJOL, Anul 2024, Numar, 0
Societate stomatologica civila medicala, Proprietate publica, Bacau, 24427 PLOPANA, Anul 2024, Numar, 0
Societate stomatologica civila medicala, Proprietate publica, Bacau, 24524 PODU TURCULUI, Anul 2024, Numar, 0
Societate stomatologica civila medicala, Proprietate publica, Bacau, 24631 PODURI, Anul 2024, Numar, 0
Societate stomatologica civila medicala, Proprietate publica, Bacau, 26361 PRAJESTI, Anul 2024, Numar, 0
Societate stomatologica civila medicala, Proprietate publica, Bacau, 24766 RACACIUNI, Anul 2024, Numar, 0
Societate stomatologica civila medicala, Proprietate publica, Bacau, 24837 RACHITOASA, Anul 2024, Numar, 0
Societate stomatologica civila medicala, Proprietate publica, Bacau, 24711 RACOVA, Anul 2024, Numar, 0
Societate stomatologica civila medicala, Proprietate publica, Bacau, 24999 ROSIORI, Anul 2024, Numar, 0
Societate stomatologica civila medicala, Proprietate publica, Bacau, 25148 SANDULENI, Anul 2024, Numar, 0
Societate stomatologica civila medicala, Proprietate publica, Bacau, 26320 SARATA, Anul 2024, Numar, 0
Societate stomatologica civila medicala, Proprietate publica, Bacau, 25068 SASCUT, Anul 2024, Numar, 0
Societate stomatologica civila medicala, Proprietate publica, Bacau, 25228 SAUCESTI, Anul 2024, Numar, 0
Societate stomatologica civila medicala, Proprietate publica, Bacau, 25291 SCORTENI, Anul 2024, Numar, 0
Societate stomatologica civila medicala, Proprietate publica, Bacau, 25362 SECUIENI, Anul 2024, Numar, 0
Societate stomatologica civila medicala, Proprietate publica, Bacau, 25488 SOLONT, Anul 2024, Numar, 0
Societate stomatologica civila medicala, Proprietate publica, Bacau, 25521 STANISESTI, Anul 2024, Numar, 0
Societate stomatologica civila medicala, Proprietate publica, Bacau, 20670 STEFAN CEL MARE, Anul 2024, Numar, 0
Societate stomatologica civila medicala, Proprietate publica, Bacau, 25629 STRUGARI, Anul 2024, Numar, 0
Societate stomatologica civila medicala, Proprietate publica, Bacau, 25692 TAMASI, Anul 2024, Numar, 0
Societate stomatologica civila medicala, Proprietate publica, Bacau, 25825 TARGU TROTUS, Anul 2024, Numar, 0
Societate stomatologica civila medicala, Proprietate publica, Bacau, 25745 TATARASTI, Anul 2024, Numar, 0
Societate stomatologica civila medicala, Proprietate publica, Bacau, 25861 TRAIAN, Anul 2024, Numar, 0
Societate stomatologica civila medicala, Proprietate publica, Bacau, 25932 UNGURENI, Anul 2024, Numar, 0
Societate stomatologica civila medicala, Proprietate publica, Bacau, 26029 URECHESTI, Anul 2024, Numar, 0
Societate stomatologica civila medicala, Proprietate publica, Bacau, 26083 VALEA SEACA, Anul 2024, Numar, 0
Societate stomatologica civila medicala, Proprietate publica, Bacau, 26118 VULTURENI, Anul 2024, Numar, 0
Societate stomatologica civila medicala, Proprietate publica, Bacau, 26289 ZEMES, Anul 2024, Numar, 0
Societate stomatologica civila medicala, Proprietate privata, Bacau, 20297 MUNICIPIUL BACAU, Anul 2024, Numar, 0
Societate stomatologica civila medicala, Proprietate privata, Bacau, 20876 MUNICIPIUL MOINESTI, Anul 2024, Numar, 0
Societate stomatologica civila medicala, Proprietate privata, Bacau, 20563 MUNICIPIUL ONESTI, Anul 2024, Numar, 0
Societate stomatologica civila medicala, Proprietate privata, Bacau, 20778 ORAS BUHUSI, Anul 2024, Numar, 0
Societate stomatologica civila medicala, Proprietate privata, Bacau, 20821 ORAS COMANESTI, Anul 2024, Numar, 0
Societate stomatologica civila medicala, Proprietate privata, Bacau, 22166 ORAS DARMANESTI, Anul 2024, Numar, 0
Societate stomatologica civila medicala, Proprietate privata, Bacau, 20910 ORAS SLANIC-MOLDOVA, Anul 2024, Numar, 0
Societate stomatologica civila medicala, Proprietate privata, Bacau, 20965 ORAS TARGU OCNA, Anul 2024, Numar, 0
Societate stomatologica civila medicala, Proprietate privata, Bacau, 21007 AGAS, Anul 2024, Numar, 0
Societate stomatologica civila medicala, Proprietate privata, Bacau, 21098 ARDEOANI, Anul 2024, Numar, 0
Societate stomatologica civila medicala, Proprietate privata, Bacau, 21123 ASAU, Anul 2024, Numar, 0
Societate stomatologica civila medicala, Proprietate privata, Bacau, 21196 BALCANI, Anul 2024, Numar, 0
Societate stomatologica civila medicala, Proprietate privata, Bacau, 21454 BARSANESTI, Anul 2024, Numar, 0
Societate stomatologica civila medicala, Proprietate privata, Bacau, 21249 BERESTI-BISTRITA, Anul 2024, Numar, 0
Societate stomatologica civila medicala, Proprietate privata, Bacau, 21338 BERESTI-TAZLAU, Anul 2024, Numar, 0
Societate stomatologica civila medicala, Proprietate privata, Bacau, 21418 BERZUNTI, Anul 2024, Numar, 0
Societate stomatologica civila medicala, Proprietate privata, Bacau, 21506 BLAGESTI, Anul 2024, Numar, 0
Societate stomatologica civila medicala, Proprietate privata, Bacau, 21560 BOGDANESTI, Anul 2024, Numar, 0
Societate stomatologica civila medicala, Proprietate privata, Bacau, 21597 BRUSTUROASA, Anul 2024, Numar, 0
Societate stomatologica civila medicala, Proprietate privata, Bacau, 26338 BUCIUMI, Anul 2024, Numar, 0
Societate stomatologica civila medicala, Proprietate privata, Bacau, 21668 BUHOCI, Anul 2024, Numar, 0
Societate stomatologica civila medicala, Proprietate privata, Bacau, 21757 CAIUTI, Anul 2024, Numar, 0
Societate stomatologica civila medicala, Proprietate privata, Bacau, 21720 CASIN, Anul 2024, Numar, 0
Societate stomatologica civila medicala, Proprietate privata, Bacau, 21855 CLEJA, Anul 2024, Numar, 0
Societate stomatologica civila medicala, Proprietate privata, Bacau, 21891 COLONESTI, Anul 2024, Numar, 0
Societate stomatologica civila medicala, Proprietate privata, Bacau, 21971 CORBASCA, Anul 2024, Numar, 0
Societate stomatologica civila medicala, Proprietate privata, Bacau, 22059 COTOFANESTI, Anul 2024, Numar, 0
Societate stomatologica civila medicala, Proprietate privata, Bacau, 22111 DAMIENESTI, Anul 2024, Numar, 0
Societate stomatologica civila medicala, Proprietate privata, Bacau, 22237 DEALU MORII, Anul 2024, Numar, 0
Societate stomatologica civila medicala, Proprietate privata, Bacau, 22380 DOFTEANA, Anul 2024, Numar, 0
Societate stomatologica civila medicala, Proprietate privata, Bacau, 22460 FARAOANI, Anul 2024, Numar, 0
Societate stomatologica civila medicala, Proprietate privata, Bacau, 22488 FILIPENI, Anul 2024, Numar, 0
Societate stomatologica civila medicala, Proprietate privata, Bacau, 22576 FILIPESTI, Anul 2024, Numar, 0
Societate stomatologica civila medicala, Proprietate privata, Bacau, 22665 GAICEANA, Anul 2024, Numar, 0
Societate stomatologica civila medicala, Proprietate privata, Bacau, 22781 GARLENI, Anul 2024, Numar, 0
Societate stomatologica civila medicala, Proprietate privata, Bacau, 22718 GHIMES-FAGET, Anul 2024, Numar, 0
Societate stomatologica civila medicala, Proprietate privata, Bacau, 26346 GIOSENI, Anul 2024, Numar, 0
Societate stomatologica civila medicala, Proprietate privata, Bacau, 22834 GLAVANESTI, Anul 2024, Numar, 0
Societate stomatologica civila medicala, Proprietate privata, Bacau, 20607 GURA VAII, Anul 2024, Numar, 0
Societate stomatologica civila medicala, Proprietate privata, Bacau, 22898 HELEGIU, Anul 2024, Numar, 0
Societate stomatologica civila medicala, Proprietate privata, Bacau, 20313 HEMEIUS, Anul 2024, Numar, 0
Societate stomatologica civila medicala, Proprietate privata, Bacau, 22941 HORGESTI, Anul 2024, Numar, 0
Societate stomatologica civila medicala, Proprietate privata, Bacau, 23047 HURUIESTI, Anul 2024, Numar, 0
Societate stomatologica civila medicala, Proprietate privata, Bacau, 26379 ITESTI, Anul 2024, Numar, 0
Societate stomatologica civila medicala, Proprietate privata, Bacau, 23127 IZVORU BERHECIULUI, Anul 2024, Numar, 0
Societate stomatologica civila medicala, Proprietate privata, Bacau, 20359 LETEA VECHE, Anul 2024, Numar, 0
Societate stomatologica civila medicala, Proprietate privata, Bacau, 23207 LIPOVA, Anul 2024, Numar, 0
Societate stomatologica civila medicala, Proprietate privata, Bacau, 23289 LIVEZI, Anul 2024, Numar, 0
Societate stomatologica civila medicala, Proprietate privata, Bacau, 23350 LUIZI-CALUGARA, Anul 2024, Numar, 0
Societate stomatologica civila medicala, Proprietate privata, Bacau, 23387 MAGIRESTI, Anul 2024, Numar, 0
Societate stomatologica civila medicala, Proprietate privata, Bacau, 20411 MAGURA, Anul 2024, Numar, 0
Societate stomatologica civila medicala, Proprietate privata, Bacau, 23449 MANASTIREA CASIN, Anul 2024, Numar, 0
Societate stomatologica civila medicala, Proprietate privata, Bacau, 20466 MARGINENI, Anul 2024, Numar, 0
Societate stomatologica civila medicala, Proprietate privata, Bacau, 23494 MOTOSENI, Anul 2024, Numar, 0
Societate stomatologica civila medicala, Proprietate privata, Bacau, 23644 NEGRI, Anul 2024, Numar, 0
Societate stomatologica civila medicala, Proprietate privata, Bacau, 23715 NICOLAE BALCESCU, Anul 2024, Numar, 0
Societate stomatologica civila medicala, Proprietate privata, Bacau, 26353 ODOBESTI, Anul 2024, Numar, 0
Societate stomatologica civila medicala, Proprietate privata, Bacau, 23797 OITUZ, Anul 2024, Numar, 0
Societate stomatologica civila medicala, Proprietate privata, Bacau, 23868 ONCESTI, Anul 2024, Numar, 0
Societate stomatologica civila medicala, Proprietate privata, Bacau, 23948 ORBENI, Anul 2024, Numar, 0
Societate stomatologica civila medicala, Proprietate privata, Bacau, 23975 PALANCA, Anul 2024, Numar, 0
Societate stomatologica civila medicala, Proprietate privata, Bacau, 24187 PANCESTI, Anul 2024, Numar, 0
Societate stomatologica civila medicala, Proprietate privata, Bacau, 24034 PARAVA, Anul 2024, Numar, 0
Societate stomatologica civila medicala, Proprietate privata, Bacau, 24276 PARGARESTI, Anul 2024, Numar, 0
Societate stomatologica civila medicala, Proprietate privata, Bacau, 24089 PARINCEA, Anul 2024, Numar, 0
Societate stomatologica civila medicala, Proprietate privata, Bacau, 24338 PARJOL, Anul 2024, Numar, 0
Societate stomatologica civila medicala, Proprietate privata, Bacau, 24427 PLOPANA, Anul 2024, Numar, 0
Societate stomatologica civila medicala, Proprietate privata, Bacau, 24524 PODU TURCULUI, Anul 2024, Numar, 0
Societate stomatologica civila medicala, Proprietate privata, Bacau, 24631 PODURI, Anul 2024, Numar, 0
Societate stomatologica civila medicala, Proprietate privata, Bacau, 26361 PRAJESTI, Anul 2024, Numar, 0
Societate stomatologica civila medicala, Proprietate privata, Bacau, 24766 RACACIUNI, Anul 2024, Numar, 0
Societate stomatologica civila medicala, Proprietate privata, Bacau, 24837 RACHITOASA, Anul 2024, Numar, 0
Societate stomatologica civila medicala, Proprietate privata, Bacau, 24711 RACOVA, Anul 2024, Numar, 0
Societate stomatologica civila medicala, Proprietate privata, Bacau, 24999 ROSIORI, Anul 2024, Numar, 0
Societate stomatologica civila medicala, Proprietate privata, Bacau, 25148 SANDULENI, Anul 2024, Numar, 0
Societate stomatologica civila medicala, Proprietate privata, Bacau, 26320 SARATA, Anul 2024, Numar, 0
Societate stomatologica civila medicala, Proprietate privata, Bacau, 25068 SASCUT, Anul 2024, Numar, 0
Societate stomatologica civila medicala, Proprietate privata, Bacau, 25228 SAUCESTI, Anul 2024, Numar, 0
Societate stomatologica civila medicala, Proprietate privata, Bacau, 25291 SCORTENI, Anul 2024, Numar, 0
Societate stomatologica civila medicala, Proprietate privata, Bacau, 25362 SECUIENI, Anul 2024, Numar, 0
Societate stomatologica civila medicala, Proprietate privata, Bacau, 25488 SOLONT, Anul 2024, Numar, 0
Societate stomatologica civila medicala, Proprietate privata, Bacau, 25521 STANISESTI, Anul 2024, Numar, 0
Societate stomatologica civila medicala, Proprietate privata, Bacau, 20670 STEFAN CEL MARE, Anul 2024, Numar, 0
Societate stomatologica civila medicala, Proprietate privata, Bacau, 25629 STRUGARI, Anul 2024, Numar, 0
Societate stomatologica civila medicala, Proprietate privata, Bacau, 25692 TAMASI, Anul 2024, Numar, 0
Societate stomatologica civila medicala, Proprietate privata, Bacau, 25825 TARGU TROTUS, Anul 2024, Numar, 0
Societate stomatologica civila medicala, Proprietate privata, Bacau, 25745 TATARASTI, Anul 2024, Numar, 0
Societate stomatologica civila medicala, Proprietate privata, Bacau, 25861 TRAIAN, Anul 2024, Numar, 0
Societate stomatologica civila medicala, Proprietate privata, Bacau, 25932 UNGURENI, Anul 2024, Numar, 0
Societate stomatologica civila medicala, Proprietate privata, Bacau, 26029 URECHESTI, Anul 2024, Numar, 0
Societate stomatologica civila medicala, Proprietate privata, Bacau, 26083 VALEA SEACA, Anul 2024, Numar, 0
Societate stomatologica civila medicala, Proprietate privata, Bacau, 26118 VULTURENI, Anul 2024, Numar, 0
Societate stomatologica civila medicala, Proprietate privata, Bacau, 26289 ZEMES, Anul 2024, Numar, 0
Cabinete medicale de specialitate, Proprietate publica, Bacau, 20297 MUNICIPIUL BACAU, Anul 2024, Numar, 0
Cabinete medicale de specialitate, Proprietate publica, Bacau, 20876 MUNICIPIUL MOINESTI, Anul 2024, Numar, 0
Cabinete medicale de specialitate, Proprietate publica, Bacau, 20563 MUNICIPIUL ONESTI, Anul 2024, Numar, 0
Cabinete medicale de specialitate, Proprietate publica, Bacau, 20778 ORAS BUHUSI, Anul 2024, Numar, 0
Cabinete medicale de specialitate, Proprietate publica, Bacau, 20821 ORAS COMANESTI, Anul 2024, Numar, 0
Cabinete medicale de specialitate, Proprietate publica, Bacau, 22166 ORAS DARMANESTI, Anul 2024, Numar, 0
Cabinete medicale de specialitate, Proprietate publica, Bacau, 20910 ORAS SLANIC-MOLDOVA, Anul 2024, Numar, 0
Cabinete medicale de specialitate, Proprietate publica, Bacau, 20965 ORAS TARGU OCNA, Anul 2024, Numar, 0
Cabinete medicale de specialitate, Proprietate publica, Bacau, 21007 AGAS, Anul 2024, Numar, 0
Cabinete medicale de specialitate, Proprietate publica, Bacau, 21098 ARDEOANI, Anul 2024, Numar, 0
Cabinete medicale de specialitate, Proprietate publica, Bacau, 21123 ASAU, Anul 2024, Numar, 0
Cabinete medicale de specialitate, Proprietate publica, Bacau, 21196 BALCANI, Anul 2024, Numar, 0
Cabinete medicale de specialitate, Proprietate publica, Bacau, 21454 BARSANESTI, Anul 2024, Numar, 0
Cabinete medicale de specialitate, Proprietate publica, Bacau, 21249 BERESTI-BISTRITA, Anul 2024, Numar, 0
Cabinete medicale de specialitate, Proprietate publica, Bacau, 21338 BERESTI-TAZLAU, Anul 2024, Numar, 0
Cabinete medicale de specialitate, Proprietate publica, Bacau, 21418 BERZUNTI, Anul 2024, Numar, 0
Cabinete medicale de specialitate, Proprietate publica, Bacau, 21506 BLAGESTI, Anul 2024, Numar, 0
Cabinete medicale de specialitate, Proprietate publica, Bacau, 21560 BOGDANESTI, Anul 2024, Numar, 0
Cabinete medicale de specialitate, Proprietate publica, Bacau, 21597 BRUSTUROASA, Anul 2024, Numar, 0
Cabinete medicale de specialitate, Proprietate publica, Bacau, 26338 BUCIUMI, Anul 2024, Numar, 0
Cabinete medicale de specialitate, Proprietate publica, Bacau, 21668 BUHOCI, Anul 2024, Numar, 0
Cabinete medicale de specialitate, Proprietate publica, Bacau, 21757 CAIUTI, Anul 2024, Numar, 0
Cabinete medicale de specialitate, Proprietate publica, Bacau, 21720 CASIN, Anul 2024, Numar, 0
Cabinete medicale de specialitate, Proprietate publica, Bacau, 21855 CLEJA, Anul 2024, Numar, 0
Cabinete medicale de specialitate, Proprietate publica, Bacau, 21891 COLONESTI, Anul 2024, Numar, 0
Cabinete medicale de specialitate, Proprietate publica, Bacau, 21971 CORBASCA, Anul 2024, Numar, 0
Cabinete medicale de specialitate, Proprietate publica, Bacau, 22059 COTOFANESTI, Anul 2024, Numar, 0
Cabinete medicale de specialitate, Proprietate publica, Bacau, 22111 DAMIENESTI, Anul 2024, Numar, 0
Cabinete medicale de specialitate, Proprietate publica, Bacau, 22237 DEALU MORII, Anul 2024, Numar, 0
Cabinete medicale de specialitate, Proprietate publica, Bacau, 22380 DOFTEANA, Anul 2024, Numar, 0
Cabinete medicale de specialitate, Proprietate publica, Bacau, 22460 FARAOANI, Anul 2024, Numar, 0
Cabinete medicale de specialitate, Proprietate publica, Bacau, 22488 FILIPENI, Anul 2024, Numar, 0
Cabinete medicale de specialitate, Proprietate publica, Bacau, 22576 FILIPESTI, Anul 2024, Numar, 0
Cabinete medicale de specialitate, Proprietate publica, Bacau, 22665 GAICEANA, Anul 2024, Numar, 0
Cabinete medicale de specialitate, Proprietate publica, Bacau, 22781 GARLENI, Anul 2024, Numar, 0
Cabinete medicale de specialitate, Proprietate publica, Bacau, 22718 GHIMES-FAGET, Anul 2024, Numar, 0
Cabinete medicale de specialitate, Proprietate publica, Bacau, 26346 GIOSENI, Anul 2024, Numar, 0
Cabinete medicale de specialitate, Proprietate publica, Bacau, 22834 GLAVANESTI, Anul 2024, Numar, 0
Cabinete medicale de specialitate, Proprietate publica, Bacau, 20607 GURA VAII, Anul 2024, Numar, 0
Cabinete medicale de specialitate, Proprietate publica, Bacau, 22898 HELEGIU, Anul 2024, Numar, 0
Cabinete medicale de specialitate, Proprietate publica, Bacau, 20313 HEMEIUS, Anul 2024, Numar, 0
Cabinete medicale de specialitate, Proprietate publica, Bacau, 22941 HORGESTI, Anul 2024, Numar, 0
Cabinete medicale de specialitate, Proprietate publica, Bacau, 23047 HURUIESTI, Anul 2024, Numar, 0
Cabinete medicale de specialitate, Proprietate publica, Bacau, 26379 ITESTI, Anul 2024, Numar, 0
Cabinete medicale de specialitate, Proprietate publica, Bacau, 23127 IZVORU BERHECIULUI, Anul 2024, Numar, 0
Cabinete medicale de specialitate, Proprietate publica, Bacau, 20359 LETEA VECHE, Anul 2024, Numar, 0
Cabinete medicale de specialitate, Proprietate publica, Bacau, 23207 LIPOVA, Anul 2024, Numar, 0
Cabinete medicale de specialitate, Proprietate publica, Bacau, 23289 LIVEZI, Anul 2024, Numar, 0
Cabinete medicale de specialitate, Proprietate publica, Bacau, 23350 LUIZI-CALUGARA, Anul 2024, Numar, 0
Cabinete medicale de specialitate, Proprietate publica, Bacau, 23387 MAGIRESTI, Anul 2024, Numar, 0
Cabinete medicale de specialitate, Proprietate publica, Bacau, 20411 MAGURA, Anul 2024, Numar, 0
Cabinete medicale de specialitate, Proprietate publica, Bacau, 23449 MANASTIREA CASIN, Anul 2024, Numar, 0
Cabinete medicale de specialitate, Proprietate publica, Bacau, 20466 MARGINENI, Anul 2024, Numar, 0
Cabinete medicale de specialitate, Proprietate publica, Bacau, 23494 MOTOSENI, Anul 2024, Numar, 0
Cabinete medicale de specialitate, Proprietate publica, Bacau, 23644 NEGRI, Anul 2024, Numar, 0
Cabinete medicale de specialitate, Proprietate publica, Bacau, 23715 NICOLAE BALCESCU, Anul 2024, Numar, 0
Cabinete medicale de specialitate, Proprietate publica, Bacau, 26353 ODOBESTI, Anul 2024, Numar, 0
Cabinete medicale de specialitate, Proprietate publica, Bacau, 23797 OITUZ, Anul 2024, Numar, 0
Cabinete medicale de specialitate, Proprietate publica, Bacau, 23868 ONCESTI, Anul 2024, Numar, 0
Cabinete medicale de specialitate, Proprietate publica, Bacau, 23948 ORBENI, Anul 2024, Numar, 0
Cabinete medicale de specialitate, Proprietate publica, Bacau, 23975 PALANCA, Anul 2024, Numar, 0
Cabinete medicale de specialitate, Proprietate publica, Bacau, 24187 PANCESTI, Anul 2024, Numar, 0
Cabinete medicale de specialitate, Proprietate publica, Bacau, 24034 PARAVA, Anul 2024, Numar, 0
Cabinete medicale de specialitate, Proprietate publica, Bacau, 24276 PARGARESTI, Anul 2024, Numar, 0
Cabinete medicale de specialitate, Proprietate publica, Bacau, 24089 PARINCEA, Anul 2024, Numar, 0
Cabinete medicale de specialitate, Proprietate publica, Bacau, 24338 PARJOL, Anul 2024, Numar, 0
Cabinete medicale de specialitate, Proprietate publica, Bacau, 24427 PLOPANA, Anul 2024, Numar, 0
Cabinete medicale de specialitate, Proprietate publica, Bacau, 24524 PODU TURCULUI, Anul 2024, Numar, 0
Cabinete medicale de specialitate, Proprietate publica, Bacau, 24631 PODURI, Anul 2024, Numar, 0
Cabinete medicale de specialitate, Proprietate publica, Bacau, 26361 PRAJESTI, Anul 2024, Numar, 0
Cabinete medicale de specialitate, Proprietate publica, Bacau, 24766 RACACIUNI, Anul 2024, Numar, 0
Cabinete medicale de specialitate, Proprietate publica, Bacau, 24837 RACHITOASA, Anul 2024, Numar, 0
Cabinete medicale de specialitate, Proprietate publica, Bacau, 24711 RACOVA, Anul 2024, Numar, 0
Cabinete medicale de specialitate, Proprietate publica, Bacau, 24999 ROSIORI, Anul 2024, Numar, 0
Cabinete medicale de specialitate, Proprietate publica, Bacau, 25148 SANDULENI, Anul 2024, Numar, 0
Cabinete medicale de specialitate, Proprietate publica, Bacau, 26320 SARATA, Anul 2024, Numar, 0
Cabinete medicale de specialitate, Proprietate publica, Bacau, 25068 SASCUT, Anul 2024, Numar, 0
Cabinete medicale de specialitate, Proprietate publica, Bacau, 25228 SAUCESTI, Anul 2024, Numar, 0
Cabinete medicale de specialitate, Proprietate publica, Bacau, 25291 SCORTENI, Anul 2024, Numar, 0
Cabinete medicale de specialitate, Proprietate publica, Bacau, 25362 SECUIENI, Anul 2024, Numar, 0
Cabinete medicale de specialitate, Proprietate publica, Bacau, 25488 SOLONT, Anul 2024, Numar, 0
Cabinete medicale de specialitate, Proprietate publica, Bacau, 25521 STANISESTI, Anul 2024, Numar, 0
Cabinete medicale de specialitate, Proprietate publica, Bacau, 20670 STEFAN CEL MARE, Anul 2024, Numar, 0
Cabinete medicale de specialitate, Proprietate publica, Bacau, 25629 STRUGARI, Anul 2024, Numar, 0
Cabinete medicale de specialitate, Proprietate publica, Bacau, 25692 TAMASI, Anul 2024, Numar, 0
Cabinete medicale de specialitate, Proprietate publica, Bacau, 25825 TARGU TROTUS, Anul 2024, Numar, 0
Cabinete medicale de specialitate, Proprietate publica, Bacau, 25745 TATARASTI, Anul 2024, Numar, 0
Cabinete medicale de specialitate, Proprietate publica, Bacau, 25861 TRAIAN, Anul 2024, Numar, 0
Cabinete medicale de specialitate, Proprietate publica, Bacau, 25932 UNGURENI, Anul 2024, Numar, 0
Cabinete medicale de specialitate, Proprietate publica, Bacau, 26029 URECHESTI, Anul 2024, Numar, 0
Cabinete medicale de specialitate, Proprietate publica, Bacau, 26083 VALEA SEACA, Anul 2024, Numar, 0
Cabinete medicale de specialitate, Proprietate publica, Bacau, 26118 VULTURENI, Anul 2024, Numar, 0
Cabinete medicale de specialitate, Proprietate publica, Bacau, 26289 ZEMES, Anul 2024, Numar, 0
Cabinete medicale de specialitate, Proprietate privata, Bacau, 20297 MUNICIPIUL BACAU, Anul 2024, Numar, 348
Cabinete medicale de specialitate, Proprietate privata, Bacau, 20876 MUNICIPIUL MOINESTI, Anul 2024, Numar, 39
Cabinete medicale de specialitate, Proprietate privata, Bacau, 20563 MUNICIPIUL ONESTI, Anul 2024, Numar, 77
Cabinete medicale de specialitate, Proprietate privata, Bacau, 20778 ORAS BUHUSI, Anul 2024, Numar, 6
Cabinete medicale de specialitate, Proprietate privata, Bacau, 20821 ORAS COMANESTI, Anul 2024, Numar, 11
Cabinete medicale de specialitate, Proprietate privata, Bacau, 22166 ORAS DARMANESTI, Anul 2024, Numar, 7
Cabinete medicale de specialitate, Proprietate privata, Bacau, 20910 ORAS SLANIC-MOLDOVA, Anul 2024, Numar, 4
Cabinete medicale de specialitate, Proprietate privata, Bacau, 20965 ORAS TARGU OCNA, Anul 2024, Numar, 7
Cabinete medicale de specialitate, Proprietate privata, Bacau, 21007 AGAS, Anul 2024, Numar, 2
Cabinete medicale de specialitate, Proprietate privata, Bacau, 21098 ARDEOANI, Anul 2024, Numar, 0
Cabinete medicale de specialitate, Proprietate privata, Bacau, 21123 ASAU, Anul 2024, Numar, 1
Cabinete medicale de specialitate, Proprietate privata, Bacau, 21196 BALCANI, Anul 2024, Numar, 0
Cabinete medicale de specialitate, Proprietate privata, Bacau, 21454 BARSANESTI, Anul 2024, Numar, 0
Cabinete medicale de specialitate, Proprietate privata, Bacau, 21249 BERESTI-BISTRITA, Anul 2024, Numar, 0
Cabinete medicale de specialitate, Proprietate privata, Bacau, 21338 BERESTI-TAZLAU, Anul 2024, Numar, 0
Cabinete medicale de specialitate, Proprietate privata, Bacau, 21418 BERZUNTI, Anul 2024, Numar, 0
Cabinete medicale de specialitate, Proprietate privata, Bacau, 21506 BLAGESTI, Anul 2024, Numar, 0
Cabinete medicale de specialitate, Proprietate privata, Bacau, 21560 BOGDANESTI, Anul 2024, Numar, 0
Cabinete medicale de specialitate, Proprietate privata, Bacau, 21597 BRUSTUROASA, Anul 2024, Numar, 0
Cabinete medicale de specialitate, Proprietate privata, Bacau, 26338 BUCIUMI, Anul 2024, Numar, 0
Cabinete medicale de specialitate, Proprietate privata, Bacau, 21668 BUHOCI, Anul 2024, Numar, 0
Cabinete medicale de specialitate, Proprietate privata, Bacau, 21757 CAIUTI, Anul 2024, Numar, 0
Cabinete medicale de specialitate, Proprietate privata, Bacau, 21720 CASIN, Anul 2024, Numar, 1
Cabinete medicale de specialitate, Proprietate privata, Bacau, 21855 CLEJA, Anul 2024, Numar, 0
Cabinete medicale de specialitate, Proprietate privata, Bacau, 21891 COLONESTI, Anul 2024, Numar, 0
Cabinete medicale de specialitate, Proprietate privata, Bacau, 21971 CORBASCA, Anul 2024, Numar, 0
Cabinete medicale de specialitate, Proprietate privata, Bacau, 22059 COTOFANESTI, Anul 2024, Numar, 0
Cabinete medicale de specialitate, Proprietate privata, Bacau, 22111 DAMIENESTI, Anul 2024, Numar, 0
Cabinete medicale de specialitate, Proprietate privata, Bacau, 22237 DEALU MORII, Anul 2024, Numar, 0
Cabinete medicale de specialitate, Proprietate privata, Bacau, 22380 DOFTEANA, Anul 2024, Numar, 0
Cabinete medicale de specialitate, Proprietate privata, Bacau, 22460 FARAOANI, Anul 2024, Numar, 0
Cabinete medicale de specialitate, Proprietate privata, Bacau, 22488 FILIPENI, Anul 2024, Numar, 0
Cabinete medicale de specialitate, Proprietate privata, Bacau, 22576 FILIPESTI, Anul 2024, Numar, 0
Cabinete medicale de specialitate, Proprietate privata, Bacau, 22665 GAICEANA, Anul 2024, Numar, 0
Cabinete medicale de specialitate, Proprietate privata, Bacau, 22781 GARLENI, Anul 2024, Numar, 0
Cabinete medicale de specialitate, Proprietate privata, Bacau, 22718 GHIMES-FAGET, Anul 2024, Numar, 0
Cabinete medicale de specialitate, Proprietate privata, Bacau, 26346 GIOSENI, Anul 2024, Numar, 0
Cabinete medicale de specialitate, Proprietate privata, Bacau, 22834 GLAVANESTI, Anul 2024, Numar, 0
Cabinete medicale de specialitate, Proprietate privata, Bacau, 20607 GURA VAII, Anul 2024, Numar, 0
Cabinete medicale de specialitate, Proprietate privata, Bacau, 22898 HELEGIU, Anul 2024, Numar, 0
Cabinete medicale de specialitate, Proprietate privata, Bacau, 20313 HEMEIUS, Anul 2024, Numar, 2
Cabinete medicale de specialitate, Proprietate privata, Bacau, 22941 HORGESTI, Anul 2024, Numar, 0
Cabinete medicale de specialitate, Proprietate privata, Bacau, 23047 HURUIESTI, Anul 2024, Numar, 0
Cabinete medicale de specialitate, Proprietate privata, Bacau, 26379 ITESTI, Anul 2024, Numar, 0
Cabinete medicale de specialitate, Proprietate privata, Bacau, 23127 IZVORU BERHECIULUI, Anul 2024, Numar, 0
Cabinete medicale de specialitate, Proprietate privata, Bacau, 20359 LETEA VECHE, Anul 2024, Numar, 0
Cabinete medicale de specialitate, Proprietate privata, Bacau, 23207 LIPOVA, Anul 2024, Numar, 0
Cabinete medicale de specialitate, Proprietate privata, Bacau, 23289 LIVEZI, Anul 2024, Numar, 0
Cabinete medicale de specialitate, Proprietate privata, Bacau, 23350 LUIZI-CALUGARA, Anul 2024, Numar, 1
Cabinete medicale de specialitate, Proprietate privata, Bacau, 23387 MAGIRESTI, Anul 2024, Numar, 0
Cabinete medicale de specialitate, Proprietate privata, Bacau, 20411 MAGURA, Anul 2024, Numar, 0
Cabinete medicale de specialitate, Proprietate privata, Bacau, 23449 MANASTIREA CASIN, Anul 2024, Numar, 0
Cabinete medicale de specialitate, Proprietate privata, Bacau, 20466 MARGINENI, Anul 2024, Numar, 1
Cabinete medicale de specialitate, Proprietate privata, Bacau, 23494 MOTOSENI, Anul 2024, Numar, 0
Cabinete medicale de specialitate, Proprietate privata, Bacau, 23644 NEGRI, Anul 2024, Numar, 0
Cabinete medicale de specialitate, Proprietate privata, Bacau, 23715 NICOLAE BALCESCU, Anul 2024, Numar, 1
Cabinete medicale de specialitate, Proprietate privata, Bacau, 26353 ODOBESTI, Anul 2024, Numar, 0
Cabinete medicale de specialitate, Proprietate privata, Bacau, 23797 OITUZ, Anul 2024, Numar, 0
Cabinete medicale de specialitate, Proprietate privata, Bacau, 23868 ONCESTI, Anul 2024, Numar, 0
Cabinete medicale de specialitate, Proprietate privata, Bacau, 23948 ORBENI, Anul 2024, Numar, 1
Cabinete medicale de specialitate, Proprietate privata, Bacau, 23975 PALANCA, Anul 2024, Numar, 0
Cabinete medicale de specialitate, Proprietate privata, Bacau, 24187 PANCESTI, Anul 2024, Numar, 0
Cabinete medicale de specialitate, Proprietate privata, Bacau, 24034 PARAVA, Anul 2024, Numar, 0
Cabinete medicale de specialitate, Proprietate privata, Bacau, 24276 PARGARESTI, Anul 2024, Numar, 0
Cabinete medicale de specialitate, Proprietate privata, Bacau, 24089 PARINCEA, Anul 2024, Numar, 0
Cabinete medicale de specialitate, Proprietate privata, Bacau, 24338 PARJOL, Anul 2024, Numar, 0
Cabinete medicale de specialitate, Proprietate privata, Bacau, 24427 PLOPANA, Anul 2024, Numar, 0
Cabinete medicale de specialitate, Proprietate privata, Bacau, 24524 PODU TURCULUI, Anul 2024, Numar, 1
Cabinete medicale de specialitate, Proprietate privata, Bacau, 24631 PODURI, Anul 2024, Numar, 0
Cabinete medicale de specialitate, Proprietate privata, Bacau, 26361 PRAJESTI, Anul 2024, Numar, 0
Cabinete medicale de specialitate, Proprietate privata, Bacau, 24766 RACACIUNI, Anul 2024, Numar, 0
Cabinete medicale de specialitate, Proprietate privata, Bacau, 24837 RACHITOASA, Anul 2024, Numar, 0
Cabinete medicale de specialitate, Proprietate privata, Bacau, 24711 RACOVA, Anul 2024, Numar, 0
Cabinete medicale de specialitate, Proprietate privata, Bacau, 24999 ROSIORI, Anul 2024, Numar, 0
Cabinete medicale de specialitate, Proprietate privata, Bacau, 25148 SANDULENI, Anul 2024, Numar, 0
Cabinete medicale de specialitate, Proprietate privata, Bacau, 26320 SARATA, Anul 2024, Numar, 0
Cabinete medicale de specialitate, Proprietate privata, Bacau, 25068 SASCUT, Anul 2024, Numar, 0
Cabinete medicale de specialitate, Proprietate privata, Bacau, 25228 SAUCESTI, Anul 2024, Numar, 0
Cabinete medicale de specialitate, Proprietate privata, Bacau, 25291 SCORTENI, Anul 2024, Numar, 0
Cabinete medicale de specialitate, Proprietate privata, Bacau, 25362 SECUIENI, Anul 2024, Numar, 0
Cabinete medicale de specialitate, Proprietate privata, Bacau, 25488 SOLONT, Anul 2024, Numar, 0
Cabinete medicale de specialitate, Proprietate privata, Bacau, 25521 STANISESTI, Anul 2024, Numar, 0
Cabinete medicale de specialitate, Proprietate privata, Bacau, 20670 STEFAN CEL MARE, Anul 2024, Numar, 0
Cabinete medicale de specialitate, Proprietate privata, Bacau, 25629 STRUGARI, Anul 2024, Numar, 0
Cabinete medicale de specialitate, Proprietate privata, Bacau, 25692 TAMASI, Anul 2024, Numar, 0
Cabinete medicale de specialitate, Proprietate privata, Bacau, 25825 TARGU TROTUS, Anul 2024, Numar, 0
Cabinete medicale de specialitate, Proprietate privata, Bacau, 25745 TATARASTI, Anul 2024, Numar, 0
Cabinete medicale de specialitate, Proprietate privata, Bacau, 25861 TRAIAN, Anul 2024, Numar, 0
Cabinete medicale de specialitate, Proprietate privata, Bacau, 25932 UNGURENI, Anul 2024, Numar, 0
Cabinete medicale de specialitate, Proprietate privata, Bacau, 26029 URECHESTI, Anul 2024, Numar, 0
Cabinete medicale de specialitate, Proprietate privata, Bacau, 26083 VALEA SEACA, Anul 2024, Numar, 4
Cabinete medicale de specialitate, Proprietate privata, Bacau, 26118 VULTURENI, Anul 2024, Numar, 0
Cabinete medicale de specialitate, Proprietate privata, Bacau, 26289 ZEMES, Anul 2024, Numar, 0
Societate civila medicala de specialitate, Proprietate publica, Bacau, 20297 MUNICIPIUL BACAU, Anul 2024, Numar, 0
Societate civila medicala de specialitate, Proprietate publica, Bacau, 20876 MUNICIPIUL MOINESTI, Anul 2024, Numar, 0
Societate civila medicala de specialitate, Proprietate publica, Bacau, 20563 MUNICIPIUL ONESTI, Anul 2024, Numar, 0
Societate civila medicala de specialitate, Proprietate publica, Bacau, 20778 ORAS BUHUSI, Anul 2024, Numar, 0
Societate civila medicala de specialitate, Proprietate publica, Bacau, 20821 ORAS COMANESTI, Anul 2024, Numar, 0
Societate civila medicala de specialitate, Proprietate publica, Bacau, 22166 ORAS DARMANESTI, Anul 2024, Numar, 0
Societate civila medicala de specialitate, Proprietate publica, Bacau, 20910 ORAS SLANIC-MOLDOVA, Anul 2024, Numar, 0
Societate civila medicala de specialitate, Proprietate publica, Bacau, 20965 ORAS TARGU OCNA, Anul 2024, Numar, 0
Societate civila medicala de specialitate, Proprietate publica, Bacau, 21007 AGAS, Anul 2024, Numar, 0
Societate civila medicala de specialitate, Proprietate publica, Bacau, 21098 ARDEOANI, Anul 2024, Numar, 0
Societate civila medicala de specialitate, Proprietate publica, Bacau, 21123 ASAU, Anul 2024, Numar, 0
Societate civila medicala de specialitate, Proprietate publica, Bacau, 21196 BALCANI, Anul 2024, Numar, 0
Societate civila medicala de specialitate, Proprietate publica, Bacau, 21454 BARSANESTI, Anul 2024, Numar, 0
Societate civila medicala de specialitate, Proprietate publica, Bacau, 21249 BERESTI-BISTRITA, Anul 2024, Numar, 0
Societate civila medicala de specialitate, Proprietate publica, Bacau, 21338 BERESTI-TAZLAU, Anul 2024, Numar, 0
Societate civila medicala de specialitate, Proprietate publica, Bacau, 21418 BERZUNTI, Anul 2024, Numar, 0
Societate civila medicala de specialitate, Proprietate publica, Bacau, 21506 BLAGESTI, Anul 2024, Numar, 0
Societate civila medicala de specialitate, Proprietate publica, Bacau, 21560 BOGDANESTI, Anul 2024, Numar, 0
Societate civila medicala de specialitate, Proprietate publica, Bacau, 21597 BRUSTUROASA, Anul 2024, Numar, 0
Societate civila medicala de specialitate, Proprietate publica, Bacau, 26338 BUCIUMI, Anul 2024, Numar, 0
Societate civila medicala de specialitate, Proprietate publica, Bacau, 21668 BUHOCI, Anul 2024, Numar, 0
Societate civila medicala de specialitate, Proprietate publica, Bacau, 21757 CAIUTI, Anul 2024, Numar, 0
Societate civila medicala de specialitate, Proprietate publica, Bacau, 21720 CASIN, Anul 2024, Numar, 0
Societate civila medicala de specialitate, Proprietate publica, Bacau, 21855 CLEJA, Anul 2024, Numar, 0
Societate civila medicala de specialitate, Proprietate publica, Bacau, 21891 COLONESTI, Anul 2024, Numar, 0
Societate civila medicala de specialitate, Proprietate publica, Bacau, 21971 CORBASCA, Anul 2024, Numar, 0
Societate civila medicala de specialitate, Proprietate publica, Bacau, 22059 COTOFANESTI, Anul 2024, Numar, 0
Societate civila medicala de specialitate, Proprietate publica, Bacau, 22111 DAMIENESTI, Anul 2024, Numar, 0
Societate civila medicala de specialitate, Proprietate publica, Bacau, 22237 DEALU MORII, Anul 2024, Numar, 0
Societate civila medicala de specialitate, Proprietate publica, Bacau, 22380 DOFTEANA, Anul 2024, Numar, 0
Societate civila medicala de specialitate, Proprietate publica, Bacau, 22460 FARAOANI, Anul 2024, Numar, 0
Societate civila medicala de specialitate, Proprietate publica, Bacau, 22488 FILIPENI, Anul 2024, Numar, 0
Societate civila medicala de specialitate, Proprietate publica, Bacau, 22576 FILIPESTI, Anul 2024, Numar, 0
Societate civila medicala de specialitate, Proprietate publica, Bacau, 22665 GAICEANA, Anul 2024, Numar, 0
Societate civila medicala de specialitate, Proprietate publica, Bacau, 22781 GARLENI, Anul 2024, Numar, 0
Societate civila medicala de specialitate, Proprietate publica, Bacau, 22718 GHIMES-FAGET, Anul 2024, Numar, 0
Societate civila medicala de specialitate, Proprietate publica, Bacau, 26346 GIOSENI, Anul 2024, Numar, 0
Societate civila medicala de specialitate, Proprietate publica, Bacau, 22834 GLAVANESTI, Anul 2024, Numar, 0
Societate civila medicala de specialitate, Proprietate publica, Bacau, 20607 GURA VAII, Anul 2024, Numar, 0
Societate civila medicala de specialitate, Proprietate publica, Bacau, 22898 HELEGIU, Anul 2024, Numar, 0
Societate civila medicala de specialitate, Proprietate publica, Bacau, 20313 HEMEIUS, Anul 2024, Numar, 0
Societate civila medicala de specialitate, Proprietate publica, Bacau, 22941 HORGESTI, Anul 2024, Numar, 0
Societate civila medicala de specialitate, Proprietate publica, Bacau, 23047 HURUIESTI, Anul 2024, Numar, 0
Societate civila medicala de specialitate, Proprietate publica, Bacau, 26379 ITESTI, Anul 2024, Numar, 0
Societate civila medicala de specialitate, Proprietate publica, Bacau, 23127 IZVORU BERHECIULUI, Anul 2024, Numar, 0
Societate civila medicala de specialitate, Proprietate publica, Bacau, 20359 LETEA VECHE, Anul 2024, Numar, 0
Societate civila medicala de specialitate, Proprietate publica, Bacau, 23207 LIPOVA, Anul 2024, Numar, 0
Societate civila medicala de specialitate, Proprietate publica, Bacau, 23289 LIVEZI, Anul 2024, Numar, 0
Societate civila medicala de specialitate, Proprietate publica, Bacau, 23350 LUIZI-CALUGARA, Anul 2024, Numar, 0
Societate civila medicala de specialitate, Proprietate publica, Bacau, 23387 MAGIRESTI, Anul 2024, Numar, 0
Societate civila medicala de specialitate, Proprietate publica, Bacau, 20411 MAGURA, Anul 2024, Numar, 0
Societate civila medicala de specialitate, Proprietate publica, Bacau, 23449 MANASTIREA CASIN, Anul 2024, Numar, 0
Societate civila medicala de specialitate, Proprietate publica, Bacau, 20466 MARGINENI, Anul 2024, Numar, 0
Societate civila medicala de specialitate, Proprietate publica, Bacau, 23494 MOTOSENI, Anul 2024, Numar, 0
Societate civila medicala de specialitate, Proprietate publica, Bacau, 23644 NEGRI, Anul 2024, Numar, 0
Societate civila medicala de specialitate, Proprietate publica, Bacau, 23715 NICOLAE BALCESCU, Anul 2024, Numar, 0
Societate civila medicala de specialitate, Proprietate publica, Bacau, 26353 ODOBESTI, Anul 2024, Numar, 0
Societate civila medicala de specialitate, Proprietate publica, Bacau, 23797 OITUZ, Anul 2024, Numar, 0
Societate civila medicala de specialitate, Proprietate publica, Bacau, 23868 ONCESTI, Anul 2024, Numar, 0
Societate civila medicala de specialitate, Proprietate publica, Bacau, 23948 ORBENI, Anul 2024, Numar, 0
Societate civila medicala de specialitate, Proprietate publica, Bacau, 23975 PALANCA, Anul 2024, Numar, 0
Societate civila medicala de specialitate, Proprietate publica, Bacau, 24187 PANCESTI, Anul 2024, Numar, 0
Societate civila medicala de specialitate, Proprietate publica, Bacau, 24034 PARAVA, Anul 2024, Numar, 0
Societate civila medicala de specialitate, Proprietate publica, Bacau, 24276 PARGARESTI, Anul 2024, Numar, 0
Societate civila medicala de specialitate, Proprietate publica, Bacau, 24089 PARINCEA, Anul 2024, Numar, 0
Societate civila medicala de specialitate, Proprietate publica, Bacau, 24338 PARJOL, Anul 2024, Numar, 0
Societate civila medicala de specialitate, Proprietate publica, Bacau, 24427 PLOPANA, Anul 2024, Numar, 0
Societate civila medicala de specialitate, Proprietate publica, Bacau, 24524 PODU TURCULUI, Anul 2024, Numar, 0
Societate civila medicala de specialitate, Proprietate publica, Bacau, 24631 PODURI, Anul 2024, Numar, 0
Societate civila medicala de specialitate, Proprietate publica, Bacau, 26361 PRAJESTI, Anul 2024, Numar, 0
Societate civila medicala de specialitate, Proprietate publica, Bacau, 24766 RACACIUNI, Anul 2024, Numar, 0
Societate civila medicala de specialitate, Proprietate publica, Bacau, 24837 RACHITOASA, Anul 2024, Numar, 0
Societate civila medicala de specialitate, Proprietate publica, Bacau, 24711 RACOVA, Anul 2024, Numar, 0
Societate civila medicala de specialitate, Proprietate publica, Bacau, 24999 ROSIORI, Anul 2024, Numar, 0
Societate civila medicala de specialitate, Proprietate publica, Bacau, 25148 SANDULENI, Anul 2024, Numar, 0
Societate civila medicala de specialitate, Proprietate publica, Bacau, 26320 SARATA, Anul 2024, Numar, 0
Societate civila medicala de specialitate, Proprietate publica, Bacau, 25068 SASCUT, Anul 2024, Numar, 0
Societate civila medicala de specialitate, Proprietate publica, Bacau, 25228 SAUCESTI, Anul 2024, Numar, 0
Societate civila medicala de specialitate, Proprietate publica, Bacau, 25291 SCORTENI, Anul 2024, Numar, 0
Societate civila medicala de specialitate, Proprietate publica, Bacau, 25362 SECUIENI, Anul 2024, Numar, 0
Societate civila medicala de specialitate, Proprietate publica, Bacau, 25488 SOLONT, Anul 2024, Numar, 0
Societate civila medicala de specialitate, Proprietate publica, Bacau, 25521 STANISESTI, Anul 2024, Numar, 0
Societate civila medicala de specialitate, Proprietate publica, Bacau, 20670 STEFAN CEL MARE, Anul 2024, Numar, 0
Societate civila medicala de specialitate, Proprietate publica, Bacau, 25629 STRUGARI, Anul 2024, Numar, 0
Societate civila medicala de specialitate, Proprietate publica, Bacau, 25692 TAMASI, Anul 2024, Numar, 0
Societate civila medicala de specialitate, Proprietate publica, Bacau, 25825 TARGU TROTUS, Anul 2024, Numar, 0
Societate civila medicala de specialitate, Proprietate publica, Bacau, 25745 TATARASTI, Anul 2024, Numar, 0
Societate civila medicala de specialitate, Proprietate publica, Bacau, 25861 TRAIAN, Anul 2024, Numar, 0
Societate civila medicala de specialitate, Proprietate publica, Bacau, 25932 UNGURENI, Anul 2024, Numar, 0
Societate civila medicala de specialitate, Proprietate publica, Bacau, 26029 URECHESTI, Anul 2024, Numar, 0
Societate civila medicala de specialitate, Proprietate publica, Bacau, 26083 VALEA SEACA, Anul 2024, Numar, 0
Societate civila medicala de specialitate, Proprietate publica, Bacau, 26118 VULTURENI, Anul 2024, Numar, 0
Societate civila medicala de specialitate, Proprietate publica, Bacau, 26289 ZEMES, Anul 2024, Numar, 0
Societate civila medicala de specialitate, Proprietate privata, Bacau, 20297 MUNICIPIUL BACAU, Anul 2024, Numar, 0
Societate civila medicala de specialitate, Proprietate privata, Bacau, 20876 MUNICIPIUL MOINESTI, Anul 2024, Numar, 0
Societate civila medicala de specialitate, Proprietate privata, Bacau, 20563 MUNICIPIUL ONESTI, Anul 2024, Numar, 0
Societate civila medicala de specialitate, Proprietate privata, Bacau, 20778 ORAS BUHUSI, Anul 2024, Numar, 0
Societate civila medicala de specialitate, Proprietate privata, Bacau, 20821 ORAS COMANESTI, Anul 2024, Numar, 0
Societate civila medicala de specialitate, Proprietate privata, Bacau, 22166 ORAS DARMANESTI, Anul 2024, Numar, 0
Societate civila medicala de specialitate, Proprietate privata, Bacau, 20910 ORAS SLANIC-MOLDOVA, Anul 2024, Numar, 0
Societate civila medicala de specialitate, Proprietate privata, Bacau, 20965 ORAS TARGU OCNA, Anul 2024, Numar, 0
Societate civila medicala de specialitate, Proprietate privata, Bacau, 21007 AGAS, Anul 2024, Numar, 0
Societate civila medicala de specialitate, Proprietate privata, Bacau, 21098 ARDEOANI, Anul 2024, Numar, 0
Societate civila medicala de specialitate, Proprietate privata, Bacau, 21123 ASAU, Anul 2024, Numar, 0
Societate civila medicala de specialitate, Proprietate privata, Bacau, 21196 BALCANI, Anul 2024, Numar, 0
Societate civila medicala de specialitate, Proprietate privata, Bacau, 21454 BARSANESTI, Anul 2024, Numar, 0
Societate civila medicala de specialitate, Proprietate privata, Bacau, 21249 BERESTI-BISTRITA, Anul 2024, Numar, 0
Societate civila medicala de specialitate, Proprietate privata, Bacau, 21338 BERESTI-TAZLAU, Anul 2024, Numar, 0
Societate civila medicala de specialitate, Proprietate privata, Bacau, 21418 BERZUNTI, Anul 2024, Numar, 0
Societate civila medicala de specialitate, Proprietate privata, Bacau, 21506 BLAGESTI, Anul 2024, Numar, 0
Societate civila medicala de specialitate, Proprietate privata, Bacau, 21560 BOGDANESTI, Anul 2024, Numar, 0
Societate civila medicala de specialitate, Proprietate privata, Bacau, 21597 BRUSTUROASA, Anul 2024, Numar, 0
Societate civila medicala de specialitate, Proprietate privata, Bacau, 26338 BUCIUMI, Anul 2024, Numar, 0
Societate civila medicala de specialitate, Proprietate privata, Bacau, 21668 BUHOCI, Anul 2024, Numar, 0
Societate civila medicala de specialitate, Proprietate privata, Bacau, 21757 CAIUTI, Anul 2024, Numar, 0
Societate civila medicala de specialitate, Proprietate privata, Bacau, 21720 CASIN, Anul 2024, Numar, 0
Societate civila medicala de specialitate, Proprietate privata, Bacau, 21855 CLEJA, Anul 2024, Numar, 0
Societate civila medicala de specialitate, Proprietate privata, Bacau, 21891 COLONESTI, Anul 2024, Numar, 0
Societate civila medicala de specialitate, Proprietate privata, Bacau, 21971 CORBASCA, Anul 2024, Numar, 0
Societate civila medicala de specialitate, Proprietate privata, Bacau, 22059 COTOFANESTI, Anul 2024, Numar, 0
Societate civila medicala de specialitate, Proprietate privata, Bacau, 22111 DAMIENESTI, Anul 2024, Numar, 0
Societate civila medicala de specialitate, Proprietate privata, Bacau, 22237 DEALU MORII, Anul 2024, Numar, 0
Societate civila medicala de specialitate, Proprietate privata, Bacau, 22380 DOFTEANA, Anul 2024, Numar, 0
Societate civila medicala de specialitate, Proprietate privata, Bacau, 22460 FARAOANI, Anul 2024, Numar, 0
Societate civila medicala de specialitate, Proprietate privata, Bacau, 22488 FILIPENI, Anul 2024, Numar, 0
Societate civila medicala de specialitate, Proprietate privata, Bacau, 22576 FILIPESTI, Anul 2024, Numar, 0
Societate civila medicala de specialitate, Proprietate privata, Bacau, 22665 GAICEANA, Anul 2024, Numar, 0
Societate civila medicala de specialitate, Proprietate privata, Bacau, 22781 GARLENI, Anul 2024, Numar, 0
Societate civila medicala de specialitate, Proprietate privata, Bacau, 22718 GHIMES-FAGET, Anul 2024, Numar, 0
Societate civila medicala de specialitate, Proprietate privata, Bacau, 26346 GIOSENI, Anul 2024, Numar, 0
Societate civila medicala de specialitate, Proprietate privata, Bacau, 22834 GLAVANESTI, Anul 2024, Numar, 0
Societate civila medicala de specialitate, Proprietate privata, Bacau, 20607 GURA VAII, Anul 2024, Numar, 0
Societate civila medicala de specialitate, Proprietate privata, Bacau, 22898 HELEGIU, Anul 2024, Numar, 0
Societate civila medicala de specialitate, Proprietate privata, Bacau, 20313 HEMEIUS, Anul 2024, Numar, 0
Societate civila medicala de specialitate, Proprietate privata, Bacau, 22941 HORGESTI, Anul 2024, Numar, 0
Societate civila medicala de specialitate, Proprietate privata, Bacau, 23047 HURUIESTI, Anul 2024, Numar, 0
Societate civila medicala de specialitate, Proprietate privata, Bacau, 26379 ITESTI, Anul 2024, Numar, 0
Societate civila medicala de specialitate, Proprietate privata, Bacau, 23127 IZVORU BERHECIULUI, Anul 2024, Numar, 0
Societate civila medicala de specialitate, Proprietate privata, Bacau, 20359 LETEA VECHE, Anul 2024, Numar, 0
Societate civila medicala de specialitate, Proprietate privata, Bacau, 23207 LIPOVA, Anul 2024, Numar, 0
Societate civila medicala de specialitate, Proprietate privata, Bacau, 23289 LIVEZI, Anul 2024, Numar, 0
Societate civila medicala de specialitate, Proprietate privata, Bacau, 23350 LUIZI-CALUGARA, Anul 2024, Numar, 0
Societate civila medicala de specialitate, Proprietate privata, Bacau, 23387 MAGIRESTI, Anul 2024, Numar, 0
Societate civila medicala de specialitate, Proprietate privata, Bacau, 20411 MAGURA, Anul 2024, Numar, 0
Societate civila medicala de specialitate, Proprietate privata, Bacau, 23449 MANASTIREA CASIN, Anul 2024, Numar, 0
Societate civila medicala de specialitate, Proprietate privata, Bacau, 20466 MARGINENI, Anul 2024, Numar, 0
Societate civila medicala de specialitate, Proprietate privata, Bacau, 23494 MOTOSENI, Anul 2024, Numar, 0
Societate civila medicala de specialitate, Proprietate privata, Bacau, 23644 NEGRI, Anul 2024, Numar, 0
Societate civila medicala de specialitate, Proprietate privata, Bacau, 23715 NICOLAE BALCESCU, Anul 2024, Numar, 0
Societate civila medicala de specialitate, Proprietate privata, Bacau, 26353 ODOBESTI, Anul 2024, Numar, 0
Societate civila medicala de specialitate, Proprietate privata, Bacau, 23797 OITUZ, Anul 2024, Numar, 0
Societate civila medicala de specialitate, Proprietate privata, Bacau, 23868 ONCESTI, Anul 2024, Numar, 0
Societate civila medicala de specialitate, Proprietate privata, Bacau, 23948 ORBENI, Anul 2024, Numar, 0
Societate civila medicala de specialitate, Proprietate privata, Bacau, 23975 PALANCA, Anul 2024, Numar, 0
Societate civila medicala de specialitate, Proprietate privata, Bacau, 24187 PANCESTI, Anul 2024, Numar, 0
Societate civila medicala de specialitate, Proprietate privata, Bacau, 24034 PARAVA, Anul 2024, Numar, 0
Societate civila medicala de specialitate, Proprietate privata, Bacau, 24276 PARGARESTI, Anul 2024, Numar, 0
Societate civila medicala de specialitate, Proprietate privata, Bacau, 24089 PARINCEA, Anul 2024, Numar, 0
Societate civila medicala de specialitate, Proprietate privata, Bacau, 24338 PARJOL, Anul 2024, Numar, 0
Societate civila medicala de specialitate, Proprietate privata, Bacau, 24427 PLOPANA, Anul 2024, Numar, 0
Societate civila medicala de specialitate, Proprietate privata, Bacau, 24524 PODU TURCULUI, Anul 2024, Numar, 0
Societate civila medicala de specialitate, Proprietate privata, Bacau, 24631 PODURI, Anul 2024, Numar, 0
Societate civila medicala de specialitate, Proprietate privata, Bacau, 26361 PRAJESTI, Anul 2024, Numar, 0
Societate civila medicala de specialitate, Proprietate privata, Bacau, 24766 RACACIUNI, Anul 2024, Numar, 0
Societate civila medicala de specialitate, Proprietate privata, Bacau, 24837 RACHITOASA, Anul 2024, Numar, 0
Societate civila medicala de specialitate, Proprietate privata, Bacau, 24711 RACOVA, Anul 2024, Numar, 0
Societate civila medicala de specialitate, Proprietate privata, Bacau, 24999 ROSIORI, Anul 2024, Numar, 0
Societate civila medicala de specialitate, Proprietate privata, Bacau, 25148 SANDULENI, Anul 2024, Numar, 0
Societate civila medicala de specialitate, Proprietate privata, Bacau, 26320 SARATA, Anul 2024, Numar, 0
Societate civila medicala de specialitate, Proprietate privata, Bacau, 25068 SASCUT, Anul 2024, Numar, 0
Societate civila medicala de specialitate, Proprietate privata, Bacau, 25228 SAUCESTI, Anul 2024, Numar, 0
Societate civila medicala de specialitate, Proprietate privata, Bacau, 25291 SCORTENI, Anul 2024, Numar, 0
Societate civila medicala de specialitate, Proprietate privata, Bacau, 25362 SECUIENI, Anul 2024, Numar, 0
Societate civila medicala de specialitate, Proprietate privata, Bacau, 25488 SOLONT, Anul 2024, Numar, 0
Societate civila medicala de specialitate, Proprietate privata, Bacau, 25521 STANISESTI, Anul 2024, Numar, 0
Societate civila medicala de specialitate, Proprietate privata, Bacau, 20670 STEFAN CEL MARE, Anul 2024, Numar, 0
Societate civila medicala de specialitate, Proprietate privata, Bacau, 25629 STRUGARI, Anul 2024, Numar, 0
Societate civila medicala de specialitate, Proprietate privata, Bacau, 25692 TAMASI, Anul 2024, Numar, 0
Societate civila medicala de specialitate, Proprietate privata, Bacau, 25825 TARGU TROTUS, Anul 2024, Numar, 0
Societate civila medicala de specialitate, Proprietate privata, Bacau, 25745 TATARASTI, Anul 2024, Numar, 0
Societate civila medicala de specialitate, Proprietate privata, Bacau, 25861 TRAIAN, Anul 2024, Numar, 0
Societate civila medicala de specialitate, Proprietate privata, Bacau, 25932 UNGURENI, Anul 2024, Numar, 0
Societate civila medicala de specialitate, Proprietate privata, Bacau, 26029 URECHESTI, Anul 2024, Numar, 0
Societate civila medicala de specialitate, Proprietate privata, Bacau, 26083 VALEA SEACA, Anul 2024, Numar, 0
Societate civila medicala de specialitate, Proprietate privata, Bacau, 26118 VULTURENI, Anul 2024, Numar, 0
Societate civila medicala de specialitate, Proprietate privata, Bacau, 26289 ZEMES, Anul 2024, Numar, 0
Farmacii, Proprietate publica, Bacau, 20297 MUNICIPIUL BACAU, Anul 2024, Numar, 4
Farmacii, Proprietate publica, Bacau, 20876 MUNICIPIUL MOINESTI, Anul 2024, Numar, 1
Farmacii, Proprietate publica, Bacau, 20563 MUNICIPIUL ONESTI, Anul 2024, Numar, 1
Farmacii, Proprietate publica, Bacau, 20778 ORAS BUHUSI, Anul 2024, Numar, 1
Farmacii, Proprietate publica, Bacau, 20821 ORAS COMANESTI, Anul 2024, Numar, 1
Farmacii, Proprietate publica, Bacau, 22166 ORAS DARMANESTI, Anul 2024, Numar, 0
Farmacii, Proprietate publica, Bacau, 20910 ORAS SLANIC-MOLDOVA, Anul 2024, Numar, 0
Farmacii, Proprietate publica, Bacau, 20965 ORAS TARGU OCNA, Anul 2024, Numar, 1
Farmacii, Proprietate publica, Bacau, 21007 AGAS, Anul 2024, Numar, 0
Farmacii, Proprietate publica, Bacau, 21098 ARDEOANI, Anul 2024, Numar, 0
Farmacii, Proprietate publica, Bacau, 21123 ASAU, Anul 2024, Numar, 0
Farmacii, Proprietate publica, Bacau, 21196 BALCANI, Anul 2024, Numar, 0
Farmacii, Proprietate publica, Bacau, 21454 BARSANESTI, Anul 2024, Numar, 0
Farmacii, Proprietate publica, Bacau, 21249 BERESTI-BISTRITA, Anul 2024, Numar, 0
Farmacii, Proprietate publica, Bacau, 21338 BERESTI-TAZLAU, Anul 2024, Numar, 0
Farmacii, Proprietate publica, Bacau, 21418 BERZUNTI, Anul 2024, Numar, 0
Farmacii, Proprietate publica, Bacau, 21506 BLAGESTI, Anul 2024, Numar, 0
Farmacii, Proprietate publica, Bacau, 21560 BOGDANESTI, Anul 2024, Numar, 0
Farmacii, Proprietate publica, Bacau, 21597 BRUSTUROASA, Anul 2024, Numar, 0
Farmacii, Proprietate publica, Bacau, 26338 BUCIUMI, Anul 2024, Numar, 0
Farmacii, Proprietate publica, Bacau, 21668 BUHOCI, Anul 2024, Numar, 0
Farmacii, Proprietate publica, Bacau, 21757 CAIUTI, Anul 2024, Numar, 0
Farmacii, Proprietate publica, Bacau, 21720 CASIN, Anul 2024, Numar, 0
Farmacii, Proprietate publica, Bacau, 21855 CLEJA, Anul 2024, Numar, 0
Farmacii, Proprietate publica, Bacau, 21891 COLONESTI, Anul 2024, Numar, 0
Farmacii, Proprietate publica, Bacau, 21971 CORBASCA, Anul 2024, Numar, 0
Farmacii, Proprietate publica, Bacau, 22059 COTOFANESTI, Anul 2024, Numar, 0
Farmacii, Proprietate publica, Bacau, 22111 DAMIENESTI, Anul 2024, Numar, 0
Farmacii, Proprietate publica, Bacau, 22237 DEALU MORII, Anul 2024, Numar, 0
Farmacii, Proprietate publica, Bacau, 22380 DOFTEANA, Anul 2024, Numar, 0
Farmacii, Proprietate publica, Bacau, 22460 FARAOANI, Anul 2024, Numar, 0
Farmacii, Proprietate publica, Bacau, 22488 FILIPENI, Anul 2024, Numar, 0
Farmacii, Proprietate publica, Bacau, 22576 FILIPESTI, Anul 2024, Numar, 0
Farmacii, Proprietate publica, Bacau, 22665 GAICEANA, Anul 2024, Numar, 0
Farmacii, Proprietate publica, Bacau, 22781 GARLENI, Anul 2024, Numar, 0
Farmacii, Proprietate publica, Bacau, 22718 GHIMES-FAGET, Anul 2024, Numar, 0
Farmacii, Proprietate publica, Bacau, 26346 GIOSENI, Anul 2024, Numar, 0
Farmacii, Proprietate publica, Bacau, 22834 GLAVANESTI, Anul 2024, Numar, 0
Farmacii, Proprietate publica, Bacau, 20607 GURA VAII, Anul 2024, Numar, 0
Farmacii, Proprietate publica, Bacau, 22898 HELEGIU, Anul 2024, Numar, 0
Farmacii, Proprietate publica, Bacau, 20313 HEMEIUS, Anul 2024, Numar, 0
Farmacii, Proprietate publica, Bacau, 22941 HORGESTI, Anul 2024, Numar, 0
Farmacii, Proprietate publica, Bacau, 23047 HURUIESTI, Anul 2024, Numar, 0
Farmacii, Proprietate publica, Bacau, 26379 ITESTI, Anul 2024, Numar, 0
Farmacii, Proprietate publica, Bacau, 23127 IZVORU BERHECIULUI, Anul 2024, Numar, 0
Farmacii, Proprietate publica, Bacau, 20359 LETEA VECHE, Anul 2024, Numar, 0
Farmacii, Proprietate publica, Bacau, 23207 LIPOVA, Anul 2024, Numar, 0
Farmacii, Proprietate publica, Bacau, 23289 LIVEZI, Anul 2024, Numar, 0
Farmacii, Proprietate publica, Bacau, 23350 LUIZI-CALUGARA, Anul 2024, Numar, 0
Farmacii, Proprietate publica, Bacau, 23387 MAGIRESTI, Anul 2024, Numar, 0
Farmacii, Proprietate publica, Bacau, 20411 MAGURA, Anul 2024, Numar, 0
Farmacii, Proprietate publica, Bacau, 23449 MANASTIREA CASIN, Anul 2024, Numar, 0
Farmacii, Proprietate publica, Bacau, 20466 MARGINENI, Anul 2024, Numar, 0
Farmacii, Proprietate publica, Bacau, 23494 MOTOSENI, Anul 2024, Numar, 0
Farmacii, Proprietate publica, Bacau, 23644 NEGRI, Anul 2024, Numar, 0
Farmacii, Proprietate publica, Bacau, 23715 NICOLAE BALCESCU, Anul 2024, Numar, 0
Farmacii, Proprietate publica, Bacau, 26353 ODOBESTI, Anul 2024, Numar, 0
Farmacii, Proprietate publica, Bacau, 23797 OITUZ, Anul 2024, Numar, 0
Farmacii, Proprietate publica, Bacau, 23868 ONCESTI, Anul 2024, Numar, 0
Farmacii, Proprietate publica, Bacau, 23948 ORBENI, Anul 2024, Numar, 0
Farmacii, Proprietate publica, Bacau, 23975 PALANCA, Anul 2024, Numar, 0
Farmacii, Proprietate publica, Bacau, 24187 PANCESTI, Anul 2024, Numar, 0
Farmacii, Proprietate publica, Bacau, 24034 PARAVA, Anul 2024, Numar, 0
Farmacii, Proprietate publica, Bacau, 24276 PARGARESTI, Anul 2024, Numar, 0
Farmacii, Proprietate publica, Bacau, 24089 PARINCEA, Anul 2024, Numar, 0
Farmacii, Proprietate publica, Bacau, 24338 PARJOL, Anul 2024, Numar, 0
Farmacii, Proprietate publica, Bacau, 24427 PLOPANA, Anul 2024, Numar, 0
Farmacii, Proprietate publica, Bacau, 24524 PODU TURCULUI, Anul 2024, Numar, 0
Farmacii, Proprietate publica, Bacau, 24631 PODURI, Anul 2024, Numar, 0
Farmacii, Proprietate publica, Bacau, 26361 PRAJESTI, Anul 2024, Numar, 0
Farmacii, Proprietate publica, Bacau, 24766 RACACIUNI, Anul 2024, Numar, 0
Farmacii, Proprietate publica, Bacau, 24837 RACHITOASA, Anul 2024, Numar, 0
Farmacii, Proprietate publica, Bacau, 24711 RACOVA, Anul 2024, Numar, 0
Farmacii, Proprietate publica, Bacau, 24999 ROSIORI, Anul 2024, Numar, 0
Farmacii, Proprietate publica, Bacau, 25148 SANDULENI, Anul 2024, Numar, 0
Farmacii, Proprietate publica, Bacau, 26320 SARATA, Anul 2024, Numar, 0
Farmacii, Proprietate publica, Bacau, 25068 SASCUT, Anul 2024, Numar, 0
Farmacii, Proprietate publica, Bacau, 25228 SAUCESTI, Anul 2024, Numar, 0
Farmacii, Proprietate publica, Bacau, 25291 SCORTENI, Anul 2024, Numar, 0
Farmacii, Proprietate publica, Bacau, 25362 SECUIENI, Anul 2024, Numar, 0
Farmacii, Proprietate publica, Bacau, 25488 SOLONT, Anul 2024, Numar, 0
Farmacii, Proprietate publica, Bacau, 25521 STANISESTI, Anul 2024, Numar, 0
Farmacii, Proprietate publica, Bacau, 20670 STEFAN CEL MARE, Anul 2024, Numar, 0
Farmacii, Proprietate publica, Bacau, 25629 STRUGARI, Anul 2024, Numar, 0
Farmacii, Proprietate publica, Bacau, 25692 TAMASI, Anul 2024, Numar, 0
Farmacii, Proprietate publica, Bacau, 25825 TARGU TROTUS, Anul 2024, Numar, 0
Farmacii, Proprietate publica, Bacau, 25745 TATARASTI, Anul 2024, Numar, 0
Farmacii, Proprietate publica, Bacau, 25861 TRAIAN, Anul 2024, Numar, 0
Farmacii, Proprietate publica, Bacau, 25932 UNGURENI, Anul 2024, Numar, 0
Farmacii, Proprietate publica, Bacau, 26029 URECHESTI, Anul 2024, Numar, 0
Farmacii, Proprietate publica, Bacau, 26083 VALEA SEACA, Anul 2024, Numar, 0
Farmacii, Proprietate publica, Bacau, 26118 VULTURENI, Anul 2024, Numar, 0
Farmacii, Proprietate publica, Bacau, 26289 ZEMES, Anul 2024, Numar, 0
Farmacii, Proprietate privata, Bacau, 20297 MUNICIPIUL BACAU, Anul 2024, Numar, 76
Farmacii, Proprietate privata, Bacau, 20876 MUNICIPIUL MOINESTI, Anul 2024, Numar, 7
Farmacii, Proprietate privata, Bacau, 20563 MUNICIPIUL ONESTI, Anul 2024, Numar, 18
Farmacii, Proprietate privata, Bacau, 20778 ORAS BUHUSI, Anul 2024, Numar, 5
Farmacii, Proprietate privata, Bacau, 20821 ORAS COMANESTI, Anul 2024, Numar, 9
Farmacii, Proprietate privata, Bacau, 22166 ORAS DARMANESTI, Anul 2024, Numar, 2
Farmacii, Proprietate privata, Bacau, 20910 ORAS SLANIC-MOLDOVA, Anul 2024, Numar, 1
Farmacii, Proprietate privata, Bacau, 20965 ORAS TARGU OCNA, Anul 2024, Numar, 4
Farmacii, Proprietate privata, Bacau, 21007 AGAS, Anul 2024, Numar, 2
Farmacii, Proprietate privata, Bacau, 21098 ARDEOANI, Anul 2024, Numar, 0
Farmacii, Proprietate privata, Bacau, 21123 ASAU, Anul 2024, Numar, 1
Farmacii, Proprietate privata, Bacau, 21196 BALCANI, Anul 2024, Numar, 1
Farmacii, Proprietate privata, Bacau, 21454 BARSANESTI, Anul 2024, Numar, 0
Farmacii, Proprietate privata, Bacau, 21249 BERESTI-BISTRITA, Anul 2024, Numar, 0
Farmacii, Proprietate privata, Bacau, 21338 BERESTI-TAZLAU, Anul 2024, Numar, 0
Farmacii, Proprietate privata, Bacau, 21418 BERZUNTI, Anul 2024, Numar, 0
Farmacii, Proprietate privata, Bacau, 21506 BLAGESTI, Anul 2024, Numar, 1
Farmacii, Proprietate privata, Bacau, 21560 BOGDANESTI, Anul 2024, Numar, 0
Farmacii, Proprietate privata, Bacau, 21597 BRUSTUROASA, Anul 2024, Numar, 0
Farmacii, Proprietate privata, Bacau, 26338 BUCIUMI, Anul 2024, Numar, 0
Farmacii, Proprietate privata, Bacau, 21668 BUHOCI, Anul 2024, Numar, 0
Farmacii, Proprietate privata, Bacau, 21757 CAIUTI, Anul 2024, Numar, 2
Farmacii, Proprietate privata, Bacau, 21720 CASIN, Anul 2024, Numar, 2
Farmacii, Proprietate privata, Bacau, 21855 CLEJA, Anul 2024, Numar, 0
Farmacii, Proprietate privata, Bacau, 21891 COLONESTI, Anul 2024, Numar, 1
Farmacii, Proprietate privata, Bacau, 21971 CORBASCA, Anul 2024, Numar, 0
Farmacii, Proprietate privata, Bacau, 22059 COTOFANESTI, Anul 2024, Numar, 0
Farmacii, Proprietate privata, Bacau, 22111 DAMIENESTI, Anul 2024, Numar, 0
Farmacii, Proprietate privata, Bacau, 22237 DEALU MORII, Anul 2024, Numar, 0
Farmacii, Proprietate privata, Bacau, 22380 DOFTEANA, Anul 2024, Numar, 2
Farmacii, Proprietate privata, Bacau, 22460 FARAOANI, Anul 2024, Numar, 1
Farmacii, Proprietate privata, Bacau, 22488 FILIPENI, Anul 2024, Numar, 1
Farmacii, Proprietate privata, Bacau, 22576 FILIPESTI, Anul 2024, Numar, 1
Farmacii, Proprietate privata, Bacau, 22665 GAICEANA, Anul 2024, Numar, 0
Farmacii, Proprietate privata, Bacau, 22781 GARLENI, Anul 2024, Numar, 2
Farmacii, Proprietate privata, Bacau, 22718 GHIMES-FAGET, Anul 2024, Numar, 0
Farmacii, Proprietate privata, Bacau, 26346 GIOSENI, Anul 2024, Numar, 0
Farmacii, Proprietate privata, Bacau, 22834 GLAVANESTI, Anul 2024, Numar, 0
Farmacii, Proprietate privata, Bacau, 20607 GURA VAII, Anul 2024, Numar, 0
Farmacii, Proprietate privata, Bacau, 22898 HELEGIU, Anul 2024, Numar, 1
Farmacii, Proprietate privata, Bacau, 20313 HEMEIUS, Anul 2024, Numar, 1
Farmacii, Proprietate privata, Bacau, 22941 HORGESTI, Anul 2024, Numar, 1
Farmacii, Proprietate privata, Bacau, 23047 HURUIESTI, Anul 2024, Numar, 0
Farmacii, Proprietate privata, Bacau, 26379 ITESTI, Anul 2024, Numar, 0
Farmacii, Proprietate privata, Bacau, 23127 IZVORU BERHECIULUI, Anul 2024, Numar, 0
Farmacii, Proprietate privata, Bacau, 20359 LETEA VECHE, Anul 2024, Numar, 0
Farmacii, Proprietate privata, Bacau, 23207 LIPOVA, Anul 2024, Numar, 0
Farmacii, Proprietate privata, Bacau, 23289 LIVEZI, Anul 2024, Numar, 2
Farmacii, Proprietate privata, Bacau, 23350 LUIZI-CALUGARA, Anul 2024, Numar, 1
Farmacii, Proprietate privata, Bacau, 23387 MAGIRESTI, Anul 2024, Numar, 0
Farmacii, Proprietate privata, Bacau, 20411 MAGURA, Anul 2024, Numar, 1
Farmacii, Proprietate privata, Bacau, 23449 MANASTIREA CASIN, Anul 2024, Numar, 0
Farmacii, Proprietate privata, Bacau, 20466 MARGINENI, Anul 2024, Numar, 0
Farmacii, Proprietate privata, Bacau, 23494 MOTOSENI, Anul 2024, Numar, 1
Farmacii, Proprietate privata, Bacau, 23644 NEGRI, Anul 2024, Numar, 1
Farmacii, Proprietate privata, Bacau, 23715 NICOLAE BALCESCU, Anul 2024, Numar, 1
Farmacii, Proprietate privata, Bacau, 26353 ODOBESTI, Anul 2024, Numar, 0
Farmacii, Proprietate privata, Bacau, 23797 OITUZ, Anul 2024, Numar, 4
Farmacii, Proprietate privata, Bacau, 23868 ONCESTI, Anul 2024, Numar, 0
Farmacii, Proprietate privata, Bacau, 23948 ORBENI, Anul 2024, Numar, 1
Farmacii, Proprietate privata, Bacau, 23975 PALANCA, Anul 2024, Numar, 0
Farmacii, Proprietate privata, Bacau, 24187 PANCESTI, Anul 2024, Numar, 3
Farmacii, Proprietate privata, Bacau, 24034 PARAVA, Anul 2024, Numar, 0
Farmacii, Proprietate privata, Bacau, 24276 PARGARESTI, Anul 2024, Numar, 0
Farmacii, Proprietate privata, Bacau, 24089 PARINCEA, Anul 2024, Numar, 0
Farmacii, Proprietate privata, Bacau, 24338 PARJOL, Anul 2024, Numar, 0
Farmacii, Proprietate privata, Bacau, 24427 PLOPANA, Anul 2024, Numar, 0
Farmacii, Proprietate privata, Bacau, 24524 PODU TURCULUI, Anul 2024, Numar, 5
Farmacii, Proprietate privata, Bacau, 24631 PODURI, Anul 2024, Numar, 0
Farmacii, Proprietate privata, Bacau, 26361 PRAJESTI, Anul 2024, Numar, 1
Farmacii, Proprietate privata, Bacau, 24766 RACACIUNI, Anul 2024, Numar, 2
Farmacii, Proprietate privata, Bacau, 24837 RACHITOASA, Anul 2024, Numar, 1
Farmacii, Proprietate privata, Bacau, 24711 RACOVA, Anul 2024, Numar, 0
Farmacii, Proprietate privata, Bacau, 24999 ROSIORI, Anul 2024, Numar, 1
Farmacii, Proprietate privata, Bacau, 25148 SANDULENI, Anul 2024, Numar, 1
Farmacii, Proprietate privata, Bacau, 26320 SARATA, Anul 2024, Numar, 0
Farmacii, Proprietate privata, Bacau, 25068 SASCUT, Anul 2024, Numar, 3
Farmacii, Proprietate privata, Bacau, 25228 SAUCESTI, Anul 2024, Numar, 1
Farmacii, Proprietate privata, Bacau, 25291 SCORTENI, Anul 2024, Numar, 0
Farmacii, Proprietate privata, Bacau, 25362 SECUIENI, Anul 2024, Numar, 0
Farmacii, Proprietate privata, Bacau, 25488 SOLONT, Anul 2024, Numar, 0
Farmacii, Proprietate privata, Bacau, 25521 STANISESTI, Anul 2024, Numar, 1
Farmacii, Proprietate privata, Bacau, 20670 STEFAN CEL MARE, Anul 2024, Numar, 0
Farmacii, Proprietate privata, Bacau, 25629 STRUGARI, Anul 2024, Numar, 0
Farmacii, Proprietate privata, Bacau, 25692 TAMASI, Anul 2024, Numar, 1
Farmacii, Proprietate privata, Bacau, 25825 TARGU TROTUS, Anul 2024, Numar, 1
Farmacii, Proprietate privata, Bacau, 25745 TATARASTI, Anul 2024, Numar, 0
Farmacii, Proprietate privata, Bacau, 25861 TRAIAN, Anul 2024, Numar, 1
Farmacii, Proprietate privata, Bacau, 25932 UNGURENI, Anul 2024, Numar, 0
Farmacii, Proprietate privata, Bacau, 26029 URECHESTI, Anul 2024, Numar, 0
Farmacii, Proprietate privata, Bacau, 26083 VALEA SEACA, Anul 2024, Numar, 0
Farmacii, Proprietate privata, Bacau, 26118 VULTURENI, Anul 2024, Numar, 1
Farmacii, Proprietate privata, Bacau, 26289 ZEMES, Anul 2024, Numar, 1
Puncte farmaceutice, Proprietate publica, Bacau, 20297 MUNICIPIUL BACAU, Anul 2024, Numar, 1
Puncte farmaceutice, Proprietate publica, Bacau, 20876 MUNICIPIUL MOINESTI, Anul 2024, Numar, 0
Puncte farmaceutice, Proprietate publica, Bacau, 20563 MUNICIPIUL ONESTI, Anul 2024, Numar, 0
Puncte farmaceutice, Proprietate publica, Bacau, 20778 ORAS BUHUSI, Anul 2024, Numar, 0
Puncte farmaceutice, Proprietate publica, Bacau, 20821 ORAS COMANESTI, Anul 2024, Numar, 0
Puncte farmaceutice, Proprietate publica, Bacau, 22166 ORAS DARMANESTI, Anul 2024, Numar, 0
Puncte farmaceutice, Proprietate publica, Bacau, 20910 ORAS SLANIC-MOLDOVA, Anul 2024, Numar, 0
Puncte farmaceutice, Proprietate publica, Bacau, 20965 ORAS TARGU OCNA, Anul 2024, Numar, 0
Puncte farmaceutice, Proprietate publica, Bacau, 21007 AGAS, Anul 2024, Numar, 0
Puncte farmaceutice, Proprietate publica, Bacau, 21098 ARDEOANI, Anul 2024, Numar, 0
Puncte farmaceutice, Proprietate publica, Bacau, 21123 ASAU, Anul 2024, Numar, 0
Puncte farmaceutice, Proprietate publica, Bacau, 21196 BALCANI, Anul 2024, Numar, 0
Puncte farmaceutice, Proprietate publica, Bacau, 21454 BARSANESTI, Anul 2024, Numar, 0
Puncte farmaceutice, Proprietate publica, Bacau, 21249 BERESTI-BISTRITA, Anul 2024, Numar, 0
Puncte farmaceutice, Proprietate publica, Bacau, 21338 BERESTI-TAZLAU, Anul 2024, Numar, 0
Puncte farmaceutice, Proprietate publica, Bacau, 21418 BERZUNTI, Anul 2024, Numar, 0
Puncte farmaceutice, Proprietate publica, Bacau, 21506 BLAGESTI, Anul 2024, Numar, 0
Puncte farmaceutice, Proprietate publica, Bacau, 21560 BOGDANESTI, Anul 2024, Numar, 0
Puncte farmaceutice, Proprietate publica, Bacau, 21597 BRUSTUROASA, Anul 2024, Numar, 0
Puncte farmaceutice, Proprietate publica, Bacau, 26338 BUCIUMI, Anul 2024, Numar, 0
Puncte farmaceutice, Proprietate publica, Bacau, 21668 BUHOCI, Anul 2024, Numar, 0
Puncte farmaceutice, Proprietate publica, Bacau, 21757 CAIUTI, Anul 2024, Numar, 0
Puncte farmaceutice, Proprietate publica, Bacau, 21720 CASIN, Anul 2024, Numar, 0
Puncte farmaceutice, Proprietate publica, Bacau, 21855 CLEJA, Anul 2024, Numar, 0
Puncte farmaceutice, Proprietate publica, Bacau, 21891 COLONESTI, Anul 2024, Numar, 0
Puncte farmaceutice, Proprietate publica, Bacau, 21971 CORBASCA, Anul 2024, Numar, 0
Puncte farmaceutice, Proprietate publica, Bacau, 22059 COTOFANESTI, Anul 2024, Numar, 0
Puncte farmaceutice, Proprietate publica, Bacau, 22111 DAMIENESTI, Anul 2024, Numar, 0
Puncte farmaceutice, Proprietate publica, Bacau, 22237 DEALU MORII, Anul 2024, Numar, 0
Puncte farmaceutice, Proprietate publica, Bacau, 22380 DOFTEANA, Anul 2024, Numar, 0
Puncte farmaceutice, Proprietate publica, Bacau, 22460 FARAOANI, Anul 2024, Numar, 0
Puncte farmaceutice, Proprietate publica, Bacau, 22488 FILIPENI, Anul 2024, Numar, 0
Puncte farmaceutice, Proprietate publica, Bacau, 22576 FILIPESTI, Anul 2024, Numar, 0
Puncte farmaceutice, Proprietate publica, Bacau, 22665 GAICEANA, Anul 2024, Numar, 0
Puncte farmaceutice, Proprietate publica, Bacau, 22781 GARLENI, Anul 2024, Numar, 0
Puncte farmaceutice, Proprietate publica, Bacau, 22718 GHIMES-FAGET, Anul 2024, Numar, 0
Puncte farmaceutice, Proprietate publica, Bacau, 26346 GIOSENI, Anul 2024, Numar, 0
Puncte farmaceutice, Proprietate publica, Bacau, 22834 GLAVANESTI, Anul 2024, Numar, 0
Puncte farmaceutice, Proprietate publica, Bacau, 20607 GURA VAII, Anul 2024, Numar, 0
Puncte farmaceutice, Proprietate publica, Bacau, 22898 HELEGIU, Anul 2024, Numar, 0
Puncte farmaceutice, Proprietate publica, Bacau, 20313 HEMEIUS, Anul 2024, Numar, 0
Puncte farmaceutice, Proprietate publica, Bacau, 22941 HORGESTI, Anul 2024, Numar, 0
Puncte farmaceutice, Proprietate publica, Bacau, 23047 HURUIESTI, Anul 2024, Numar, 0
Puncte farmaceutice, Proprietate publica, Bacau, 26379 ITESTI, Anul 2024, Numar, 0
Puncte farmaceutice, Proprietate publica, Bacau, 23127 IZVORU BERHECIULUI, Anul 2024, Numar, 0
Puncte farmaceutice, Proprietate publica, Bacau, 20359 LETEA VECHE, Anul 2024, Numar, 0
Puncte farmaceutice, Proprietate publica, Bacau, 23207 LIPOVA, Anul 2024, Numar, 0
Puncte farmaceutice, Proprietate publica, Bacau, 23289 LIVEZI, Anul 2024, Numar, 0
Puncte farmaceutice, Proprietate publica, Bacau, 23350 LUIZI-CALUGARA, Anul 2024, Numar, 0
Puncte farmaceutice, Proprietate publica, Bacau, 23387 MAGIRESTI, Anul 2024, Numar, 0
Puncte farmaceutice, Proprietate publica, Bacau, 20411 MAGURA, Anul 2024, Numar, 0
Puncte farmaceutice, Proprietate publica, Bacau, 23449 MANASTIREA CASIN, Anul 2024, Numar, 0
Puncte farmaceutice, Proprietate publica, Bacau, 20466 MARGINENI, Anul 2024, Numar, 0
Puncte farmaceutice, Proprietate publica, Bacau, 23494 MOTOSENI, Anul 2024, Numar, 0
Puncte farmaceutice, Proprietate publica, Bacau, 23644 NEGRI, Anul 2024, Numar, 0
Puncte farmaceutice, Proprietate publica, Bacau, 23715 NICOLAE BALCESCU, Anul 2024, Numar, 0
Puncte farmaceutice, Proprietate publica, Bacau, 26353 ODOBESTI, Anul 2024, Numar, 0
Puncte farmaceutice, Proprietate publica, Bacau, 23797 OITUZ, Anul 2024, Numar, 0
Puncte farmaceutice, Proprietate publica, Bacau, 23868 ONCESTI, Anul 2024, Numar, 0
Puncte farmaceutice, Proprietate publica, Bacau, 23948 ORBENI, Anul 2024, Numar, 0
Puncte farmaceutice, Proprietate publica, Bacau, 23975 PALANCA, Anul 2024, Numar, 0
Puncte farmaceutice, Proprietate publica, Bacau, 24187 PANCESTI, Anul 2024, Numar, 0
Puncte farmaceutice, Proprietate publica, Bacau, 24034 PARAVA, Anul 2024, Numar, 0
Puncte farmaceutice, Proprietate publica, Bacau, 24276 PARGARESTI, Anul 2024, Numar, 0
Puncte farmaceutice, Proprietate publica, Bacau, 24089 PARINCEA, Anul 2024, Numar, 0
Puncte farmaceutice, Proprietate publica, Bacau, 24338 PARJOL, Anul 2024, Numar, 0
Puncte farmaceutice, Proprietate publica, Bacau, 24427 PLOPANA, Anul 2024, Numar, 0
Puncte farmaceutice, Proprietate publica, Bacau, 24524 PODU TURCULUI, Anul 2024, Numar, 0
Puncte farmaceutice, Proprietate publica, Bacau, 24631 PODURI, Anul 2024, Numar, 0
Puncte farmaceutice, Proprietate publica, Bacau, 26361 PRAJESTI, Anul 2024, Numar, 0
Puncte farmaceutice, Proprietate publica, Bacau, 24766 RACACIUNI, Anul 2024, Numar, 0
Puncte farmaceutice, Proprietate publica, Bacau, 24837 RACHITOASA, Anul 2024, Numar, 0
Puncte farmaceutice, Proprietate publica, Bacau, 24711 RACOVA, Anul 2024, Numar, 0
Puncte farmaceutice, Proprietate publica, Bacau, 24999 ROSIORI, Anul 2024, Numar, 0
Puncte farmaceutice, Proprietate publica, Bacau, 25148 SANDULENI, Anul 2024, Numar, 0
Puncte farmaceutice, Proprietate publica, Bacau, 26320 SARATA, Anul 2024, Numar, 0
Puncte farmaceutice, Proprietate publica, Bacau, 25068 SASCUT, Anul 2024, Numar, 0
Puncte farmaceutice, Proprietate publica, Bacau, 25228 SAUCESTI, Anul 2024, Numar, 0
Puncte farmaceutice, Proprietate publica, Bacau, 25291 SCORTENI, Anul 2024, Numar, 0
Puncte farmaceutice, Proprietate publica, Bacau, 25362 SECUIENI, Anul 2024, Numar, 0
Puncte farmaceutice, Proprietate publica, Bacau, 25488 SOLONT, Anul 2024, Numar, 0
Puncte farmaceutice, Proprietate publica, Bacau, 25521 STANISESTI, Anul 2024, Numar, 0
Puncte farmaceutice, Proprietate publica, Bacau, 20670 STEFAN CEL MARE, Anul 2024, Numar, 0
Puncte farmaceutice, Proprietate publica, Bacau, 25629 STRUGARI, Anul 2024, Numar, 0
Puncte farmaceutice, Proprietate publica, Bacau, 25692 TAMASI, Anul 2024, Numar, 0
Puncte farmaceutice, Proprietate publica, Bacau, 25825 TARGU TROTUS, Anul 2024, Numar, 0
Puncte farmaceutice, Proprietate publica, Bacau, 25745 TATARASTI, Anul 2024, Numar, 0
Puncte farmaceutice, Proprietate publica, Bacau, 25861 TRAIAN, Anul 2024, Numar, 0
Puncte farmaceutice, Proprietate publica, Bacau, 25932 UNGURENI, Anul 2024, Numar, 0
Puncte farmaceutice, Proprietate publica, Bacau, 26029 URECHESTI, Anul 2024, Numar, 0
Puncte farmaceutice, Proprietate publica, Bacau, 26083 VALEA SEACA, Anul 2024, Numar, 0
Puncte farmaceutice, Proprietate publica, Bacau, 26118 VULTURENI, Anul 2024, Numar, 0
Puncte farmaceutice, Proprietate publica, Bacau, 26289 ZEMES, Anul 2024, Numar, 0
Puncte farmaceutice, Proprietate privata, Bacau, 20297 MUNICIPIUL BACAU, Anul 2024, Numar, 7
Puncte farmaceutice, Proprietate privata, Bacau, 20876 MUNICIPIUL MOINESTI, Anul 2024, Numar, 4
Puncte farmaceutice, Proprietate privata, Bacau, 20563 MUNICIPIUL ONESTI, Anul 2024, Numar, 1
Puncte farmaceutice, Proprietate privata, Bacau, 20778 ORAS BUHUSI, Anul 2024, Numar, 1
Puncte farmaceutice, Proprietate privata, Bacau, 20821 ORAS COMANESTI, Anul 2024, Numar, 3
Puncte farmaceutice, Proprietate privata, Bacau, 22166 ORAS DARMANESTI, Anul 2024, Numar, 1
Puncte farmaceutice, Proprietate privata, Bacau, 20910 ORAS SLANIC-MOLDOVA, Anul 2024, Numar, 0
Puncte farmaceutice, Proprietate privata, Bacau, 20965 ORAS TARGU OCNA, Anul 2024, Numar, 1
Puncte farmaceutice, Proprietate privata, Bacau, 21007 AGAS, Anul 2024, Numar, 0
Puncte farmaceutice, Proprietate privata, Bacau, 21098 ARDEOANI, Anul 2024, Numar, 1
Puncte farmaceutice, Proprietate privata, Bacau, 21123 ASAU, Anul 2024, Numar, 0
Puncte farmaceutice, Proprietate privata, Bacau, 21196 BALCANI, Anul 2024, Numar, 0
Puncte farmaceutice, Proprietate privata, Bacau, 21454 BARSANESTI, Anul 2024, Numar, 1
Puncte farmaceutice, Proprietate privata, Bacau, 21249 BERESTI-BISTRITA, Anul 2024, Numar, 1
Puncte farmaceutice, Proprietate privata, Bacau, 21338 BERESTI-TAZLAU, Anul 2024, Numar, 1
Puncte farmaceutice, Proprietate privata, Bacau, 21418 BERZUNTI, Anul 2024, Numar, 1
Puncte farmaceutice, Proprietate privata, Bacau, 21506 BLAGESTI, Anul 2024, Numar, 0
Puncte farmaceutice, Proprietate privata, Bacau, 21560 BOGDANESTI, Anul 2024, Numar, 1
Puncte farmaceutice, Proprietate privata, Bacau, 21597 BRUSTUROASA, Anul 2024, Numar, 0
Puncte farmaceutice, Proprietate privata, Bacau, 26338 BUCIUMI, Anul 2024, Numar, 1
Puncte farmaceutice, Proprietate privata, Bacau, 21668 BUHOCI, Anul 2024, Numar, 0
Puncte farmaceutice, Proprietate privata, Bacau, 21757 CAIUTI, Anul 2024, Numar, 1
Puncte farmaceutice, Proprietate privata, Bacau, 21720 CASIN, Anul 2024, Numar, 0
Puncte farmaceutice, Proprietate privata, Bacau, 21855 CLEJA, Anul 2024, Numar, 0
Puncte farmaceutice, Proprietate privata, Bacau, 21891 COLONESTI, Anul 2024, Numar, 0
Puncte farmaceutice, Proprietate privata, Bacau, 21971 CORBASCA, Anul 2024, Numar, 0
Puncte farmaceutice, Proprietate privata, Bacau, 22059 COTOFANESTI, Anul 2024, Numar, 2
Puncte farmaceutice, Proprietate privata, Bacau, 22111 DAMIENESTI, Anul 2024, Numar, 0
Puncte farmaceutice, Proprietate privata, Bacau, 22237 DEALU MORII, Anul 2024, Numar, 0
Puncte farmaceutice, Proprietate privata, Bacau, 22380 DOFTEANA, Anul 2024, Numar, 0
Puncte farmaceutice, Proprietate privata, Bacau, 22460 FARAOANI, Anul 2024, Numar, 1
Puncte farmaceutice, Proprietate privata, Bacau, 22488 FILIPENI, Anul 2024, Numar, 0
Puncte farmaceutice, Proprietate privata, Bacau, 22576 FILIPESTI, Anul 2024, Numar, 1
Puncte farmaceutice, Proprietate privata, Bacau, 22665 GAICEANA, Anul 2024, Numar, 0
Puncte farmaceutice, Proprietate privata, Bacau, 22781 GARLENI, Anul 2024, Numar, 0
Puncte farmaceutice, Proprietate privata, Bacau, 22718 GHIMES-FAGET, Anul 2024, Numar, 1
Puncte farmaceutice, Proprietate privata, Bacau, 26346 GIOSENI, Anul 2024, Numar, 1
Puncte farmaceutice, Proprietate privata, Bacau, 22834 GLAVANESTI, Anul 2024, Numar, 0
Puncte farmaceutice, Proprietate privata, Bacau, 20607 GURA VAII, Anul 2024, Numar, 1
Puncte farmaceutice, Proprietate privata, Bacau, 22898 HELEGIU, Anul 2024, Numar, 1
Puncte farmaceutice, Proprietate privata, Bacau, 20313 HEMEIUS, Anul 2024, Numar, 0
Puncte farmaceutice, Proprietate privata, Bacau, 22941 HORGESTI, Anul 2024, Numar, 0
Puncte farmaceutice, Proprietate privata, Bacau, 23047 HURUIESTI, Anul 2024, Numar, 1
Puncte farmaceutice, Proprietate privata, Bacau, 26379 ITESTI, Anul 2024, Numar, 0
Puncte farmaceutice, Proprietate privata, Bacau, 23127 IZVORU BERHECIULUI, Anul 2024, Numar, 0
Puncte farmaceutice, Proprietate privata, Bacau, 20359 LETEA VECHE, Anul 2024, Numar, 0
Puncte farmaceutice, Proprietate privata, Bacau, 23207 LIPOVA, Anul 2024, Numar, 1
Puncte farmaceutice, Proprietate privata, Bacau, 23289 LIVEZI, Anul 2024, Numar, 0
Puncte farmaceutice, Proprietate privata, Bacau, 23350 LUIZI-CALUGARA, Anul 2024, Numar, 0
Puncte farmaceutice, Proprietate privata, Bacau, 23387 MAGIRESTI, Anul 2024, Numar, 1
Puncte farmaceutice, Proprietate privata, Bacau, 20411 MAGURA, Anul 2024, Numar, 0
Puncte farmaceutice, Proprietate privata, Bacau, 23449 MANASTIREA CASIN, Anul 2024, Numar, 1
Puncte farmaceutice, Proprietate privata, Bacau, 20466 MARGINENI, Anul 2024, Numar, 1
Puncte farmaceutice, Proprietate privata, Bacau, 23494 MOTOSENI, Anul 2024, Numar, 0
Puncte farmaceutice, Proprietate privata, Bacau, 23644 NEGRI, Anul 2024, Numar, 0
Puncte farmaceutice, Proprietate privata, Bacau, 23715 NICOLAE BALCESCU, Anul 2024, Numar, 0
Puncte farmaceutice, Proprietate privata, Bacau, 26353 ODOBESTI, Anul 2024, Numar, 0
Puncte farmaceutice, Proprietate privata, Bacau, 23797 OITUZ, Anul 2024, Numar, 0
Puncte farmaceutice, Proprietate privata, Bacau, 23868 ONCESTI, Anul 2024, Numar, 0
Puncte farmaceutice, Proprietate privata, Bacau, 23948 ORBENI, Anul 2024, Numar, 2
Puncte farmaceutice, Proprietate privata, Bacau, 23975 PALANCA, Anul 2024, Numar, 2
Puncte farmaceutice, Proprietate privata, Bacau, 24187 PANCESTI, Anul 2024, Numar, 1
Puncte farmaceutice, Proprietate privata, Bacau, 24034 PARAVA, Anul 2024, Numar, 0
Puncte farmaceutice, Proprietate privata, Bacau, 24276 PARGARESTI, Anul 2024, Numar, 1
Puncte farmaceutice, Proprietate privata, Bacau, 24089 PARINCEA, Anul 2024, Numar, 0
Puncte farmaceutice, Proprietate privata, Bacau, 24338 PARJOL, Anul 2024, Numar, 1
Puncte farmaceutice, Proprietate privata, Bacau, 24427 PLOPANA, Anul 2024, Numar, 1
Puncte farmaceutice, Proprietate privata, Bacau, 24524 PODU TURCULUI, Anul 2024, Numar, 0
Puncte farmaceutice, Proprietate privata, Bacau, 24631 PODURI, Anul 2024, Numar, 1
Puncte farmaceutice, Proprietate privata, Bacau, 26361 PRAJESTI, Anul 2024, Numar, 0
Puncte farmaceutice, Proprietate privata, Bacau, 24766 RACACIUNI, Anul 2024, Numar, 0
Puncte farmaceutice, Proprietate privata, Bacau, 24837 RACHITOASA, Anul 2024, Numar, 0
Puncte farmaceutice, Proprietate privata, Bacau, 24711 RACOVA, Anul 2024, Numar, 0
Puncte farmaceutice, Proprietate privata, Bacau, 24999 ROSIORI, Anul 2024, Numar, 0
Puncte farmaceutice, Proprietate privata, Bacau, 25148 SANDULENI, Anul 2024, Numar, 0
Puncte farmaceutice, Proprietate privata, Bacau, 26320 SARATA, Anul 2024, Numar, 0
Puncte farmaceutice, Proprietate privata, Bacau, 25068 SASCUT, Anul 2024, Numar, 0
Puncte farmaceutice, Proprietate privata, Bacau, 25228 SAUCESTI, Anul 2024, Numar, 1
Puncte farmaceutice, Proprietate privata, Bacau, 25291 SCORTENI, Anul 2024, Numar, 1
Puncte farmaceutice, Proprietate privata, Bacau, 25362 SECUIENI, Anul 2024, Numar, 1
Puncte farmaceutice, Proprietate privata, Bacau, 25488 SOLONT, Anul 2024, Numar, 1
Puncte farmaceutice, Proprietate privata, Bacau, 25521 STANISESTI, Anul 2024, Numar, 0
Puncte farmaceutice, Proprietate privata, Bacau, 20670 STEFAN CEL MARE, Anul 2024, Numar, 1
Puncte farmaceutice, Proprietate privata, Bacau, 25629 STRUGARI, Anul 2024, Numar, 0
Puncte farmaceutice, Proprietate privata, Bacau, 25692 TAMASI, Anul 2024, Numar, 0
Puncte farmaceutice, Proprietate privata, Bacau, 25825 TARGU TROTUS, Anul 2024, Numar, 1
Puncte farmaceutice, Proprietate privata, Bacau, 25745 TATARASTI, Anul 2024, Numar, 0
Puncte farmaceutice, Proprietate privata, Bacau, 25861 TRAIAN, Anul 2024, Numar, 0
Puncte farmaceutice, Proprietate privata, Bacau, 25932 UNGURENI, Anul 2024, Numar, 0
Puncte farmaceutice, Proprietate privata, Bacau, 26029 URECHESTI, Anul 2024, Numar, 1
Puncte farmaceutice, Proprietate privata, Bacau, 26083 VALEA SEACA, Anul 2024, Numar, 0
Puncte farmaceutice, Proprietate privata, Bacau, 26118 VULTURENI, Anul 2024, Numar, 0
Puncte farmaceutice, Proprietate privata, Bacau, 26289 ZEMES, Anul 2024, Numar, 0
Depozite farmaceutice, Proprietate publica, Bacau, 20297 MUNICIPIUL BACAU, Anul 2024, Numar, 0
Depozite farmaceutice, Proprietate publica, Bacau, 20876 MUNICIPIUL MOINESTI, Anul 2024, Numar, 0
Depozite farmaceutice, Proprietate publica, Bacau, 20563 MUNICIPIUL ONESTI, Anul 2024, Numar, 0
Depozite farmaceutice, Proprietate publica, Bacau, 20821 ORAS COMANESTI, Anul 2024, Numar, 0
Depozite farmaceutice, Proprietate publica, Bacau, 22166 ORAS DARMANESTI, Anul 2024, Numar, 0
Depozite farmaceutice, Proprietate publica, Bacau, 20910 ORAS SLANIC-MOLDOVA, Anul 2024, Numar, 0
Depozite farmaceutice, Proprietate publica, Bacau, 20965 ORAS TARGU OCNA, Anul 2024, Numar, 0
Depozite farmaceutice, Proprietate publica, Bacau, 21007 AGAS, Anul 2024, Numar, 0
Depozite farmaceutice, Proprietate publica, Bacau, 21098 ARDEOANI, Anul 2024, Numar, 0
Depozite farmaceutice, Proprietate publica, Bacau, 21123 ASAU, Anul 2024, Numar, 0
Depozite farmaceutice, Proprietate publica, Bacau, 21196 BALCANI, Anul 2024, Numar, 0
Depozite farmaceutice, Proprietate publica, Bacau, 21454 BARSANESTI, Anul 2024, Numar, 0
Depozite farmaceutice, Proprietate publica, Bacau, 21249 BERESTI-BISTRITA, Anul 2024, Numar, 0
Depozite farmaceutice, Proprietate publica, Bacau, 21338 BERESTI-TAZLAU, Anul 2024, Numar, 0
Depozite farmaceutice, Proprietate publica, Bacau, 21418 BERZUNTI, Anul 2024, Numar, 0
Depozite farmaceutice, Proprietate publica, Bacau, 21506 BLAGESTI, Anul 2024, Numar, 0
Depozite farmaceutice, Proprietate publica, Bacau, 21560 BOGDANESTI, Anul 2024, Numar, 0
Depozite farmaceutice, Proprietate publica, Bacau, 21597 BRUSTUROASA, Anul 2024, Numar, 0
Depozite farmaceutice, Proprietate publica, Bacau, 26338 BUCIUMI, Anul 2024, Numar, 0
Depozite farmaceutice, Proprietate publica, Bacau, 21668 BUHOCI, Anul 2024, Numar, 0
Depozite farmaceutice, Proprietate publica, Bacau, 21757 CAIUTI, Anul 2024, Numar, 0
Depozite farmaceutice, Proprietate publica, Bacau, 21720 CASIN, Anul 2024, Numar, 0
Depozite farmaceutice, Proprietate publica, Bacau, 21855 CLEJA, Anul 2024, Numar, 0
Depozite farmaceutice, Proprietate publica, Bacau, 21891 COLONESTI, Anul 2024, Numar, 0
Depozite farmaceutice, Proprietate publica, Bacau, 21971 CORBASCA, Anul 2024, Numar, 0
Depozite farmaceutice, Proprietate publica, Bacau, 22059 COTOFANESTI, Anul 2024, Numar, 0
Depozite farmaceutice, Proprietate publica, Bacau, 22111 DAMIENESTI, Anul 2024, Numar, 0
Depozite farmaceutice, Proprietate publica, Bacau, 22237 DEALU MORII, Anul 2024, Numar, 0
Depozite farmaceutice, Proprietate publica, Bacau, 22380 DOFTEANA, Anul 2024, Numar, 0
Depozite farmaceutice, Proprietate publica, Bacau, 22460 FARAOANI, Anul 2024, Numar, 0
Depozite farmaceutice, Proprietate publica, Bacau, 22488 FILIPENI, Anul 2024, Numar, 0
Depozite farmaceutice, Proprietate publica, Bacau, 22576 FILIPESTI, Anul 2024, Numar, 0
Depozite farmaceutice, Proprietate publica, Bacau, 22665 GAICEANA, Anul 2024, Numar, 0
Depozite farmaceutice, Proprietate publica, Bacau, 22781 GARLENI, Anul 2024, Numar, 0
Depozite farmaceutice, Proprietate publica, Bacau, 22718 GHIMES-FAGET, Anul 2024, Numar, 0
Depozite farmaceutice, Proprietate publica, Bacau, 26346 GIOSENI, Anul 2024, Numar, 0
Depozite farmaceutice, Proprietate publica, Bacau, 22834 GLAVANESTI, Anul 2024, Numar, 0
Depozite farmaceutice, Proprietate publica, Bacau, 20607 GURA VAII, Anul 2024, Numar, 0
Depozite farmaceutice, Proprietate publica, Bacau, 22898 HELEGIU, Anul 2024, Numar, 0
Depozite farmaceutice, Proprietate publica, Bacau, 20313 HEMEIUS, Anul 2024, Numar, 0
Depozite farmaceutice, Proprietate publica, Bacau, 22941 HORGESTI, Anul 2024, Numar, 0
Depozite farmaceutice, Proprietate publica, Bacau, 23047 HURUIESTI, Anul 2024, Numar, 0
Depozite farmaceutice, Proprietate publica, Bacau, 26379 ITESTI, Anul 2024, Numar, 0
Depozite farmaceutice, Proprietate publica, Bacau, 23127 IZVORU BERHECIULUI, Anul 2024, Numar, 0
Depozite farmaceutice, Proprietate publica, Bacau, 20359 LETEA VECHE, Anul 2024, Numar, 0
Depozite farmaceutice, Proprietate publica, Bacau, 23207 LIPOVA, Anul 2024, Numar, 0
Depozite farmaceutice, Proprietate publica, Bacau, 23289 LIVEZI, Anul 2024, Numar, 0
Depozite farmaceutice, Proprietate publica, Bacau, 23350 LUIZI-CALUGARA, Anul 2024, Numar, 0
Depozite farmaceutice, Proprietate publica, Bacau, 23387 MAGIRESTI, Anul 2024, Numar, 0
Depozite farmaceutice, Proprietate publica, Bacau, 20411 MAGURA, Anul 2024, Numar, 0
Depozite farmaceutice, Proprietate publica, Bacau, 23449 MANASTIREA CASIN, Anul 2024, Numar, 0
Depozite farmaceutice, Proprietate publica, Bacau, 20466 MARGINENI, Anul 2024, Numar, 0
Depozite farmaceutice, Proprietate publica, Bacau, 23494 MOTOSENI, Anul 2024, Numar, 0
Depozite farmaceutice, Proprietate publica, Bacau, 23644 NEGRI, Anul 2024, Numar, 0
Depozite farmaceutice, Proprietate publica, Bacau, 23715 NICOLAE BALCESCU, Anul 2024, Numar, 0
Depozite farmaceutice, Proprietate publica, Bacau, 26353 ODOBESTI, Anul 2024, Numar, 0
Depozite farmaceutice, Proprietate publica, Bacau, 23797 OITUZ, Anul 2024, Numar, 0
Depozite farmaceutice, Proprietate publica, Bacau, 23868 ONCESTI, Anul 2024, Numar, 0
Depozite farmaceutice, Proprietate publica, Bacau, 23948 ORBENI, Anul 2024, Numar, 0
Depozite farmaceutice, Proprietate publica, Bacau, 23975 PALANCA, Anul 2024, Numar, 0
Depozite farmaceutice, Proprietate publica, Bacau, 24187 PANCESTI, Anul 2024, Numar, 0
Depozite farmaceutice, Proprietate publica, Bacau, 24034 PARAVA, Anul 2024, Numar, 0
Depozite farmaceutice, Proprietate publica, Bacau, 24276 PARGARESTI, Anul 2024, Numar, 0
Depozite farmaceutice, Proprietate publica, Bacau, 24089 PARINCEA, Anul 2024, Numar, 0
Depozite farmaceutice, Proprietate publica, Bacau, 24338 PARJOL, Anul 2024, Numar, 0
Depozite farmaceutice, Proprietate publica, Bacau, 24427 PLOPANA, Anul 2024, Numar, 0
Depozite farmaceutice, Proprietate publica, Bacau, 24524 PODU TURCULUI, Anul 2024, Numar, 0
Depozite farmaceutice, Proprietate publica, Bacau, 24631 PODURI, Anul 2024, Numar, 0
Depozite farmaceutice, Proprietate publica, Bacau, 26361 PRAJESTI, Anul 2024, Numar, 0
Depozite farmaceutice, Proprietate publica, Bacau, 24766 RACACIUNI, Anul 2024, Numar, 0
Depozite farmaceutice, Proprietate publica, Bacau, 24837 RACHITOASA, Anul 2024, Numar, 0
Depozite farmaceutice, Proprietate publica, Bacau, 24711 RACOVA, Anul 2024, Numar, 0
Depozite farmaceutice, Proprietate publica, Bacau, 24999 ROSIORI, Anul 2024, Numar, 0
Depozite farmaceutice, Proprietate publica, Bacau, 25148 SANDULENI, Anul 2024, Numar, 0
Depozite farmaceutice, Proprietate publica, Bacau, 26320 SARATA, Anul 2024, Numar, 0
Depozite farmaceutice, Proprietate publica, Bacau, 25068 SASCUT, Anul 2024, Numar, 0
Depozite farmaceutice, Proprietate publica, Bacau, 25228 SAUCESTI, Anul 2024, Numar, 0
Depozite farmaceutice, Proprietate publica, Bacau, 25291 SCORTENI, Anul 2024, Numar, 0
Depozite farmaceutice, Proprietate publica, Bacau, 25362 SECUIENI, Anul 2024, Numar, 0
Depozite farmaceutice, Proprietate publica, Bacau, 25488 SOLONT, Anul 2024, Numar, 0
Depozite farmaceutice, Proprietate publica, Bacau, 25521 STANISESTI, Anul 2024, Numar, 0
Depozite farmaceutice, Proprietate publica, Bacau, 20670 STEFAN CEL MARE, Anul 2024, Numar, 0
Depozite farmaceutice, Proprietate publica, Bacau, 25629 STRUGARI, Anul 2024, Numar, 0
Depozite farmaceutice, Proprietate publica, Bacau, 25692 TAMASI, Anul 2024, Numar, 0
Depozite farmaceutice, Proprietate publica, Bacau, 25825 TARGU TROTUS, Anul 2024, Numar, 0
Depozite farmaceutice, Proprietate publica, Bacau, 25745 TATARASTI, Anul 2024, Numar, 0
Depozite farmaceutice, Proprietate publica, Bacau, 25861 TRAIAN, Anul 2024, Numar, 0
Depozite farmaceutice, Proprietate publica, Bacau, 25932 UNGURENI, Anul 2024, Numar, 0
Depozite farmaceutice, Proprietate publica, Bacau, 26029 URECHESTI, Anul 2024, Numar, 0
Depozite farmaceutice, Proprietate publica, Bacau, 26083 VALEA SEACA, Anul 2024, Numar, 0
Depozite farmaceutice, Proprietate publica, Bacau, 26118 VULTURENI, Anul 2024, Numar, 0
Depozite farmaceutice, Proprietate publica, Bacau, 26289 ZEMES, Anul 2024, Numar, 0
Depozite farmaceutice, Proprietate privata, Bacau, 20297 MUNICIPIUL BACAU, Anul 2024, Numar, 7
Depozite farmaceutice, Proprietate privata, Bacau, 20876 MUNICIPIUL MOINESTI, Anul 2024, Numar, 0
Depozite farmaceutice, Proprietate privata, Bacau, 20563 MUNICIPIUL ONESTI, Anul 2024, Numar, 0
Depozite farmaceutice, Proprietate privata, Bacau, 20778 ORAS BUHUSI, Anul 2024, Numar, 0
Depozite farmaceutice, Proprietate privata, Bacau, 20821 ORAS COMANESTI, Anul 2024, Numar, 0
Depozite farmaceutice, Proprietate privata, Bacau, 22166 ORAS DARMANESTI, Anul 2024, Numar, 0
Depozite farmaceutice, Proprietate privata, Bacau, 20910 ORAS SLANIC-MOLDOVA, Anul 2024, Numar, 0
Depozite farmaceutice, Proprietate privata, Bacau, 20965 ORAS TARGU OCNA, Anul 2024, Numar, 0
Depozite farmaceutice, Proprietate privata, Bacau, 21007 AGAS, Anul 2024, Numar, 0
Depozite farmaceutice, Proprietate privata, Bacau, 21098 ARDEOANI, Anul 2024, Numar, 0
Depozite farmaceutice, Proprietate privata, Bacau, 21123 ASAU, Anul 2024, Numar, 0
Depozite farmaceutice, Proprietate privata, Bacau, 21196 BALCANI, Anul 2024, Numar, 0
Depozite farmaceutice, Proprietate privata, Bacau, 21454 BARSANESTI, Anul 2024, Numar, 0
Depozite farmaceutice, Proprietate privata, Bacau, 21249 BERESTI-BISTRITA, Anul 2024, Numar, 0
Depozite farmaceutice, Proprietate privata, Bacau, 21338 BERESTI-TAZLAU, Anul 2024, Numar, 0
Depozite farmaceutice, Proprietate privata, Bacau, 21418 BERZUNTI, Anul 2024, Numar, 0
Depozite farmaceutice, Proprietate privata, Bacau, 21506 BLAGESTI, Anul 2024, Numar, 0
Depozite farmaceutice, Proprietate privata, Bacau, 21560 BOGDANESTI, Anul 2024, Numar, 0
Depozite farmaceutice, Proprietate privata, Bacau, 21597 BRUSTUROASA, Anul 2024, Numar, 0
Depozite farmaceutice, Proprietate privata, Bacau, 26338 BUCIUMI, Anul 2024, Numar, 0
Depozite farmaceutice, Proprietate privata, Bacau, 21668 BUHOCI, Anul 2024, Numar, 0
Depozite farmaceutice, Proprietate privata, Bacau, 21757 CAIUTI, Anul 2024, Numar, 0
Depozite farmaceutice, Proprietate privata, Bacau, 21720 CASIN, Anul 2024, Numar, 1
Depozite farmaceutice, Proprietate privata, Bacau, 21855 CLEJA, Anul 2024, Numar, 0
Depozite farmaceutice, Proprietate privata, Bacau, 21891 COLONESTI, Anul 2024, Numar, 0
Depozite farmaceutice, Proprietate privata, Bacau, 21971 CORBASCA, Anul 2024, Numar, 0
Depozite farmaceutice, Proprietate privata, Bacau, 22059 COTOFANESTI, Anul 2024, Numar, 0
Depozite farmaceutice, Proprietate privata, Bacau, 22111 DAMIENESTI, Anul 2024, Numar, 0
Depozite farmaceutice, Proprietate privata, Bacau, 22237 DEALU MORII, Anul 2024, Numar, 0
Depozite farmaceutice, Proprietate privata, Bacau, 22380 DOFTEANA, Anul 2024, Numar, 0
Depozite farmaceutice, Proprietate privata, Bacau, 22460 FARAOANI, Anul 2024, Numar, 0
Depozite farmaceutice, Proprietate privata, Bacau, 22488 FILIPENI, Anul 2024, Numar, 0
Depozite farmaceutice, Proprietate privata, Bacau, 22576 FILIPESTI, Anul 2024, Numar, 0
Depozite farmaceutice, Proprietate privata, Bacau, 22665 GAICEANA, Anul 2024, Numar, 0
Depozite farmaceutice, Proprietate privata, Bacau, 22781 GARLENI, Anul 2024, Numar, 0
Depozite farmaceutice, Proprietate privata, Bacau, 22718 GHIMES-FAGET, Anul 2024, Numar, 0
Depozite farmaceutice, Proprietate privata, Bacau, 26346 GIOSENI, Anul 2024, Numar, 0
Depozite farmaceutice, Proprietate privata, Bacau, 22834 GLAVANESTI, Anul 2024, Numar, 0
Depozite farmaceutice, Proprietate privata, Bacau, 20607 GURA VAII, Anul 2024, Numar, 0
Depozite farmaceutice, Proprietate privata, Bacau, 22898 HELEGIU, Anul 2024, Numar, 0
Depozite farmaceutice, Proprietate privata, Bacau, 20313 HEMEIUS, Anul 2024, Numar, 0
Depozite farmaceutice, Proprietate privata, Bacau, 22941 HORGESTI, Anul 2024, Numar, 0
Depozite farmaceutice, Proprietate privata, Bacau, 23047 HURUIESTI, Anul 2024, Numar, 0
Depozite farmaceutice, Proprietate privata, Bacau, 26379 ITESTI, Anul 2024, Numar, 0
Depozite farmaceutice, Proprietate privata, Bacau, 23127 IZVORU BERHECIULUI, Anul 2024, Numar, 0
Depozite farmaceutice, Proprietate privata, Bacau, 20359 LETEA VECHE, Anul 2024, Numar, 0
Depozite farmaceutice, Proprietate privata, Bacau, 23207 LIPOVA, Anul 2024, Numar, 0
Depozite farmaceutice, Proprietate privata, Bacau, 23289 LIVEZI, Anul 2024, Numar, 0
Depozite farmaceutice, Proprietate privata, Bacau, 23350 LUIZI-CALUGARA, Anul 2024, Numar, 0
Depozite farmaceutice, Proprietate privata, Bacau, 23387 MAGIRESTI, Anul 2024, Numar, 0
Depozite farmaceutice, Proprietate privata, Bacau, 20411 MAGURA, Anul 2024, Numar, 0
Depozite farmaceutice, Proprietate privata, Bacau, 23449 MANASTIREA CASIN, Anul 2024, Numar, 0
Depozite farmaceutice, Proprietate privata, Bacau, 20466 MARGINENI, Anul 2024, Numar, 0
Depozite farmaceutice, Proprietate privata, Bacau, 23494 MOTOSENI, Anul 2024, Numar, 0
Depozite farmaceutice, Proprietate privata, Bacau, 23644 NEGRI, Anul 2024, Numar, 0
Depozite farmaceutice, Proprietate privata, Bacau, 23715 NICOLAE BALCESCU, Anul 2024, Numar, 1
Depozite farmaceutice, Proprietate privata, Bacau, 26353 ODOBESTI, Anul 2024, Numar, 0
Depozite farmaceutice, Proprietate privata, Bacau, 23797 OITUZ, Anul 2024, Numar, 0
Depozite farmaceutice, Proprietate privata, Bacau, 23868 ONCESTI, Anul 2024, Numar, 0
Depozite farmaceutice, Proprietate privata, Bacau, 23948 ORBENI, Anul 2024, Numar, 0
Depozite farmaceutice, Proprietate privata, Bacau, 23975 PALANCA, Anul 2024, Numar, 0
Depozite farmaceutice, Proprietate privata, Bacau, 24187 PANCESTI, Anul 2024, Numar, 0
Depozite farmaceutice, Proprietate privata, Bacau, 24034 PARAVA, Anul 2024, Numar, 0
Depozite farmaceutice, Proprietate privata, Bacau, 24276 PARGARESTI, Anul 2024, Numar, 0
Depozite farmaceutice, Proprietate privata, Bacau, 24089 PARINCEA, Anul 2024, Numar, 0
Depozite farmaceutice, Proprietate privata, Bacau, 24338 PARJOL, Anul 2024, Numar, 0
Depozite farmaceutice, Proprietate privata, Bacau, 24427 PLOPANA, Anul 2024, Numar, 0
Depozite farmaceutice, Proprietate privata, Bacau, 24524 PODU TURCULUI, Anul 2024, Numar, 0
Depozite farmaceutice, Proprietate privata, Bacau, 24631 PODURI, Anul 2024, Numar, 0
Depozite farmaceutice, Proprietate privata, Bacau, 26361 PRAJESTI, Anul 2024, Numar, 0
Depozite farmaceutice, Proprietate privata, Bacau, 24766 RACACIUNI, Anul 2024, Numar, 0
Depozite farmaceutice, Proprietate privata, Bacau, 24837 RACHITOASA, Anul 2024, Numar, 0
Depozite farmaceutice, Proprietate privata, Bacau, 24711 RACOVA, Anul 2024, Numar, 0
Depozite farmaceutice, Proprietate privata, Bacau, 24999 ROSIORI, Anul 2024, Numar, 0
Depozite farmaceutice, Proprietate privata, Bacau, 25148 SANDULENI, Anul 2024, Numar, 0
Depozite farmaceutice, Proprietate privata, Bacau, 26320 SARATA, Anul 2024, Numar, 1
Depozite farmaceutice, Proprietate privata, Bacau, 25068 SASCUT, Anul 2024, Numar, 0
Depozite farmaceutice, Proprietate privata, Bacau, 25228 SAUCESTI, Anul 2024, Numar, 0
Depozite farmaceutice, Proprietate privata, Bacau, 25291 SCORTENI, Anul 2024, Numar, 0
Depozite farmaceutice, Proprietate privata, Bacau, 25362 SECUIENI, Anul 2024, Numar, 0
Depozite farmaceutice, Proprietate privata, Bacau, 25488 SOLONT, Anul 2024, Numar, 0
Depozite farmaceutice, Proprietate privata, Bacau, 25521 STANISESTI, Anul 2024, Numar, 0
Depozite farmaceutice, Proprietate privata, Bacau, 20670 STEFAN CEL MARE, Anul 2024, Numar, 0
Depozite farmaceutice, Proprietate privata, Bacau, 25629 STRUGARI, Anul 2024, Numar, 0
Depozite farmaceutice, Proprietate privata, Bacau, 25692 TAMASI, Anul 2024, Numar, 0
Depozite farmaceutice, Proprietate privata, Bacau, 25825 TARGU TROTUS, Anul 2024, Numar, 0
Depozite farmaceutice, Proprietate privata, Bacau, 25745 TATARASTI, Anul 2024, Numar, 0
Depozite farmaceutice, Proprietate privata, Bacau, 25861 TRAIAN, Anul 2024, Numar, 0
Depozite farmaceutice, Proprietate privata, Bacau, 25932 UNGURENI, Anul 2024, Numar, 0
Depozite farmaceutice, Proprietate privata, Bacau, 26029 URECHESTI, Anul 2024, Numar, 0
Depozite farmaceutice, Proprietate privata, Bacau, 26083 VALEA SEACA, Anul 2024, Numar, 0
Depozite farmaceutice, Proprietate privata, Bacau, 26118 VULTURENI, Anul 2024, Numar, 0
Depozite farmaceutice, Proprietate privata, Bacau, 26289 ZEMES, Anul 2024, Numar, 0
Laboratoare medicale, Proprietate publica, Bacau, 20297 MUNICIPIUL BACAU, Anul 2024, Numar, 18
Laboratoare medicale, Proprietate publica, Bacau, 20876 MUNICIPIUL MOINESTI, Anul 2024, Numar, 7
Laboratoare medicale, Proprietate publica, Bacau, 20563 MUNICIPIUL ONESTI, Anul 2024, Numar, 6
Laboratoare medicale, Proprietate publica, Bacau, 20778 ORAS BUHUSI, Anul 2024, Numar, 6
Laboratoare medicale, Proprietate publica, Bacau, 20821 ORAS COMANESTI, Anul 2024, Numar, 6
Laboratoare medicale, Proprietate publica, Bacau, 22166 ORAS DARMANESTI, Anul 2024, Numar, 0
Laboratoare medicale, Proprietate publica, Bacau, 20910 ORAS SLANIC-MOLDOVA, Anul 2024, Numar, 1
Laboratoare medicale, Proprietate publica, Bacau, 20965 ORAS TARGU OCNA, Anul 2024, Numar, 3
Laboratoare medicale, Proprietate publica, Bacau, 21007 AGAS, Anul 2024, Numar, 0
Laboratoare medicale, Proprietate publica, Bacau, 21098 ARDEOANI, Anul 2024, Numar, 0
Laboratoare medicale, Proprietate publica, Bacau, 21123 ASAU, Anul 2024, Numar, 0
Laboratoare medicale, Proprietate publica, Bacau, 21196 BALCANI, Anul 2024, Numar, 0
Laboratoare medicale, Proprietate publica, Bacau, 21454 BARSANESTI, Anul 2024, Numar, 0
Laboratoare medicale, Proprietate publica, Bacau, 21249 BERESTI-BISTRITA, Anul 2024, Numar, 0
Laboratoare medicale, Proprietate publica, Bacau, 21338 BERESTI-TAZLAU, Anul 2024, Numar, 0
Laboratoare medicale, Proprietate publica, Bacau, 21418 BERZUNTI, Anul 2024, Numar, 0
Laboratoare medicale, Proprietate publica, Bacau, 21506 BLAGESTI, Anul 2024, Numar, 0
Laboratoare medicale, Proprietate publica, Bacau, 21560 BOGDANESTI, Anul 2024, Numar, 0
Laboratoare medicale, Proprietate publica, Bacau, 21597 BRUSTUROASA, Anul 2024, Numar, 0
Laboratoare medicale, Proprietate publica, Bacau, 26338 BUCIUMI, Anul 2024, Numar, 0
Laboratoare medicale, Proprietate publica, Bacau, 21668 BUHOCI, Anul 2024, Numar, 0
Laboratoare medicale, Proprietate publica, Bacau, 21757 CAIUTI, Anul 2024, Numar, 0
Laboratoare medicale, Proprietate publica, Bacau, 21720 CASIN, Anul 2024, Numar, 0
Laboratoare medicale, Proprietate publica, Bacau, 21855 CLEJA, Anul 2024, Numar, 0
Laboratoare medicale, Proprietate publica, Bacau, 21891 COLONESTI, Anul 2024, Numar, 0
Laboratoare medicale, Proprietate publica, Bacau, 21971 CORBASCA, Anul 2024, Numar, 0
Laboratoare medicale, Proprietate publica, Bacau, 22059 COTOFANESTI, Anul 2024, Numar, 0
Laboratoare medicale, Proprietate publica, Bacau, 22111 DAMIENESTI, Anul 2024, Numar, 0
Laboratoare medicale, Proprietate publica, Bacau, 22237 DEALU MORII, Anul 2024, Numar, 0
Laboratoare medicale, Proprietate publica, Bacau, 22380 DOFTEANA, Anul 2024, Numar, 0
Laboratoare medicale, Proprietate publica, Bacau, 22460 FARAOANI, Anul 2024, Numar, 0
Laboratoare medicale, Proprietate publica, Bacau, 22488 FILIPENI, Anul 2024, Numar, 0
Laboratoare medicale, Proprietate publica, Bacau, 22576 FILIPESTI, Anul 2024, Numar, 0
Laboratoare medicale, Proprietate publica, Bacau, 22665 GAICEANA, Anul 2024, Numar, 0
Laboratoare medicale, Proprietate publica, Bacau, 22781 GARLENI, Anul 2024, Numar, 0
Laboratoare medicale, Proprietate publica, Bacau, 22718 GHIMES-FAGET, Anul 2024, Numar, 0
Laboratoare medicale, Proprietate publica, Bacau, 26346 GIOSENI, Anul 2024, Numar, 0
Laboratoare medicale, Proprietate publica, Bacau, 22834 GLAVANESTI, Anul 2024, Numar, 0
Laboratoare medicale, Proprietate publica, Bacau, 20607 GURA VAII, Anul 2024, Numar, 0
Laboratoare medicale, Proprietate publica, Bacau, 22898 HELEGIU, Anul 2024, Numar, 0
Laboratoare medicale, Proprietate publica, Bacau, 20313 HEMEIUS, Anul 2024, Numar, 0
Laboratoare medicale, Proprietate publica, Bacau, 22941 HORGESTI, Anul 2024, Numar, 0
Laboratoare medicale, Proprietate publica, Bacau, 23047 HURUIESTI, Anul 2024, Numar, 0
Laboratoare medicale, Proprietate publica, Bacau, 26379 ITESTI, Anul 2024, Numar, 0
Laboratoare medicale, Proprietate publica, Bacau, 23127 IZVORU BERHECIULUI, Anul 2024, Numar, 0
Laboratoare medicale, Proprietate publica, Bacau, 20359 LETEA VECHE, Anul 2024, Numar, 0
Laboratoare medicale, Proprietate publica, Bacau, 23207 LIPOVA, Anul 2024, Numar, 0
Laboratoare medicale, Proprietate publica, Bacau, 23289 LIVEZI, Anul 2024, Numar, 0
Laboratoare medicale, Proprietate publica, Bacau, 23350 LUIZI-CALUGARA, Anul 2024, Numar, 0
Laboratoare medicale, Proprietate publica, Bacau, 23387 MAGIRESTI, Anul 2024, Numar, 0
Laboratoare medicale, Proprietate publica, Bacau, 20411 MAGURA, Anul 2024, Numar, 0
Laboratoare medicale, Proprietate publica, Bacau, 23449 MANASTIREA CASIN, Anul 2024, Numar, 0
Laboratoare medicale, Proprietate publica, Bacau, 20466 MARGINENI, Anul 2024, Numar, 0
Laboratoare medicale, Proprietate publica, Bacau, 23494 MOTOSENI, Anul 2024, Numar, 0
Laboratoare medicale, Proprietate publica, Bacau, 23644 NEGRI, Anul 2024, Numar, 0
Laboratoare medicale, Proprietate publica, Bacau, 23715 NICOLAE BALCESCU, Anul 2024, Numar, 0
Laboratoare medicale, Proprietate publica, Bacau, 26353 ODOBESTI, Anul 2024, Numar, 0
Laboratoare medicale, Proprietate publica, Bacau, 23797 OITUZ, Anul 2024, Numar, 0
Laboratoare medicale, Proprietate publica, Bacau, 23868 ONCESTI, Anul 2024, Numar, 0
Laboratoare medicale, Proprietate publica, Bacau, 23948 ORBENI, Anul 2024, Numar, 0
Laboratoare medicale, Proprietate publica, Bacau, 23975 PALANCA, Anul 2024, Numar, 0
Laboratoare medicale, Proprietate publica, Bacau, 24187 PANCESTI, Anul 2024, Numar, 0
Laboratoare medicale, Proprietate publica, Bacau, 24034 PARAVA, Anul 2024, Numar, 0
Laboratoare medicale, Proprietate publica, Bacau, 24276 PARGARESTI, Anul 2024, Numar, 0
Laboratoare medicale, Proprietate publica, Bacau, 24089 PARINCEA, Anul 2024, Numar, 0
Laboratoare medicale, Proprietate publica, Bacau, 24338 PARJOL, Anul 2024, Numar, 0
Laboratoare medicale, Proprietate publica, Bacau, 24427 PLOPANA, Anul 2024, Numar, 0
Laboratoare medicale, Proprietate publica, Bacau, 24524 PODU TURCULUI, Anul 2024, Numar, 0
Laboratoare medicale, Proprietate publica, Bacau, 24631 PODURI, Anul 2024, Numar, 0
Laboratoare medicale, Proprietate publica, Bacau, 26361 PRAJESTI, Anul 2024, Numar, 0
Laboratoare medicale, Proprietate publica, Bacau, 24766 RACACIUNI, Anul 2024, Numar, 0
Laboratoare medicale, Proprietate publica, Bacau, 24837 RACHITOASA, Anul 2024, Numar, 0
Laboratoare medicale, Proprietate publica, Bacau, 24711 RACOVA, Anul 2024, Numar, 0
Laboratoare medicale, Proprietate publica, Bacau, 24999 ROSIORI, Anul 2024, Numar, 0
Laboratoare medicale, Proprietate publica, Bacau, 25148 SANDULENI, Anul 2024, Numar, 0
Laboratoare medicale, Proprietate publica, Bacau, 26320 SARATA, Anul 2024, Numar, 0
Laboratoare medicale, Proprietate publica, Bacau, 25068 SASCUT, Anul 2024, Numar, 0
Laboratoare medicale, Proprietate publica, Bacau, 25228 SAUCESTI, Anul 2024, Numar, 0
Laboratoare medicale, Proprietate publica, Bacau, 25291 SCORTENI, Anul 2024, Numar, 0
Laboratoare medicale, Proprietate publica, Bacau, 25362 SECUIENI, Anul 2024, Numar, 0
Laboratoare medicale, Proprietate publica, Bacau, 25488 SOLONT, Anul 2024, Numar, 0
Laboratoare medicale, Proprietate publica, Bacau, 25521 STANISESTI, Anul 2024, Numar, 0
Laboratoare medicale, Proprietate publica, Bacau, 20670 STEFAN CEL MARE, Anul 2024, Numar, 0
Laboratoare medicale, Proprietate publica, Bacau, 25629 STRUGARI, Anul 2024, Numar, 0
Laboratoare medicale, Proprietate publica, Bacau, 25692 TAMASI, Anul 2024, Numar, 0
Laboratoare medicale, Proprietate publica, Bacau, 25825 TARGU TROTUS, Anul 2024, Numar, 0
Laboratoare medicale, Proprietate publica, Bacau, 25745 TATARASTI, Anul 2024, Numar, 0
Laboratoare medicale, Proprietate publica, Bacau, 25861 TRAIAN, Anul 2024, Numar, 0
Laboratoare medicale, Proprietate publica, Bacau, 25932 UNGURENI, Anul 2024, Numar, 0
Laboratoare medicale, Proprietate publica, Bacau, 26029 URECHESTI, Anul 2024, Numar, 0
Laboratoare medicale, Proprietate publica, Bacau, 26083 VALEA SEACA, Anul 2024, Numar, 0
Laboratoare medicale, Proprietate publica, Bacau, 26118 VULTURENI, Anul 2024, Numar, 0
Laboratoare medicale, Proprietate publica, Bacau, 26289 ZEMES, Anul 2024, Numar, 0
Laboratoare medicale, Proprietate privata, Bacau, 20297 MUNICIPIUL BACAU, Anul 2024, Numar, 52
Laboratoare medicale, Proprietate privata, Bacau, 20876 MUNICIPIUL MOINESTI, Anul 2024, Numar, 3
Laboratoare medicale, Proprietate privata, Bacau, 20563 MUNICIPIUL ONESTI, Anul 2024, Numar, 7
Laboratoare medicale, Proprietate privata, Bacau, 20778 ORAS BUHUSI, Anul 2024, Numar, 1
Laboratoare medicale, Proprietate privata, Bacau, 20821 ORAS COMANESTI, Anul 2024, Numar, 3
Laboratoare medicale, Proprietate privata, Bacau, 22166 ORAS DARMANESTI, Anul 2024, Numar, 0
Laboratoare medicale, Proprietate privata, Bacau, 20910 ORAS SLANIC-MOLDOVA, Anul 2024, Numar, 1
Laboratoare medicale, Proprietate privata, Bacau, 20965 ORAS TARGU OCNA, Anul 2024, Numar, 2
Laboratoare medicale, Proprietate privata, Bacau, 21007 AGAS, Anul 2024, Numar, 0
Laboratoare medicale, Proprietate privata, Bacau, 21098 ARDEOANI, Anul 2024, Numar, 0
Laboratoare medicale, Proprietate privata, Bacau, 21123 ASAU, Anul 2024, Numar, 0
Laboratoare medicale, Proprietate privata, Bacau, 21196 BALCANI, Anul 2024, Numar, 0
Laboratoare medicale, Proprietate privata, Bacau, 21454 BARSANESTI, Anul 2024, Numar, 0
Laboratoare medicale, Proprietate privata, Bacau, 21249 BERESTI-BISTRITA, Anul 2024, Numar, 0
Laboratoare medicale, Proprietate privata, Bacau, 21338 BERESTI-TAZLAU, Anul 2024, Numar, 0
Laboratoare medicale, Proprietate privata, Bacau, 21418 BERZUNTI, Anul 2024, Numar, 0
Laboratoare medicale, Proprietate privata, Bacau, 21506 BLAGESTI, Anul 2024, Numar, 0
Laboratoare medicale, Proprietate privata, Bacau, 21560 BOGDANESTI, Anul 2024, Numar, 0
Laboratoare medicale, Proprietate privata, Bacau, 21597 BRUSTUROASA, Anul 2024, Numar, 0
Laboratoare medicale, Proprietate privata, Bacau, 26338 BUCIUMI, Anul 2024, Numar, 0
Laboratoare medicale, Proprietate privata, Bacau, 21668 BUHOCI, Anul 2024, Numar, 0
Laboratoare medicale, Proprietate privata, Bacau, 21757 CAIUTI, Anul 2024, Numar, 0
Laboratoare medicale, Proprietate privata, Bacau, 21720 CASIN, Anul 2024, Numar, 0
Laboratoare medicale, Proprietate privata, Bacau, 21855 CLEJA, Anul 2024, Numar, 0
Laboratoare medicale, Proprietate privata, Bacau, 21891 COLONESTI, Anul 2024, Numar, 0
Laboratoare medicale, Proprietate privata, Bacau, 21971 CORBASCA, Anul 2024, Numar, 0
Laboratoare medicale, Proprietate privata, Bacau, 22059 COTOFANESTI, Anul 2024, Numar, 0
Laboratoare medicale, Proprietate privata, Bacau, 22111 DAMIENESTI, Anul 2024, Numar, 0
Laboratoare medicale, Proprietate privata, Bacau, 22237 DEALU MORII, Anul 2024, Numar, 0
Laboratoare medicale, Proprietate privata, Bacau, 22380 DOFTEANA, Anul 2024, Numar, 0
Laboratoare medicale, Proprietate privata, Bacau, 22460 FARAOANI, Anul 2024, Numar, 0
Laboratoare medicale, Proprietate privata, Bacau, 22488 FILIPENI, Anul 2024, Numar, 0
Laboratoare medicale, Proprietate privata, Bacau, 22576 FILIPESTI, Anul 2024, Numar, 0
Laboratoare medicale, Proprietate privata, Bacau, 22665 GAICEANA, Anul 2024, Numar, 0
Laboratoare medicale, Proprietate privata, Bacau, 22781 GARLENI, Anul 2024, Numar, 0
Laboratoare medicale, Proprietate privata, Bacau, 22718 GHIMES-FAGET, Anul 2024, Numar, 0
Laboratoare medicale, Proprietate privata, Bacau, 26346 GIOSENI, Anul 2024, Numar, 0
Laboratoare medicale, Proprietate privata, Bacau, 22834 GLAVANESTI, Anul 2024, Numar, 0
Laboratoare medicale, Proprietate privata, Bacau, 20607 GURA VAII, Anul 2024, Numar, 0
Laboratoare medicale, Proprietate privata, Bacau, 22898 HELEGIU, Anul 2024, Numar, 0
Laboratoare medicale, Proprietate privata, Bacau, 20313 HEMEIUS, Anul 2024, Numar, 0
Laboratoare medicale, Proprietate privata, Bacau, 22941 HORGESTI, Anul 2024, Numar, 0
Laboratoare medicale, Proprietate privata, Bacau, 23047 HURUIESTI, Anul 2024, Numar, 0
Laboratoare medicale, Proprietate privata, Bacau, 26379 ITESTI, Anul 2024, Numar, 0
Laboratoare medicale, Proprietate privata, Bacau, 23127 IZVORU BERHECIULUI, Anul 2024, Numar, 0
Laboratoare medicale, Proprietate privata, Bacau, 20359 LETEA VECHE, Anul 2024, Numar, 0
Laboratoare medicale, Proprietate privata, Bacau, 23207 LIPOVA, Anul 2024, Numar, 0
Laboratoare medicale, Proprietate privata, Bacau, 23289 LIVEZI, Anul 2024, Numar, 0
Laboratoare medicale, Proprietate privata, Bacau, 23350 LUIZI-CALUGARA, Anul 2024, Numar, 0
Laboratoare medicale, Proprietate privata, Bacau, 23387 MAGIRESTI, Anul 2024, Numar, 0
Laboratoare medicale, Proprietate privata, Bacau, 20411 MAGURA, Anul 2024, Numar, 0
Laboratoare medicale, Proprietate privata, Bacau, 23449 MANASTIREA CASIN, Anul 2024, Numar, 0
Laboratoare medicale, Proprietate privata, Bacau, 20466 MARGINENI, Anul 2024, Numar, 0
Laboratoare medicale, Proprietate privata, Bacau, 23494 MOTOSENI, Anul 2024, Numar, 0
Laboratoare medicale, Proprietate privata, Bacau, 23644 NEGRI, Anul 2024, Numar, 0
Laboratoare medicale, Proprietate privata, Bacau, 23715 NICOLAE BALCESCU, Anul 2024, Numar, 0
Laboratoare medicale, Proprietate privata, Bacau, 26353 ODOBESTI, Anul 2024, Numar, 0
Laboratoare medicale, Proprietate privata, Bacau, 23797 OITUZ, Anul 2024, Numar, 0
Laboratoare medicale, Proprietate privata, Bacau, 23868 ONCESTI, Anul 2024, Numar, 0
Laboratoare medicale, Proprietate privata, Bacau, 23948 ORBENI, Anul 2024, Numar, 0
Laboratoare medicale, Proprietate privata, Bacau, 23975 PALANCA, Anul 2024, Numar, 0
Laboratoare medicale, Proprietate privata, Bacau, 24187 PANCESTI, Anul 2024, Numar, 0
Laboratoare medicale, Proprietate privata, Bacau, 24034 PARAVA, Anul 2024, Numar, 0
Laboratoare medicale, Proprietate privata, Bacau, 24276 PARGARESTI, Anul 2024, Numar, 0
Laboratoare medicale, Proprietate privata, Bacau, 24089 PARINCEA, Anul 2024, Numar, 0
Laboratoare medicale, Proprietate privata, Bacau, 24338 PARJOL, Anul 2024, Numar, 0
Laboratoare medicale, Proprietate privata, Bacau, 24427 PLOPANA, Anul 2024, Numar, 0
Laboratoare medicale, Proprietate privata, Bacau, 24524 PODU TURCULUI, Anul 2024, Numar, 3
Laboratoare medicale, Proprietate privata, Bacau, 24631 PODURI, Anul 2024, Numar, 0
Laboratoare medicale, Proprietate privata, Bacau, 26361 PRAJESTI, Anul 2024, Numar, 0
Laboratoare medicale, Proprietate privata, Bacau, 24766 RACACIUNI, Anul 2024, Numar, 0
Laboratoare medicale, Proprietate privata, Bacau, 24837 RACHITOASA, Anul 2024, Numar, 0
Laboratoare medicale, Proprietate privata, Bacau, 24711 RACOVA, Anul 2024, Numar, 0
Laboratoare medicale, Proprietate privata, Bacau, 24999 ROSIORI, Anul 2024, Numar, 0
Laboratoare medicale, Proprietate privata, Bacau, 25148 SANDULENI, Anul 2024, Numar, 0
Laboratoare medicale, Proprietate privata, Bacau, 26320 SARATA, Anul 2024, Numar, 0
Laboratoare medicale, Proprietate privata, Bacau, 25068 SASCUT, Anul 2024, Numar, 0
Laboratoare medicale, Proprietate privata, Bacau, 25228 SAUCESTI, Anul 2024, Numar, 0
Laboratoare medicale, Proprietate privata, Bacau, 25291 SCORTENI, Anul 2024, Numar, 0
Laboratoare medicale, Proprietate privata, Bacau, 25362 SECUIENI, Anul 2024, Numar, 0
Laboratoare medicale, Proprietate privata, Bacau, 25488 SOLONT, Anul 2024, Numar, 0
Laboratoare medicale, Proprietate privata, Bacau, 25521 STANISESTI, Anul 2024, Numar, 0
Laboratoare medicale, Proprietate privata, Bacau, 20670 STEFAN CEL MARE, Anul 2024, Numar, 0
Laboratoare medicale, Proprietate privata, Bacau, 25629 STRUGARI, Anul 2024, Numar, 0
Laboratoare medicale, Proprietate privata, Bacau, 25692 TAMASI, Anul 2024, Numar, 0
Laboratoare medicale, Proprietate privata, Bacau, 25825 TARGU TROTUS, Anul 2024, Numar, 0
Laboratoare medicale, Proprietate privata, Bacau, 25745 TATARASTI, Anul 2024, Numar, 0
Laboratoare medicale, Proprietate privata, Bacau, 25861 TRAIAN, Anul 2024, Numar, 0
Laboratoare medicale, Proprietate privata, Bacau, 25932 UNGURENI, Anul 2024, Numar, 0
Laboratoare medicale, Proprietate privata, Bacau, 26029 URECHESTI, Anul 2024, Numar, 0
Laboratoare medicale, Proprietate privata, Bacau, 26083 VALEA SEACA, Anul 2024, Numar, 0
Laboratoare medicale, Proprietate privata, Bacau, 26118 VULTURENI, Anul 2024, Numar, 0
Laboratoare medicale, Proprietate privata, Bacau, 26289 ZEMES, Anul 2024, Numar, 0
Laboratoare de tehnica dentara, Proprietate publica, Bacau, 20297 MUNICIPIUL BACAU, Anul 2024, Numar, 0
Laboratoare de tehnica dentara, Proprietate publica, Bacau, 20876 MUNICIPIUL MOINESTI, Anul 2024, Numar, 0
Laboratoare de tehnica dentara, Proprietate publica, Bacau, 20563 MUNICIPIUL ONESTI, Anul 2024, Numar, 0
Laboratoare de tehnica dentara, Proprietate publica, Bacau, 20778 ORAS BUHUSI, Anul 2024, Numar, 0
Laboratoare de tehnica dentara, Proprietate publica, Bacau, 20821 ORAS COMANESTI, Anul 2024, Numar, 0
Laboratoare de tehnica dentara, Proprietate publica, Bacau, 22166 ORAS DARMANESTI, Anul 2024, Numar, 0
Laboratoare de tehnica dentara, Proprietate publica, Bacau, 20910 ORAS SLANIC-MOLDOVA, Anul 2024, Numar, 0
Laboratoare de tehnica dentara, Proprietate publica, Bacau, 20965 ORAS TARGU OCNA, Anul 2024, Numar, 0
Laboratoare de tehnica dentara, Proprietate publica, Bacau, 21007 AGAS, Anul 2024, Numar, 0
Laboratoare de tehnica dentara, Proprietate publica, Bacau, 21098 ARDEOANI, Anul 2024, Numar, 0
Laboratoare de tehnica dentara, Proprietate publica, Bacau, 21123 ASAU, Anul 2024, Numar, 0
Laboratoare de tehnica dentara, Proprietate publica, Bacau, 21196 BALCANI, Anul 2024, Numar, 0
Laboratoare de tehnica dentara, Proprietate publica, Bacau, 21454 BARSANESTI, Anul 2024, Numar, 0
Laboratoare de tehnica dentara, Proprietate publica, Bacau, 21249 BERESTI-BISTRITA, Anul 2024, Numar, 0
Laboratoare de tehnica dentara, Proprietate publica, Bacau, 21338 BERESTI-TAZLAU, Anul 2024, Numar, 0
Laboratoare de tehnica dentara, Proprietate publica, Bacau, 21418 BERZUNTI, Anul 2024, Numar, 0
Laboratoare de tehnica dentara, Proprietate publica, Bacau, 21506 BLAGESTI, Anul 2024, Numar, 0
Laboratoare de tehnica dentara, Proprietate publica, Bacau, 21560 BOGDANESTI, Anul 2024, Numar, 0
Laboratoare de tehnica dentara, Proprietate publica, Bacau, 21597 BRUSTUROASA, Anul 2024, Numar, 0
Laboratoare de tehnica dentara, Proprietate publica, Bacau, 26338 BUCIUMI, Anul 2024, Numar, 0
Laboratoare de tehnica dentara, Proprietate publica, Bacau, 21668 BUHOCI, Anul 2024, Numar, 0
Laboratoare de tehnica dentara, Proprietate publica, Bacau, 21757 CAIUTI, Anul 2024, Numar, 0
Laboratoare de tehnica dentara, Proprietate publica, Bacau, 21720 CASIN, Anul 2024, Numar, 0
Laboratoare de tehnica dentara, Proprietate publica, Bacau, 21855 CLEJA, Anul 2024, Numar, 0
Laboratoare de tehnica dentara, Proprietate publica, Bacau, 21891 COLONESTI, Anul 2024, Numar, 0
Laboratoare de tehnica dentara, Proprietate publica, Bacau, 21971 CORBASCA, Anul 2024, Numar, 0
Laboratoare de tehnica dentara, Proprietate publica, Bacau, 22059 COTOFANESTI, Anul 2024, Numar, 0
Laboratoare de tehnica dentara, Proprietate publica, Bacau, 22111 DAMIENESTI, Anul 2024, Numar, 0
Laboratoare de tehnica dentara, Proprietate publica, Bacau, 22237 DEALU MORII, Anul 2024, Numar, 0
Laboratoare de tehnica dentara, Proprietate publica, Bacau, 22380 DOFTEANA, Anul 2024, Numar, 0
Laboratoare de tehnica dentara, Proprietate publica, Bacau, 22460 FARAOANI, Anul 2024, Numar, 0
Laboratoare de tehnica dentara, Proprietate publica, Bacau, 22488 FILIPENI, Anul 2024, Numar, 0
Laboratoare de tehnica dentara, Proprietate publica, Bacau, 22576 FILIPESTI, Anul 2024, Numar, 0
Laboratoare de tehnica dentara, Proprietate publica, Bacau, 22665 GAICEANA, Anul 2024, Numar, 0
Laboratoare de tehnica dentara, Proprietate publica, Bacau, 22781 GARLENI, Anul 2024, Numar, 0
Laboratoare de tehnica dentara, Proprietate publica, Bacau, 22718 GHIMES-FAGET, Anul 2024, Numar, 0
Laboratoare de tehnica dentara, Proprietate publica, Bacau, 26346 GIOSENI, Anul 2024, Numar, 0
Laboratoare de tehnica dentara, Proprietate publica, Bacau, 22834 GLAVANESTI, Anul 2024, Numar, 0
Laboratoare de tehnica dentara, Proprietate publica, Bacau, 20607 GURA VAII, Anul 2024, Numar, 0
Laboratoare de tehnica dentara, Proprietate publica, Bacau, 22898 HELEGIU, Anul 2024, Numar, 0
Laboratoare de tehnica dentara, Proprietate publica, Bacau, 20313 HEMEIUS, Anul 2024, Numar, 0
Laboratoare de tehnica dentara, Proprietate publica, Bacau, 22941 HORGESTI, Anul 2024, Numar, 0
Laboratoare de tehnica dentara, Proprietate publica, Bacau, 23047 HURUIESTI, Anul 2024, Numar, 0
Laboratoare de tehnica dentara, Proprietate publica, Bacau, 26379 ITESTI, Anul 2024, Numar, 0
Laboratoare de tehnica dentara, Proprietate publica, Bacau, 23127 IZVORU BERHECIULUI, Anul 2024, Numar, 0
Laboratoare de tehnica dentara, Proprietate publica, Bacau, 20359 LETEA VECHE, Anul 2024, Numar, 0
Laboratoare de tehnica dentara, Proprietate publica, Bacau, 23207 LIPOVA, Anul 2024, Numar, 0
Laboratoare de tehnica dentara, Proprietate publica, Bacau, 23289 LIVEZI, Anul 2024, Numar, 0
Laboratoare de tehnica dentara, Proprietate publica, Bacau, 23350 LUIZI-CALUGARA, Anul 2024, Numar, 0
Laboratoare de tehnica dentara, Proprietate publica, Bacau, 23387 MAGIRESTI, Anul 2024, Numar, 0
Laboratoare de tehnica dentara, Proprietate publica, Bacau, 20411 MAGURA, Anul 2024, Numar, 0
Laboratoare de tehnica dentara, Proprietate publica, Bacau, 23449 MANASTIREA CASIN, Anul 2024, Numar, 0
Laboratoare de tehnica dentara, Proprietate publica, Bacau, 20466 MARGINENI, Anul 2024, Numar, 0
Laboratoare de tehnica dentara, Proprietate publica, Bacau, 23494 MOTOSENI, Anul 2024, Numar, 0
Laboratoare de tehnica dentara, Proprietate publica, Bacau, 23644 NEGRI, Anul 2024, Numar, 0
Laboratoare de tehnica dentara, Proprietate publica, Bacau, 23715 NICOLAE BALCESCU, Anul 2024, Numar, 0
Laboratoare de tehnica dentara, Proprietate publica, Bacau, 26353 ODOBESTI, Anul 2024, Numar, 0
Laboratoare de tehnica dentara, Proprietate publica, Bacau, 23797 OITUZ, Anul 2024, Numar, 0
Laboratoare de tehnica dentara, Proprietate publica, Bacau, 23868 ONCESTI, Anul 2024, Numar, 0
Laboratoare de tehnica dentara, Proprietate publica, Bacau, 23948 ORBENI, Anul 2024, Numar, 0
Laboratoare de tehnica dentara, Proprietate publica, Bacau, 23975 PALANCA, Anul 2024, Numar, 0
Laboratoare de tehnica dentara, Proprietate publica, Bacau, 24187 PANCESTI, Anul 2024, Numar, 0
Laboratoare de tehnica dentara, Proprietate publica, Bacau, 24034 PARAVA, Anul 2024, Numar, 0
Laboratoare de tehnica dentara, Proprietate publica, Bacau, 24276 PARGARESTI, Anul 2024, Numar, 0
Laboratoare de tehnica dentara, Proprietate publica, Bacau, 24089 PARINCEA, Anul 2024, Numar, 0
Laboratoare de tehnica dentara, Proprietate publica, Bacau, 24338 PARJOL, Anul 2024, Numar, 0
Laboratoare de tehnica dentara, Proprietate publica, Bacau, 24427 PLOPANA, Anul 2024, Numar, 0
Laboratoare de tehnica dentara, Proprietate publica, Bacau, 24524 PODU TURCULUI, Anul 2024, Numar, 0
Laboratoare de tehnica dentara, Proprietate publica, Bacau, 24631 PODURI, Anul 2024, Numar, 0
Laboratoare de tehnica dentara, Proprietate publica, Bacau, 26361 PRAJESTI, Anul 2024, Numar, 0
Laboratoare de tehnica dentara, Proprietate publica, Bacau, 24766 RACACIUNI, Anul 2024, Numar, 0
Laboratoare de tehnica dentara, Proprietate publica, Bacau, 24837 RACHITOASA, Anul 2024, Numar, 0
Laboratoare de tehnica dentara, Proprietate publica, Bacau, 24711 RACOVA, Anul 2024, Numar, 0
Laboratoare de tehnica dentara, Proprietate publica, Bacau, 24999 ROSIORI, Anul 2024, Numar, 0
Laboratoare de tehnica dentara, Proprietate publica, Bacau, 25148 SANDULENI, Anul 2024, Numar, 0
Laboratoare de tehnica dentara, Proprietate publica, Bacau, 26320 SARATA, Anul 2024, Numar, 0
Laboratoare de tehnica dentara, Proprietate publica, Bacau, 25068 SASCUT, Anul 2024, Numar, 0
Laboratoare de tehnica dentara, Proprietate publica, Bacau, 25228 SAUCESTI, Anul 2024, Numar, 0
Laboratoare de tehnica dentara, Proprietate publica, Bacau, 25291 SCORTENI, Anul 2024, Numar, 0
Laboratoare de tehnica dentara, Proprietate publica, Bacau, 25362 SECUIENI, Anul 2024, Numar, 0
Laboratoare de tehnica dentara, Proprietate publica, Bacau, 25488 SOLONT, Anul 2024, Numar, 0
Laboratoare de tehnica dentara, Proprietate publica, Bacau, 25521 STANISESTI, Anul 2024, Numar, 0
Laboratoare de tehnica dentara, Proprietate publica, Bacau, 20670 STEFAN CEL MARE, Anul 2024, Numar, 0
Laboratoare de tehnica dentara, Proprietate publica, Bacau, 25629 STRUGARI, Anul 2024, Numar, 0
Laboratoare de tehnica dentara, Proprietate publica, Bacau, 25692 TAMASI, Anul 2024, Numar, 0
Laboratoare de tehnica dentara, Proprietate publica, Bacau, 25825 TARGU TROTUS, Anul 2024, Numar, 0
Laboratoare de tehnica dentara, Proprietate publica, Bacau, 25745 TATARASTI, Anul 2024, Numar, 0
Laboratoare de tehnica dentara, Proprietate publica, Bacau, 25861 TRAIAN, Anul 2024, Numar, 0
Laboratoare de tehnica dentara, Proprietate publica, Bacau, 25932 UNGURENI, Anul 2024, Numar, 0
Laboratoare de tehnica dentara, Proprietate publica, Bacau, 26029 URECHESTI, Anul 2024, Numar, 0
Laboratoare de tehnica dentara, Proprietate publica, Bacau, 26083 VALEA SEACA, Anul 2024, Numar, 0
Laboratoare de tehnica dentara, Proprietate publica, Bacau, 26118 VULTURENI, Anul 2024, Numar, 0
Laboratoare de tehnica dentara, Proprietate publica, Bacau, 26289 ZEMES, Anul 2024, Numar, 0
Laboratoare de tehnica dentara, Proprietate privata, Bacau, 20297 MUNICIPIUL BACAU, Anul 2024, Numar, 47
Laboratoare de tehnica dentara, Proprietate privata, Bacau, 20876 MUNICIPIUL MOINESTI, Anul 2024, Numar, 9
Laboratoare de tehnica dentara, Proprietate privata, Bacau, 20563 MUNICIPIUL ONESTI, Anul 2024, Numar, 23
Laboratoare de tehnica dentara, Proprietate privata, Bacau, 20778 ORAS BUHUSI, Anul 2024, Numar, 2
Laboratoare de tehnica dentara, Proprietate privata, Bacau, 20821 ORAS COMANESTI, Anul 2024, Numar, 11
Laboratoare de tehnica dentara, Proprietate privata, Bacau, 22166 ORAS DARMANESTI, Anul 2024, Numar, 0
Laboratoare de tehnica dentara, Proprietate privata, Bacau, 20910 ORAS SLANIC-MOLDOVA, Anul 2024, Numar, 0
Laboratoare de tehnica dentara, Proprietate privata, Bacau, 20965 ORAS TARGU OCNA, Anul 2024, Numar, 1
Laboratoare de tehnica dentara, Proprietate privata, Bacau, 21007 AGAS, Anul 2024, Numar, 0
Laboratoare de tehnica dentara, Proprietate privata, Bacau, 21098 ARDEOANI, Anul 2024, Numar, 0
Laboratoare de tehnica dentara, Proprietate privata, Bacau, 21123 ASAU, Anul 2024, Numar, 0
Laboratoare de tehnica dentara, Proprietate privata, Bacau, 21196 BALCANI, Anul 2024, Numar, 0
Laboratoare de tehnica dentara, Proprietate privata, Bacau, 21454 BARSANESTI, Anul 2024, Numar, 0
Laboratoare de tehnica dentara, Proprietate privata, Bacau, 21249 BERESTI-BISTRITA, Anul 2024, Numar, 0
Laboratoare de tehnica dentara, Proprietate privata, Bacau, 21338 BERESTI-TAZLAU, Anul 2024, Numar, 0
Laboratoare de tehnica dentara, Proprietate privata, Bacau, 21418 BERZUNTI, Anul 2024, Numar, 0
Laboratoare de tehnica dentara, Proprietate privata, Bacau, 21506 BLAGESTI, Anul 2024, Numar, 0
Laboratoare de tehnica dentara, Proprietate privata, Bacau, 21560 BOGDANESTI, Anul 2024, Numar, 0
Laboratoare de tehnica dentara, Proprietate privata, Bacau, 21597 BRUSTUROASA, Anul 2024, Numar, 0
Laboratoare de tehnica dentara, Proprietate privata, Bacau, 26338 BUCIUMI, Anul 2024, Numar, 0
Laboratoare de tehnica dentara, Proprietate privata, Bacau, 21668 BUHOCI, Anul 2024, Numar, 0
Laboratoare de tehnica dentara, Proprietate privata, Bacau, 21757 CAIUTI, Anul 2024, Numar, 0
Laboratoare de tehnica dentara, Proprietate privata, Bacau, 21720 CASIN, Anul 2024, Numar, 0
Laboratoare de tehnica dentara, Proprietate privata, Bacau, 21855 CLEJA, Anul 2024, Numar, 0
Laboratoare de tehnica dentara, Proprietate privata, Bacau, 21891 COLONESTI, Anul 2024, Numar, 0
Laboratoare de tehnica dentara, Proprietate privata, Bacau, 21971 CORBASCA, Anul 2024, Numar, 0
Laboratoare de tehnica dentara, Proprietate privata, Bacau, 22059 COTOFANESTI, Anul 2024, Numar, 0
Laboratoare de tehnica dentara, Proprietate privata, Bacau, 22111 DAMIENESTI, Anul 2024, Numar, 0
Laboratoare de tehnica dentara, Proprietate privata, Bacau, 22237 DEALU MORII, Anul 2024, Numar, 0
Laboratoare de tehnica dentara, Proprietate privata, Bacau, 22380 DOFTEANA, Anul 2024, Numar, 0
Laboratoare de tehnica dentara, Proprietate privata, Bacau, 22460 FARAOANI, Anul 2024, Numar, 0
Laboratoare de tehnica dentara, Proprietate privata, Bacau, 22488 FILIPENI, Anul 2024, Numar, 0
Laboratoare de tehnica dentara, Proprietate privata, Bacau, 22576 FILIPESTI, Anul 2024, Numar, 0
Laboratoare de tehnica dentara, Proprietate privata, Bacau, 22665 GAICEANA, Anul 2024, Numar, 0
Laboratoare de tehnica dentara, Proprietate privata, Bacau, 22781 GARLENI, Anul 2024, Numar, 0
Laboratoare de tehnica dentara, Proprietate privata, Bacau, 22718 GHIMES-FAGET, Anul 2024, Numar, 0
Laboratoare de tehnica dentara, Proprietate privata, Bacau, 26346 GIOSENI, Anul 2024, Numar, 0
Laboratoare de tehnica dentara, Proprietate privata, Bacau, 22834 GLAVANESTI, Anul 2024, Numar, 0
Laboratoare de tehnica dentara, Proprietate privata, Bacau, 20607 GURA VAII, Anul 2024, Numar, 0
Laboratoare de tehnica dentara, Proprietate privata, Bacau, 22898 HELEGIU, Anul 2024, Numar, 0
Laboratoare de tehnica dentara, Proprietate privata, Bacau, 20313 HEMEIUS, Anul 2024, Numar, 0
Laboratoare de tehnica dentara, Proprietate privata, Bacau, 22941 HORGESTI, Anul 2024, Numar, 0
Laboratoare de tehnica dentara, Proprietate privata, Bacau, 23047 HURUIESTI, Anul 2024, Numar, 0
Laboratoare de tehnica dentara, Proprietate privata, Bacau, 26379 ITESTI, Anul 2024, Numar, 0
Laboratoare de tehnica dentara, Proprietate privata, Bacau, 23127 IZVORU BERHECIULUI, Anul 2024, Numar, 0
Laboratoare de tehnica dentara, Proprietate privata, Bacau, 20359 LETEA VECHE, Anul 2024, Numar, 1
Laboratoare de tehnica dentara, Proprietate privata, Bacau, 23207 LIPOVA, Anul 2024, Numar, 0
Laboratoare de tehnica dentara, Proprietate privata, Bacau, 23289 LIVEZI, Anul 2024, Numar, 0
Laboratoare de tehnica dentara, Proprietate privata, Bacau, 23350 LUIZI-CALUGARA, Anul 2024, Numar, 0
Laboratoare de tehnica dentara, Proprietate privata, Bacau, 23387 MAGIRESTI, Anul 2024, Numar, 0
Laboratoare de tehnica dentara, Proprietate privata, Bacau, 20411 MAGURA, Anul 2024, Numar, 0
Laboratoare de tehnica dentara, Proprietate privata, Bacau, 23449 MANASTIREA CASIN, Anul 2024, Numar, 0
Laboratoare de tehnica dentara, Proprietate privata, Bacau, 20466 MARGINENI, Anul 2024, Numar, 0
Laboratoare de tehnica dentara, Proprietate privata, Bacau, 23494 MOTOSENI, Anul 2024, Numar, 0
Laboratoare de tehnica dentara, Proprietate privata, Bacau, 23644 NEGRI, Anul 2024, Numar, 0
Laboratoare de tehnica dentara, Proprietate privata, Bacau, 23715 NICOLAE BALCESCU, Anul 2024, Numar, 0
Laboratoare de tehnica dentara, Proprietate privata, Bacau, 26353 ODOBESTI, Anul 2024, Numar, 0
Laboratoare de tehnica dentara, Proprietate privata, Bacau, 23797 OITUZ, Anul 2024, Numar, 0
Laboratoare de tehnica dentara, Proprietate privata, Bacau, 23868 ONCESTI, Anul 2024, Numar, 0
Laboratoare de tehnica dentara, Proprietate privata, Bacau, 23948 ORBENI, Anul 2024, Numar, 0
Laboratoare de tehnica dentara, Proprietate privata, Bacau, 23975 PALANCA, Anul 2024, Numar, 0
Laboratoare de tehnica dentara, Proprietate privata, Bacau, 24187 PANCESTI, Anul 2024, Numar, 0
Laboratoare de tehnica dentara, Proprietate privata, Bacau, 24034 PARAVA, Anul 2024, Numar, 0
Laboratoare de tehnica dentara, Proprietate privata, Bacau, 24276 PARGARESTI, Anul 2024, Numar, 0
Laboratoare de tehnica dentara, Proprietate privata, Bacau, 24089 PARINCEA, Anul 2024, Numar, 0
Laboratoare de tehnica dentara, Proprietate privata, Bacau, 24338 PARJOL, Anul 2024, Numar, 0
Laboratoare de tehnica dentara, Proprietate privata, Bacau, 24427 PLOPANA, Anul 2024, Numar, 0
Laboratoare de tehnica dentara, Proprietate privata, Bacau, 24524 PODU TURCULUI, Anul 2024, Numar, 2
Laboratoare de tehnica dentara, Proprietate privata, Bacau, 24631 PODURI, Anul 2024, Numar, 0
Laboratoare de tehnica dentara, Proprietate privata, Bacau, 26361 PRAJESTI, Anul 2024, Numar, 0
Laboratoare de tehnica dentara, Proprietate privata, Bacau, 24766 RACACIUNI, Anul 2024, Numar, 0
Laboratoare de tehnica dentara, Proprietate privata, Bacau, 24837 RACHITOASA, Anul 2024, Numar, 0
Laboratoare de tehnica dentara, Proprietate privata, Bacau, 24711 RACOVA, Anul 2024, Numar, 0
Laboratoare de tehnica dentara, Proprietate privata, Bacau, 24999 ROSIORI, Anul 2024, Numar, 0
Laboratoare de tehnica dentara, Proprietate privata, Bacau, 25148 SANDULENI, Anul 2024, Numar, 0
Laboratoare de tehnica dentara, Proprietate privata, Bacau, 26320 SARATA, Anul 2024, Numar, 0
Laboratoare de tehnica dentara, Proprietate privata, Bacau, 25068 SASCUT, Anul 2024, Numar, 0
Laboratoare de tehnica dentara, Proprietate privata, Bacau, 25228 SAUCESTI, Anul 2024, Numar, 0
Laboratoare de tehnica dentara, Proprietate privata, Bacau, 25291 SCORTENI, Anul 2024, Numar, 0
Laboratoare de tehnica dentara, Proprietate privata, Bacau, 25362 SECUIENI, Anul 2024, Numar, 0
Laboratoare de tehnica dentara, Proprietate privata, Bacau, 25488 SOLONT, Anul 2024, Numar, 0
Laboratoare de tehnica dentara, Proprietate privata, Bacau, 25521 STANISESTI, Anul 2024, Numar, 0
Laboratoare de tehnica dentara, Proprietate privata, Bacau, 20670 STEFAN CEL MARE, Anul 2024, Numar, 0
Laboratoare de tehnica dentara, Proprietate privata, Bacau, 25629 STRUGARI, Anul 2024, Numar, 0
Laboratoare de tehnica dentara, Proprietate privata, Bacau, 25692 TAMASI, Anul 2024, Numar, 0
Laboratoare de tehnica dentara, Proprietate privata, Bacau, 25825 TARGU TROTUS, Anul 2024, Numar, 0
Laboratoare de tehnica dentara, Proprietate privata, Bacau, 25745 TATARASTI, Anul 2024, Numar, 0
Laboratoare de tehnica dentara, Proprietate privata, Bacau, 25861 TRAIAN, Anul 2024, Numar, 0
Laboratoare de tehnica dentara, Proprietate privata, Bacau, 25932 UNGURENI, Anul 2024, Numar, 0
Laboratoare de tehnica dentara, Proprietate privata, Bacau, 26029 URECHESTI, Anul 2024, Numar, 0
Laboratoare de tehnica dentara, Proprietate privata, Bacau, 26083 VALEA SEACA, Anul 2024, Numar, 1
Laboratoare de tehnica dentara, Proprietate privata, Bacau, 26118 VULTURENI, Anul 2024, Numar, 0
Laboratoare de tehnica dentara, Proprietate privata, Bacau, 26289 ZEMES, Anul 2024, Numar, 0
Centre de transfuzie, Proprietate publica, Bacau, 20297 MUNICIPIUL BACAU, Anul 2024, Numar, 1
Centre de transfuzie, Proprietate publica, Bacau, 20876 MUNICIPIUL MOINESTI, Anul 2024, Numar, 0
Centre de transfuzie, Proprietate publica, Bacau, 20563 MUNICIPIUL ONESTI, Anul 2024, Numar, 0
Centre de transfuzie, Proprietate publica, Bacau, 20778 ORAS BUHUSI, Anul 2024, Numar, 0
Centre de transfuzie, Proprietate publica, Bacau, 20821 ORAS COMANESTI, Anul 2024, Numar, 0
Centre de transfuzie, Proprietate publica, Bacau, 22166 ORAS DARMANESTI, Anul 2024, Numar, 0
Centre de transfuzie, Proprietate publica, Bacau, 20910 ORAS SLANIC-MOLDOVA, Anul 2024, Numar, 0
Centre de transfuzie, Proprietate publica, Bacau, 20965 ORAS TARGU OCNA, Anul 2024, Numar, 0
Centre de transfuzie, Proprietate publica, Bacau, 21007 AGAS, Anul 2024, Numar, 0
Centre de transfuzie, Proprietate publica, Bacau, 21098 ARDEOANI, Anul 2024, Numar, 0
Centre de transfuzie, Proprietate publica, Bacau, 21123 ASAU, Anul 2024, Numar, 0
Centre de transfuzie, Proprietate publica, Bacau, 21196 BALCANI, Anul 2024, Numar, 0
Centre de transfuzie, Proprietate publica, Bacau, 21454 BARSANESTI, Anul 2024, Numar, 0
Centre de transfuzie, Proprietate publica, Bacau, 21249 BERESTI-BISTRITA, Anul 2024, Numar, 0
Centre de transfuzie, Proprietate publica, Bacau, 21338 BERESTI-TAZLAU, Anul 2024, Numar, 0
Centre de transfuzie, Proprietate publica, Bacau, 21418 BERZUNTI, Anul 2024, Numar, 0
Centre de transfuzie, Proprietate publica, Bacau, 21506 BLAGESTI, Anul 2024, Numar, 0
Centre de transfuzie, Proprietate publica, Bacau, 21560 BOGDANESTI, Anul 2024, Numar, 0
Centre de transfuzie, Proprietate publica, Bacau, 21597 BRUSTUROASA, Anul 2024, Numar, 0
Centre de transfuzie, Proprietate publica, Bacau, 26338 BUCIUMI, Anul 2024, Numar, 0
Centre de transfuzie, Proprietate publica, Bacau, 21668 BUHOCI, Anul 2024, Numar, 0
Centre de transfuzie, Proprietate publica, Bacau, 21757 CAIUTI, Anul 2024, Numar, 0
Centre de transfuzie, Proprietate publica, Bacau, 21720 CASIN, Anul 2024, Numar, 0
Centre de transfuzie, Proprietate publica, Bacau, 21855 CLEJA, Anul 2024, Numar, 0
Centre de transfuzie, Proprietate publica, Bacau, 21891 COLONESTI, Anul 2024, Numar, 0
Centre de transfuzie, Proprietate publica, Bacau, 21971 CORBASCA, Anul 2024, Numar, 0
Centre de transfuzie, Proprietate publica, Bacau, 22059 COTOFANESTI, Anul 2024, Numar, 0
Centre de transfuzie, Proprietate publica, Bacau, 22111 DAMIENESTI, Anul 2024, Numar, 0
Centre de transfuzie, Proprietate publica, Bacau, 22237 DEALU MORII, Anul 2024, Numar, 0
Centre de transfuzie, Proprietate publica, Bacau, 22380 DOFTEANA, Anul 2024, Numar, 0
Centre de transfuzie, Proprietate publica, Bacau, 22460 FARAOANI, Anul 2024, Numar, 0
Centre de transfuzie, Proprietate publica, Bacau, 22488 FILIPENI, Anul 2024, Numar, 0
Centre de transfuzie, Proprietate publica, Bacau, 22576 FILIPESTI, Anul 2024, Numar, 0
Centre de transfuzie, Proprietate publica, Bacau, 22665 GAICEANA, Anul 2024, Numar, 0
Centre de transfuzie, Proprietate publica, Bacau, 22781 GARLENI, Anul 2024, Numar, 0
Centre de transfuzie, Proprietate publica, Bacau, 22718 GHIMES-FAGET, Anul 2024, Numar, 0
Centre de transfuzie, Proprietate publica, Bacau, 26346 GIOSENI, Anul 2024, Numar, 0
Centre de transfuzie, Proprietate publica, Bacau, 22834 GLAVANESTI, Anul 2024, Numar, 0
Centre de transfuzie, Proprietate publica, Bacau, 20607 GURA VAII, Anul 2024, Numar, 0
Centre de transfuzie, Proprietate publica, Bacau, 22898 HELEGIU, Anul 2024, Numar, 0
Centre de transfuzie, Proprietate publica, Bacau, 20313 HEMEIUS, Anul 2024, Numar, 0
Centre de transfuzie, Proprietate publica, Bacau, 22941 HORGESTI, Anul 2024, Numar, 0
Centre de transfuzie, Proprietate publica, Bacau, 23047 HURUIESTI, Anul 2024, Numar, 0
Centre de transfuzie, Proprietate publica, Bacau, 26379 ITESTI, Anul 2024, Numar, 0
Centre de transfuzie, Proprietate publica, Bacau, 23127 IZVORU BERHECIULUI, Anul 2024, Numar, 0
Centre de transfuzie, Proprietate publica, Bacau, 20359 LETEA VECHE, Anul 2024, Numar, 0
Centre de transfuzie, Proprietate publica, Bacau, 23207 LIPOVA, Anul 2024, Numar, 0
Centre de transfuzie, Proprietate publica, Bacau, 23289 LIVEZI, Anul 2024, Numar, 0
Centre de transfuzie, Proprietate publica, Bacau, 23350 LUIZI-CALUGARA, Anul 2024, Numar, 0
Centre de transfuzie, Proprietate publica, Bacau, 23387 MAGIRESTI, Anul 2024, Numar, 0
Centre de transfuzie, Proprietate publica, Bacau, 20411 MAGURA, Anul 2024, Numar, 0
Centre de transfuzie, Proprietate publica, Bacau, 23449 MANASTIREA CASIN, Anul 2024, Numar, 0
Centre de transfuzie, Proprietate publica, Bacau, 20466 MARGINENI, Anul 2024, Numar, 0
Centre de transfuzie, Proprietate publica, Bacau, 23494 MOTOSENI, Anul 2024, Numar, 0
Centre de transfuzie, Proprietate publica, Bacau, 23644 NEGRI, Anul 2024, Numar, 0
Centre de transfuzie, Proprietate publica, Bacau, 23715 NICOLAE BALCESCU, Anul 2024, Numar, 0
Centre de transfuzie, Proprietate publica, Bacau, 26353 ODOBESTI, Anul 2024, Numar, 0
Centre de transfuzie, Proprietate publica, Bacau, 23797 OITUZ, Anul 2024, Numar, 0
Centre de transfuzie, Proprietate publica, Bacau, 23868 ONCESTI, Anul 2024, Numar, 0
Centre de transfuzie, Proprietate publica, Bacau, 23948 ORBENI, Anul 2024, Numar, 0
Centre de transfuzie, Proprietate publica, Bacau, 23975 PALANCA, Anul 2024, Numar, 0
Centre de transfuzie, Proprietate publica, Bacau, 24187 PANCESTI, Anul 2024, Numar, 0
Centre de transfuzie, Proprietate publica, Bacau, 24034 PARAVA, Anul 2024, Numar, 0
Centre de transfuzie, Proprietate publica, Bacau, 24276 PARGARESTI, Anul 2024, Numar, 0
Centre de transfuzie, Proprietate publica, Bacau, 24089 PARINCEA, Anul 2024, Numar, 0
Centre de transfuzie, Proprietate publica, Bacau, 24338 PARJOL, Anul 2024, Numar, 0
Centre de transfuzie, Proprietate publica, Bacau, 24427 PLOPANA, Anul 2024, Numar, 0
Centre de transfuzie, Proprietate publica, Bacau, 24524 PODU TURCULUI, Anul 2024, Numar, 0
Centre de transfuzie, Proprietate publica, Bacau, 24631 PODURI, Anul 2024, Numar, 0
Centre de transfuzie, Proprietate publica, Bacau, 26361 PRAJESTI, Anul 2024, Numar, 0
Centre de transfuzie, Proprietate publica, Bacau, 24766 RACACIUNI, Anul 2024, Numar, 0
Centre de transfuzie, Proprietate publica, Bacau, 24837 RACHITOASA, Anul 2024, Numar, 0
Centre de transfuzie, Proprietate publica, Bacau, 24711 RACOVA, Anul 2024, Numar, 0
Centre de transfuzie, Proprietate publica, Bacau, 24999 ROSIORI, Anul 2024, Numar, 0
Centre de transfuzie, Proprietate publica, Bacau, 25148 SANDULENI, Anul 2024, Numar, 0
Centre de transfuzie, Proprietate publica, Bacau, 26320 SARATA, Anul 2024, Numar, 0
Centre de transfuzie, Proprietate publica, Bacau, 25068 SASCUT, Anul 2024, Numar, 0
Centre de transfuzie, Proprietate publica, Bacau, 25228 SAUCESTI, Anul 2024, Numar, 0
Centre de transfuzie, Proprietate publica, Bacau, 25291 SCORTENI, Anul 2024, Numar, 0
Centre de transfuzie, Proprietate publica, Bacau, 25362 SECUIENI, Anul 2024, Numar, 0
Centre de transfuzie, Proprietate publica, Bacau, 25488 SOLONT, Anul 2024, Numar, 0
Centre de transfuzie, Proprietate publica, Bacau, 25521 STANISESTI, Anul 2024, Numar, 0
Centre de transfuzie, Proprietate publica, Bacau, 20670 STEFAN CEL MARE, Anul 2024, Numar, 0
Centre de transfuzie, Proprietate publica, Bacau, 25629 STRUGARI, Anul 2024, Numar, 0
Centre de transfuzie, Proprietate publica, Bacau, 25692 TAMASI, Anul 2024, Numar, 0
Centre de transfuzie, Proprietate publica, Bacau, 25825 TARGU TROTUS, Anul 2024, Numar, 0
Centre de transfuzie, Proprietate publica, Bacau, 25745 TATARASTI, Anul 2024, Numar, 0
Centre de transfuzie, Proprietate publica, Bacau, 25861 TRAIAN, Anul 2024, Numar, 0
Centre de transfuzie, Proprietate publica, Bacau, 25932 UNGURENI, Anul 2024, Numar, 0
Centre de transfuzie, Proprietate publica, Bacau, 26029 URECHESTI, Anul 2024, Numar, 0
Centre de transfuzie, Proprietate publica, Bacau, 26083 VALEA SEACA, Anul 2024, Numar, 0
Centre de transfuzie, Proprietate publica, Bacau, 26118 VULTURENI, Anul 2024, Numar, 0
Centre de transfuzie, Proprietate publica, Bacau, 26289 ZEMES, Anul 2024, Numar, 0
Alte tipuri de cabinete medicale, Proprietate publica, Bacau, 20297 MUNICIPIUL BACAU, Anul 2024, Numar, 6
Alte tipuri de cabinete medicale, Proprietate publica, Bacau, 20876 MUNICIPIUL MOINESTI, Anul 2024, Numar, 0
Alte tipuri de cabinete medicale, Proprietate publica, Bacau, 20563 MUNICIPIUL ONESTI, Anul 2024, Numar, 0
Alte tipuri de cabinete medicale, Proprietate publica, Bacau, 20778 ORAS BUHUSI, Anul 2024, Numar, 0
Alte tipuri de cabinete medicale, Proprietate publica, Bacau, 20821 ORAS COMANESTI, Anul 2024, Numar, 0
Alte tipuri de cabinete medicale, Proprietate publica, Bacau, 22166 ORAS DARMANESTI, Anul 2024, Numar, 0
Alte tipuri de cabinete medicale, Proprietate publica, Bacau, 20910 ORAS SLANIC-MOLDOVA, Anul 2024, Numar, 0
Alte tipuri de cabinete medicale, Proprietate publica, Bacau, 20965 ORAS TARGU OCNA, Anul 2024, Numar, 1
Alte tipuri de cabinete medicale, Proprietate publica, Bacau, 21007 AGAS, Anul 2024, Numar, 0
Alte tipuri de cabinete medicale, Proprietate publica, Bacau, 21098 ARDEOANI, Anul 2024, Numar, 0
Alte tipuri de cabinete medicale, Proprietate publica, Bacau, 21123 ASAU, Anul 2024, Numar, 0
Alte tipuri de cabinete medicale, Proprietate publica, Bacau, 21196 BALCANI, Anul 2024, Numar, 0
Alte tipuri de cabinete medicale, Proprietate publica, Bacau, 21454 BARSANESTI, Anul 2024, Numar, 0
Alte tipuri de cabinete medicale, Proprietate publica, Bacau, 21249 BERESTI-BISTRITA, Anul 2024, Numar, 0
Alte tipuri de cabinete medicale, Proprietate publica, Bacau, 21338 BERESTI-TAZLAU, Anul 2024, Numar, 0
Alte tipuri de cabinete medicale, Proprietate publica, Bacau, 21418 BERZUNTI, Anul 2024, Numar, 0
Alte tipuri de cabinete medicale, Proprietate publica, Bacau, 21506 BLAGESTI, Anul 2024, Numar, 0
Alte tipuri de cabinete medicale, Proprietate publica, Bacau, 21560 BOGDANESTI, Anul 2024, Numar, 0
Alte tipuri de cabinete medicale, Proprietate publica, Bacau, 21597 BRUSTUROASA, Anul 2024, Numar, 0
Alte tipuri de cabinete medicale, Proprietate publica, Bacau, 26338 BUCIUMI, Anul 2024, Numar, 0
Alte tipuri de cabinete medicale, Proprietate publica, Bacau, 21668 BUHOCI, Anul 2024, Numar, 0
Alte tipuri de cabinete medicale, Proprietate publica, Bacau, 21757 CAIUTI, Anul 2024, Numar, 0
Alte tipuri de cabinete medicale, Proprietate publica, Bacau, 21720 CASIN, Anul 2024, Numar, 0
Alte tipuri de cabinete medicale, Proprietate publica, Bacau, 21855 CLEJA, Anul 2024, Numar, 0
Alte tipuri de cabinete medicale, Proprietate publica, Bacau, 21891 COLONESTI, Anul 2024, Numar, 0
Alte tipuri de cabinete medicale, Proprietate publica, Bacau, 21971 CORBASCA, Anul 2024, Numar, 0
Alte tipuri de cabinete medicale, Proprietate publica, Bacau, 22059 COTOFANESTI, Anul 2024, Numar, 0
Alte tipuri de cabinete medicale, Proprietate publica, Bacau, 22111 DAMIENESTI, Anul 2024, Numar, 0
Alte tipuri de cabinete medicale, Proprietate publica, Bacau, 22237 DEALU MORII, Anul 2024, Numar, 0
Alte tipuri de cabinete medicale, Proprietate publica, Bacau, 22380 DOFTEANA, Anul 2024, Numar, 0
Alte tipuri de cabinete medicale, Proprietate publica, Bacau, 22460 FARAOANI, Anul 2024, Numar, 0
Alte tipuri de cabinete medicale, Proprietate publica, Bacau, 22488 FILIPENI, Anul 2024, Numar, 0
Alte tipuri de cabinete medicale, Proprietate publica, Bacau, 22576 FILIPESTI, Anul 2024, Numar, 0
Alte tipuri de cabinete medicale, Proprietate publica, Bacau, 22665 GAICEANA, Anul 2024, Numar, 0
Alte tipuri de cabinete medicale, Proprietate publica, Bacau, 22781 GARLENI, Anul 2024, Numar, 0
Alte tipuri de cabinete medicale, Proprietate publica, Bacau, 22718 GHIMES-FAGET, Anul 2024, Numar, 0
Alte tipuri de cabinete medicale, Proprietate publica, Bacau, 26346 GIOSENI, Anul 2024, Numar, 0
Alte tipuri de cabinete medicale, Proprietate publica, Bacau, 22834 GLAVANESTI, Anul 2024, Numar, 0
Alte tipuri de cabinete medicale, Proprietate publica, Bacau, 20607 GURA VAII, Anul 2024, Numar, 0
Alte tipuri de cabinete medicale, Proprietate publica, Bacau, 22898 HELEGIU, Anul 2024, Numar, 0
Alte tipuri de cabinete medicale, Proprietate publica, Bacau, 20313 HEMEIUS, Anul 2024, Numar, 0
Alte tipuri de cabinete medicale, Proprietate publica, Bacau, 22941 HORGESTI, Anul 2024, Numar, 0
Alte tipuri de cabinete medicale, Proprietate publica, Bacau, 23047 HURUIESTI, Anul 2024, Numar, 0
Alte tipuri de cabinete medicale, Proprietate publica, Bacau, 26379 ITESTI, Anul 2024, Numar, 0
Alte tipuri de cabinete medicale, Proprietate publica, Bacau, 23127 IZVORU BERHECIULUI, Anul 2024, Numar, 0
Alte tipuri de cabinete medicale, Proprietate publica, Bacau, 20359 LETEA VECHE, Anul 2024, Numar, 0
Alte tipuri de cabinete medicale, Proprietate publica, Bacau, 23207 LIPOVA, Anul 2024, Numar, 0
Alte tipuri de cabinete medicale, Proprietate publica, Bacau, 23289 LIVEZI, Anul 2024, Numar, 0
Alte tipuri de cabinete medicale, Proprietate publica, Bacau, 23350 LUIZI-CALUGARA, Anul 2024, Numar, 0
Alte tipuri de cabinete medicale, Proprietate publica, Bacau, 23387 MAGIRESTI, Anul 2024, Numar, 0
Alte tipuri de cabinete medicale, Proprietate publica, Bacau, 20411 MAGURA, Anul 2024, Numar, 0
Alte tipuri de cabinete medicale, Proprietate publica, Bacau, 23449 MANASTIREA CASIN, Anul 2024, Numar, 0
Alte tipuri de cabinete medicale, Proprietate publica, Bacau, 20466 MARGINENI, Anul 2024, Numar, 0
Alte tipuri de cabinete medicale, Proprietate publica, Bacau, 23494 MOTOSENI, Anul 2024, Numar, 0
Alte tipuri de cabinete medicale, Proprietate publica, Bacau, 23644 NEGRI, Anul 2024, Numar, 0
Alte tipuri de cabinete medicale, Proprietate publica, Bacau, 23715 NICOLAE BALCESCU, Anul 2024, Numar, 0
Alte tipuri de cabinete medicale, Proprietate publica, Bacau, 26353 ODOBESTI, Anul 2024, Numar, 0
Alte tipuri de cabinete medicale, Proprietate publica, Bacau, 23797 OITUZ, Anul 2024, Numar, 0
Alte tipuri de cabinete medicale, Proprietate publica, Bacau, 23868 ONCESTI, Anul 2024, Numar, 0
Alte tipuri de cabinete medicale, Proprietate publica, Bacau, 23948 ORBENI, Anul 2024, Numar, 0
Alte tipuri de cabinete medicale, Proprietate publica, Bacau, 23975 PALANCA, Anul 2024, Numar, 0
Alte tipuri de cabinete medicale, Proprietate publica, Bacau, 24187 PANCESTI, Anul 2024, Numar, 0
Alte tipuri de cabinete medicale, Proprietate publica, Bacau, 24034 PARAVA, Anul 2024, Numar, 0
Alte tipuri de cabinete medicale, Proprietate publica, Bacau, 24276 PARGARESTI, Anul 2024, Numar, 0
Alte tipuri de cabinete medicale, Proprietate publica, Bacau, 24089 PARINCEA, Anul 2024, Numar, 0
Alte tipuri de cabinete medicale, Proprietate publica, Bacau, 24338 PARJOL, Anul 2024, Numar, 0
Alte tipuri de cabinete medicale, Proprietate publica, Bacau, 24427 PLOPANA, Anul 2024, Numar, 0
Alte tipuri de cabinete medicale, Proprietate publica, Bacau, 24524 PODU TURCULUI, Anul 2024, Numar, 0
Alte tipuri de cabinete medicale, Proprietate publica, Bacau, 24631 PODURI, Anul 2024, Numar, 0
Alte tipuri de cabinete medicale, Proprietate publica, Bacau, 26361 PRAJESTI, Anul 2024, Numar, 0
Alte tipuri de cabinete medicale, Proprietate publica, Bacau, 24766 RACACIUNI, Anul 2024, Numar, 0
Alte tipuri de cabinete medicale, Proprietate publica, Bacau, 24837 RACHITOASA, Anul 2024, Numar, 0
Alte tipuri de cabinete medicale, Proprietate publica, Bacau, 24711 RACOVA, Anul 2024, Numar, 0
Alte tipuri de cabinete medicale, Proprietate publica, Bacau, 24999 ROSIORI, Anul 2024, Numar, 0
Alte tipuri de cabinete medicale, Proprietate publica, Bacau, 25148 SANDULENI, Anul 2024, Numar, 0
Alte tipuri de cabinete medicale, Proprietate publica, Bacau, 26320 SARATA, Anul 2024, Numar, 0
Alte tipuri de cabinete medicale, Proprietate publica, Bacau, 25068 SASCUT, Anul 2024, Numar, 0
Alte tipuri de cabinete medicale, Proprietate publica, Bacau, 25228 SAUCESTI, Anul 2024, Numar, 0
Alte tipuri de cabinete medicale, Proprietate publica, Bacau, 25291 SCORTENI, Anul 2024, Numar, 0
Alte tipuri de cabinete medicale, Proprietate publica, Bacau, 25362 SECUIENI, Anul 2024, Numar, 0
Alte tipuri de cabinete medicale, Proprietate publica, Bacau, 25488 SOLONT, Anul 2024, Numar, 0
Alte tipuri de cabinete medicale, Proprietate publica, Bacau, 25521 STANISESTI, Anul 2024, Numar, 0
Alte tipuri de cabinete medicale, Proprietate publica, Bacau, 20670 STEFAN CEL MARE, Anul 2024, Numar, 0
Alte tipuri de cabinete medicale, Proprietate publica, Bacau, 25629 STRUGARI, Anul 2024, Numar, 0
Alte tipuri de cabinete medicale, Proprietate publica, Bacau, 25692 TAMASI, Anul 2024, Numar, 0
Alte tipuri de cabinete medicale, Proprietate publica, Bacau, 25825 TARGU TROTUS, Anul 2024, Numar, 0
Alte tipuri de cabinete medicale, Proprietate publica, Bacau, 25745 TATARASTI, Anul 2024, Numar, 0
Alte tipuri de cabinete medicale, Proprietate publica, Bacau, 25861 TRAIAN, Anul 2024, Numar, 0
Alte tipuri de cabinete medicale, Proprietate publica, Bacau, 25932 UNGURENI, Anul 2024, Numar, 0
Alte tipuri de cabinete medicale, Proprietate publica, Bacau, 26029 URECHESTI, Anul 2024, Numar, 0
Alte tipuri de cabinete medicale, Proprietate publica, Bacau, 26083 VALEA SEACA, Anul 2024, Numar, 0
Alte tipuri de cabinete medicale, Proprietate publica, Bacau, 26118 VULTURENI, Anul 2024, Numar, 0
Alte tipuri de cabinete medicale, Proprietate publica, Bacau, 26289 ZEMES, Anul 2024, Numar, 0
Alte tipuri de cabinete medicale, Proprietate privata, Bacau, 20297 MUNICIPIUL BACAU, Anul 2024, Numar, 2
Alte tipuri de cabinete medicale, Proprietate privata, Bacau, 20876 MUNICIPIUL MOINESTI, Anul 2024, Numar, 0
Alte tipuri de cabinete medicale, Proprietate privata, Bacau, 20563 MUNICIPIUL ONESTI, Anul 2024, Numar, 0
Alte tipuri de cabinete medicale, Proprietate privata, Bacau, 20778 ORAS BUHUSI, Anul 2024, Numar, 0
Alte tipuri de cabinete medicale, Proprietate privata, Bacau, 20821 ORAS COMANESTI, Anul 2024, Numar, 0
Alte tipuri de cabinete medicale, Proprietate privata, Bacau, 22166 ORAS DARMANESTI, Anul 2024, Numar, 0
Alte tipuri de cabinete medicale, Proprietate privata, Bacau, 20910 ORAS SLANIC-MOLDOVA, Anul 2024, Numar, 0
Alte tipuri de cabinete medicale, Proprietate privata, Bacau, 20965 ORAS TARGU OCNA, Anul 2024, Numar, 0
Alte tipuri de cabinete medicale, Proprietate privata, Bacau, 21007 AGAS, Anul 2024, Numar, 0
Alte tipuri de cabinete medicale, Proprietate privata, Bacau, 21098 ARDEOANI, Anul 2024, Numar, 0
Alte tipuri de cabinete medicale, Proprietate privata, Bacau, 21123 ASAU, Anul 2024, Numar, 0
Alte tipuri de cabinete medicale, Proprietate privata, Bacau, 21196 BALCANI, Anul 2024, Numar, 0
Alte tipuri de cabinete medicale, Proprietate privata, Bacau, 21454 BARSANESTI, Anul 2024, Numar, 0
Alte tipuri de cabinete medicale, Proprietate privata, Bacau, 21249 BERESTI-BISTRITA, Anul 2024, Numar, 0
Alte tipuri de cabinete medicale, Proprietate privata, Bacau, 21338 BERESTI-TAZLAU, Anul 2024, Numar, 0
Alte tipuri de cabinete medicale, Proprietate privata, Bacau, 21418 BERZUNTI, Anul 2024, Numar, 0
Alte tipuri de cabinete medicale, Proprietate privata, Bacau, 21506 BLAGESTI, Anul 2024, Numar, 0
Alte tipuri de cabinete medicale, Proprietate privata, Bacau, 21560 BOGDANESTI, Anul 2024, Numar, 0
Alte tipuri de cabinete medicale, Proprietate privata, Bacau, 21597 BRUSTUROASA, Anul 2024, Numar, 0
Alte tipuri de cabinete medicale, Proprietate privata, Bacau, 26338 BUCIUMI, Anul 2024, Numar, 0
Alte tipuri de cabinete medicale, Proprietate privata, Bacau, 21668 BUHOCI, Anul 2024, Numar, 0
Alte tipuri de cabinete medicale, Proprietate privata, Bacau, 21757 CAIUTI, Anul 2024, Numar, 0
Alte tipuri de cabinete medicale, Proprietate privata, Bacau, 21720 CASIN, Anul 2024, Numar, 0
Alte tipuri de cabinete medicale, Proprietate privata, Bacau, 21855 CLEJA, Anul 2024, Numar, 0
Alte tipuri de cabinete medicale, Proprietate privata, Bacau, 21891 COLONESTI, Anul 2024, Numar, 0
Alte tipuri de cabinete medicale, Proprietate privata, Bacau, 21971 CORBASCA, Anul 2024, Numar, 0
Alte tipuri de cabinete medicale, Proprietate privata, Bacau, 22059 COTOFANESTI, Anul 2024, Numar, 0
Alte tipuri de cabinete medicale, Proprietate privata, Bacau, 22111 DAMIENESTI, Anul 2024, Numar, 0
Alte tipuri de cabinete medicale, Proprietate privata, Bacau, 22237 DEALU MORII, Anul 2024, Numar, 0
Alte tipuri de cabinete medicale, Proprietate privata, Bacau, 22380 DOFTEANA, Anul 2024, Numar, 0
Alte tipuri de cabinete medicale, Proprietate privata, Bacau, 22460 FARAOANI, Anul 2024, Numar, 0
Alte tipuri de cabinete medicale, Proprietate privata, Bacau, 22488 FILIPENI, Anul 2024, Numar, 0
Alte tipuri de cabinete medicale, Proprietate privata, Bacau, 22576 FILIPESTI, Anul 2024, Numar, 0
Alte tipuri de cabinete medicale, Proprietate privata, Bacau, 22665 GAICEANA, Anul 2024, Numar, 0
Alte tipuri de cabinete medicale, Proprietate privata, Bacau, 22781 GARLENI, Anul 2024, Numar, 0
Alte tipuri de cabinete medicale, Proprietate privata, Bacau, 22718 GHIMES-FAGET, Anul 2024, Numar, 0
Alte tipuri de cabinete medicale, Proprietate privata, Bacau, 26346 GIOSENI, Anul 2024, Numar, 0
Alte tipuri de cabinete medicale, Proprietate privata, Bacau, 22834 GLAVANESTI, Anul 2024, Numar, 0
Alte tipuri de cabinete medicale, Proprietate privata, Bacau, 20607 GURA VAII, Anul 2024, Numar, 0
Alte tipuri de cabinete medicale, Proprietate privata, Bacau, 22898 HELEGIU, Anul 2024, Numar, 0
Alte tipuri de cabinete medicale, Proprietate privata, Bacau, 20313 HEMEIUS, Anul 2024, Numar, 1
Alte tipuri de cabinete medicale, Proprietate privata, Bacau, 22941 HORGESTI, Anul 2024, Numar, 0
Alte tipuri de cabinete medicale, Proprietate privata, Bacau, 23047 HURUIESTI, Anul 2024, Numar, 0
Alte tipuri de cabinete medicale, Proprietate privata, Bacau, 26379 ITESTI, Anul 2024, Numar, 0
Alte tipuri de cabinete medicale, Proprietate privata, Bacau, 23127 IZVORU BERHECIULUI, Anul 2024, Numar, 0
Alte tipuri de cabinete medicale, Proprietate privata, Bacau, 20359 LETEA VECHE, Anul 2024, Numar, 0
Alte tipuri de cabinete medicale, Proprietate privata, Bacau, 23207 LIPOVA, Anul 2024, Numar, 0
Alte tipuri de cabinete medicale, Proprietate privata, Bacau, 23289 LIVEZI, Anul 2024, Numar, 0
Alte tipuri de cabinete medicale, Proprietate privata, Bacau, 23350 LUIZI-CALUGARA, Anul 2024, Numar, 0
Alte tipuri de cabinete medicale, Proprietate privata, Bacau, 23387 MAGIRESTI, Anul 2024, Numar, 0
Alte tipuri de cabinete medicale, Proprietate privata, Bacau, 20411 MAGURA, Anul 2024, Numar, 0
Alte tipuri de cabinete medicale, Proprietate privata, Bacau, 23449 MANASTIREA CASIN, Anul 2024, Numar, 0
Alte tipuri de cabinete medicale, Proprietate privata, Bacau, 20466 MARGINENI, Anul 2024, Numar, 0
Alte tipuri de cabinete medicale, Proprietate privata, Bacau, 23494 MOTOSENI, Anul 2024, Numar, 0
Alte tipuri de cabinete medicale, Proprietate privata, Bacau, 23644 NEGRI, Anul 2024, Numar, 0
Alte tipuri de cabinete medicale, Proprietate privata, Bacau, 23715 NICOLAE BALCESCU, Anul 2024, Numar, 0
Alte tipuri de cabinete medicale, Proprietate privata, Bacau, 26353 ODOBESTI, Anul 2024, Numar, 0
Alte tipuri de cabinete medicale, Proprietate privata, Bacau, 23797 OITUZ, Anul 2024, Numar, 0
Alte tipuri de cabinete medicale, Proprietate privata, Bacau, 23868 ONCESTI, Anul 2024, Numar, 0
Alte tipuri de cabinete medicale, Proprietate privata, Bacau, 23948 ORBENI, Anul 2024, Numar, 0
Alte tipuri de cabinete medicale, Proprietate privata, Bacau, 23975 PALANCA, Anul 2024, Numar, 0
Alte tipuri de cabinete medicale, Proprietate privata, Bacau, 24187 PANCESTI, Anul 2024, Numar, 0
Alte tipuri de cabinete medicale, Proprietate privata, Bacau, 24034 PARAVA, Anul 2024, Numar, 0
Alte tipuri de cabinete medicale, Proprietate privata, Bacau, 24276 PARGARESTI, Anul 2024, Numar, 0
Alte tipuri de cabinete medicale, Proprietate privata, Bacau, 24089 PARINCEA, Anul 2024, Numar, 0
Alte tipuri de cabinete medicale, Proprietate privata, Bacau, 24338 PARJOL, Anul 2024, Numar, 0
Alte tipuri de cabinete medicale, Proprietate privata, Bacau, 24427 PLOPANA, Anul 2024, Numar, 0
Alte tipuri de cabinete medicale, Proprietate privata, Bacau, 24524 PODU TURCULUI, Anul 2024, Numar, 0
Alte tipuri de cabinete medicale, Proprietate privata, Bacau, 24631 PODURI, Anul 2024, Numar, 0
Alte tipuri de cabinete medicale, Proprietate privata, Bacau, 26361 PRAJESTI, Anul 2024, Numar, 0
Alte tipuri de cabinete medicale, Proprietate privata, Bacau, 24766 RACACIUNI, Anul 2024, Numar, 0
Alte tipuri de cabinete medicale, Proprietate privata, Bacau, 24837 RACHITOASA, Anul 2024, Numar, 0
Alte tipuri de cabinete medicale, Proprietate privata, Bacau, 24711 RACOVA, Anul 2024, Numar, 0
Alte tipuri de cabinete medicale, Proprietate privata, Bacau, 24999 ROSIORI, Anul 2024, Numar, 0
Alte tipuri de cabinete medicale, Proprietate privata, Bacau, 25148 SANDULENI, Anul 2024, Numar, 0
Alte tipuri de cabinete medicale, Proprietate privata, Bacau, 26320 SARATA, Anul 2024, Numar, 0
Alte tipuri de cabinete medicale, Proprietate privata, Bacau, 25068 SASCUT, Anul 2024, Numar, 0
Alte tipuri de cabinete medicale, Proprietate privata, Bacau, 25228 SAUCESTI, Anul 2024, Numar, 0
Alte tipuri de cabinete medicale, Proprietate privata, Bacau, 25291 SCORTENI, Anul 2024, Numar, 0
Alte tipuri de cabinete medicale, Proprietate privata, Bacau, 25362 SECUIENI, Anul 2024, Numar, 0
Alte tipuri de cabinete medicale, Proprietate privata, Bacau, 25488 SOLONT, Anul 2024, Numar, 0
Alte tipuri de cabinete medicale, Proprietate privata, Bacau, 25521 STANISESTI, Anul 2024, Numar, 0
Alte tipuri de cabinete medicale, Proprietate privata, Bacau, 20670 STEFAN CEL MARE, Anul 2024, Numar, 0
Alte tipuri de cabinete medicale, Proprietate privata, Bacau, 25629 STRUGARI, Anul 2024, Numar, 0
Alte tipuri de cabinete medicale, Proprietate privata, Bacau, 25692 TAMASI, Anul 2024, Numar, 0
Alte tipuri de cabinete medicale, Proprietate privata, Bacau, 25825 TARGU TROTUS, Anul 2024, Numar, 0
Alte tipuri de cabinete medicale, Proprietate privata, Bacau, 25745 TATARASTI, Anul 2024, Numar, 0
Alte tipuri de cabinete medicale, Proprietate privata, Bacau, 25861 TRAIAN, Anul 2024, Numar, 0
Alte tipuri de cabinete medicale, Proprietate privata, Bacau, 25932 UNGURENI, Anul 2024, Numar, 0
Alte tipuri de cabinete medicale, Proprietate privata, Bacau, 26029 URECHESTI, Anul 2024, Numar, 0
Alte tipuri de cabinete medicale, Proprietate privata, Bacau, 26083 VALEA SEACA, Anul 2024, Numar, 0
Alte tipuri de cabinete medicale, Proprietate privata, Bacau, 26118 VULTURENI, Anul 2024, Numar, 0
Alte tipuri de cabinete medicale, Proprietate privata, Bacau, 26289 ZEMES, Anul 2024, Numar, 0
